{"version":2,"count":527308,"means":{"mins":[-7.5847856691352815,-7.540165427538231,-6.628396705579353],"maxs":[7.589005555167607,7.5876708362151595,7.584682451185341],"files":["means_l.webp","means_u.webp"]},"scales":{"codebook":[-9.998612403869629,-9.94726276397705,-9.88680648803711,-9.826177597045898,-9.767313957214355,-9.70944595336914,-9.650507926940918,-9.59179401397705,-9.533788681030273,-9.476625442504883,-9.41893196105957,-9.361502647399902,-9.30430793762207,-9.246277809143066,-9.188529014587402,-9.130311012268066,-9.07238483428955,-9.01455020904541,-8.957876205444336,-8.89924144744873,-8.841909408569336,-8.783590316772461,-8.724601745605469,-8.664801597595215,-8.605866432189941,-8.54702091217041,-8.488502502441406,-8.431962013244629,-8.374656677246094,-8.317387580871582,-8.259448051452637,-8.201597213745117,-8.143132209777832,-8.084959983825684,-8.02729606628418,-7.968719959259033,-7.910107612609863,-7.852355480194092,-7.793902397155762,-7.7358832359313965,-7.677989482879639,-7.619217872619629,-7.56131649017334,-7.504095554351807,-7.446056842803955,-7.3878068923950195,-7.328877925872803,-7.271000385284424,-7.213040828704834,-7.154230117797852,-7.094869136810303,-7.035500526428223,-6.976666450500488,-6.917929172515869,-6.860727787017822,-6.802859306335449,-6.744493007659912,-6.687414169311523,-6.631004810333252,-6.573990821838379,-6.516160488128662,-6.456982612609863,-6.398431301116943,-6.340737819671631,-6.282802581787109,-6.224942684173584,-6.166645050048828,-6.108296871185303,-6.051795482635498,-5.993688583374023,-5.935508728027344,-5.877193927764893,-5.817997455596924,-5.759281158447266,-5.701013565063477,-5.643072605133057,-5.585112571716309,-5.526846408843994,-5.468536853790283,-5.411401271820068,-5.354135990142822,-5.297008514404297,-5.239360809326172,-5.18100643157959,-5.122514247894287,-5.063412666320801,-5.005377292633057,-4.947305679321289,-4.8892316818237305,-4.831334590911865,-4.7726898193359375,-4.7137675285339355,-4.655723571777344,-4.597570896148682,-4.538877964019775,-4.480802536010742,-4.422037601470947,-4.364356517791748,-4.306790828704834,-4.249194145202637,-4.191527843475342,-4.1347551345825195,-4.0792694091796875,-4.025521755218506,-3.9750709533691406,-3.9268956184387207,-3.8795955181121826,-3.8313047885894775,-3.780444383621216,-3.7265231609344482,-3.670259714126587,-3.6131551265716553,-3.5549871921539307,-3.4971654415130615,-3.4393982887268066,-3.3827059268951416,-3.3263633251190186,-3.271653413772583,-3.219698667526245,-3.170814275741577,-3.124601364135742,-3.0794520378112793,-3.0348098278045654,-2.991208076477051,-2.948380470275879,-2.9070074558258057,-2.8656466007232666,-2.8231754302978516,-2.7784576416015625,-2.731215715408325,-2.680204391479492,-2.6261584758758545,-2.569122791290283,-2.51116943359375,-2.4536352157592773,-2.3960793018341064,-2.3383567333221436,-2.2799336910247803,-2.2210323810577393,-2.1626088619232178,-2.105370044708252,-2.052276372909546,-2.0054612159729004,-1.9496753215789795,-1.8973480463027954,-1.8486707210540771,-1.8026996850967407,-1.756963849067688,-1.711558222770691,-1.6652697324752808,-1.6186962127685547,-1.5696090459823608,-1.5185859203338623,-1.4645464420318604,-1.4084738492965698,-1.3518046140670776,-1.2944416999816895,-1.235818862915039,-1.1778796911239624,-1.120142936706543,-1.0616246461868286,-1.0028365850448608,-0.9457224011421204,-0.8879067897796631,-0.8290457725524902,-0.7707168459892273,-0.7134312391281128,-0.657833456993103,-0.5989537239074707,-0.5381751656532288,-0.48038873076438904,-0.4232484996318817,-0.3648178279399872,-0.30656057596206665,-0.24918146431446075,-0.1916457712650299,-0.1342611163854599,-0.0756431445479393,-0.016202418133616447,0.04080194979906082,0.1001955196261406,0.155241459608078,0.21156743168830872,0.27095603942871094,0.33012935519218445,0.3856528401374817,0.44605669379234314,0.5075324177742004,0.5632867813110352,0.6215337514877319,0.6759186387062073,0.7324113845825195,0.7931913137435913,0.8563020825386047,0.9166650176048279,0.972059428691864,1.0313234329223633,1.0905773639678955,1.148085117340088,1.210170865058899,1.2700910568237305,1.323958158493042,1.3766392469406128,1.4398378133773804,1.4989315271377563,1.5566754341125488,1.61341392993927,1.6759681701660156,1.7299641370773315,1.7847414016723633,1.84758460521698,1.9028006792068481,1.9585130214691162,2.01381254196167,2.0773427486419678,2.1353442668914795,2.191840648651123,2.2572741508483887,2.31484055519104,2.372157096862793,2.429532527923584,2.4832522869110107,2.537214517593384,2.602735996246338,2.663248300552368,2.717466115951538,2.7746925354003906,2.8325300216674805,2.8903965950012207,2.944544792175293,3.0011677742004395,3.06071400642395,3.1122448444366455,3.1700022220611572,3.235215425491333,3.2980458736419678,3.354912519454956,3.4059131145477295,3.454282522201538,3.5131676197052,3.5687742233276367,3.6215853691101074,3.683413505554199,3.7446799278259277,3.8086376190185547,3.8630292415618896,3.926814317703247,3.99334716796875,4.0560760498046875,4.100104331970215,4.164259433746338,4.215115547180176,4.297228813171387,4.367584228515625,4.43373966217041,4.805911064147949],"files":["scales.webp"]},"quats":{"files":["quats.webp"]},