{"version":2,"count":528210,"means":{"mins":[-2.28078089686291,-3.9936410331941654,-6.586458941843514],"maxs":[6.460542302307955,-3.260357196678025,0.8671831273608106],"files":["means_l.webp","means_u.webp"]},"scales":{"codebook":[-9.9981107711792,-9.955113410949707,-9.900469779968262,-9.848334312438965,-9.797301292419434,-9.74593734741211,-9.695158004760742,-9.64604377746582,-9.599784851074219,-9.557343482971191,-9.51663875579834,-9.475592613220215,-9.431365966796875,-9.384370803833008,-9.335058212280273,-9.28594970703125,-9.236016273498535,-9.185355186462402,-9.135577201843262,-9.083466529846191,-9.032370567321777,-8.981935501098633,-8.932126998901367,-8.881084442138672,-8.829177856445312,-8.77787971496582,-8.725164413452148,-8.67381763458252,-8.622100830078125,-8.572564125061035,-8.524527549743652,-8.474579811096191,-8.421727180480957,-8.370516777038574,-8.319336891174316,-8.267765045166016,-8.216426849365234,-8.165908813476562,-8.115696907043457,-8.065425872802734,-8.015071868896484,-7.964411735534668,-7.913203716278076,-7.862486362457275,-7.815197944641113,-7.769042015075684,-7.727526664733887,-7.685789108276367,-7.6435866355896,-7.599331378936768,-7.5522003173828125,-7.503956317901611,-7.454310894012451,-7.4045491218566895,-7.353522300720215,-7.30210018157959,-7.250328540802002,-7.199039459228516,-7.147687911987305,-7.0962395668029785,-7.044772148132324,-6.994254112243652,-6.944080829620361,-6.895547389984131,-6.850073337554932,-6.8080010414123535,-6.768186092376709,-6.730718612670898,-6.694500923156738,-6.657818794250488,-6.619572162628174,-6.578629016876221,-6.535027980804443,-6.489056587219238,-6.441318035125732,-6.394681930541992,-6.350159168243408,-6.307552814483643,-6.266180992126465,-6.222470760345459,-6.176701545715332,-6.129106044769287,-6.079559326171875,-6.029095649719238,-5.978080749511719,-5.927222728729248,-5.876783847808838,-5.825276851654053,-5.774064064025879,-5.72332239151001,-5.6728835105896,-5.62253475189209,-5.57146692276001,-5.520669460296631,-5.4700212478637695,-5.418902397155762,-5.367387771606445,-5.316545486450195,-5.265661716461182,-5.215000629425049,-5.16489839553833,-5.117591381072998,-5.073856830596924,-5.034412860870361,-4.999463081359863,-4.967008590698242,-4.935324192047119,-4.902254581451416,-4.867888927459717,-4.83101749420166,-4.7913336753845215,-4.748886585235596,-4.703344821929932,-4.655885696411133,-4.607782363891602,-4.561214923858643,-4.517656326293945,-4.47833776473999,-4.442775249481201,-4.408835411071777,-4.373812675476074,-4.335755825042725,-4.293581962585449,-4.247255802154541,-4.197998046875,-4.1478495597839355,-4.097360610961914,-4.046770095825195,-3.996196746826172,-3.945687770843506,-3.8961377143859863,-3.848576545715332,-3.8037397861480713,-3.761575222015381,-3.720608711242676,-3.6784024238586426,-3.6334614753723145,-3.5861012935638428,-3.537292242050171,-3.487504482269287,-3.436748504638672,-3.3861851692199707,-3.3347008228302,-3.2839014530181885,-3.2333266735076904,-3.1814723014831543,-3.1305832862854004,-3.0804429054260254,-3.029569625854492,-2.9783923625946045,-2.9275784492492676,-2.876368761062622,-2.825003147125244,-2.7737231254577637,-2.7227933406829834,-2.672555923461914,-2.622175693511963,-2.5709333419799805,-2.520080327987671,-2.4693005084991455,-2.419055700302124,-2.369245767593384,-2.319601058959961,-2.269624710083008,-2.218930959701538,-2.1688475608825684,-2.119485378265381,-2.0723917484283447,-2.0296621322631836,-1.989623785018921,-1.9464874267578125,-1.9019533395767212,-1.8575129508972168,-1.8090912103652954,-1.7594060897827148,-1.7093174457550049,-1.6588178873062134,-1.6091735363006592,-1.560477614402771,-1.5151863098144531,-1.4714773893356323,-1.428262710571289,-1.3857518434524536,-1.3427067995071411,-1.2977700233459473,-1.249548316001892,-1.2027498483657837,-1.153356909751892,-1.102254033088684,-1.0504095554351807,-0.9954885244369507,-0.9411072731018066,-0.8888622522354126,-0.8400038480758667,-0.7875052690505981,-0.737374484539032,-0.6884588599205017,-0.638139009475708,-0.588789701461792,-0.5381569266319275,-0.4906720519065857,-0.4415181875228882,-0.39034515619277954,-0.3354029059410095,-0.279509574174881,-0.22077065706253052,-0.1665654182434082,-0.12016140669584274,-0.07569468021392822,-0.026364004239439964,0.01116666104644537,0.06462790817022324,0.12411656230688095,0.17158468067646027,0.23292745649814606,0.2825416922569275,0.34816715121269226,0.39223363995552063,0.4368249773979187,0.4797128140926361,0.5372279286384583,0.5934561491012573,0.6374750137329102,0.7299752235412598,0.7859488725662231,0.8451507687568665,0.8678728938102722,1.110090970993042,1.144740343093872,1.251807689666748,1.2742855548858643,1.3486398458480835,1.4071030616760254,1.4479352235794067,1.5273499488830566,1.5648155212402344,1.6169912815093994,1.6749725341796875,1.7285139560699463,1.7796058654785156,1.807302713394165,1.8650401830673218,1.9205617904663086,1.9619144201278687,2.035121440887451,2.0661137104034424,2.125833034515381,2.1530957221984863,2.1953394412994385,2.268281936645508,2.294131278991699,2.4132754802703857,2.468285322189331,2.618967056274414,2.799025774002075,2.977902412414551],"files":["scales.webp"]},"quats":{"files":["quats.webp"]},