{"version":2,"count":11389,"means":{"mins":[-0.34879252238500935,-3.0075552825557823,2.950964066460753],"maxs":[7.560914200924568,7.5135496046887615,7.599615254495888],"files":["means_l.webp","means_u.webp"]},"scales":{"codebook":[-9.845338821411133,-9.815391540527344,-9.71334457397461,-9.688458442687988,-9.602243423461914,-9.570003509521484,-9.519248008728027,-9.448312759399414,-9.37378978729248,-9.323895454406738,-9.2025785446167,-8.999785423278809,-8.930320739746094,-8.867067337036133,-8.805665016174316,-8.758048057556152,-8.690598487854004,-8.628303527832031,-8.591856002807617,-8.513031959533691,-8.455802917480469,-8.417067527770996,-8.363363265991211,-8.31525707244873,-8.2506685256958,-8.181388854980469,-8.114175796508789,-8.059556007385254,-8.00251293182373,-7.941397190093994,-7.892616271972656,-7.847503662109375,-7.7837700843811035,-7.739180088043213,-7.659228324890137,-7.599172592163086,-7.555630207061768,-7.489913463592529,-7.435121059417725,-7.380105018615723,-7.32192850112915,-7.258201599121094,-7.19896125793457,-7.140390872955322,-7.074459075927734,-7.027766227722168,-6.9739789962768555,-6.916290760040283,-6.859179496765137,-6.798341274261475,-6.739029884338379,-6.687042713165283,-6.629770278930664,-6.56188440322876,-6.514050483703613,-6.461315155029297,-6.394159317016602,-6.347942352294922,-6.297709941864014,-6.238927841186523,-6.181440830230713,-6.113038063049316,-6.05849027633667,-6.012066841125488,-5.959829330444336,-5.9112372398376465,-5.856853008270264,-5.810286998748779,-5.762492656707764,-5.704831600189209,-5.65401554107666,-5.5944695472717285,-5.541067600250244,-5.486231803894043,-5.423150062561035,-5.364787578582764,-5.3084564208984375,-5.244001388549805,-5.192843437194824,-5.133316516876221,-5.076621055603027,-5.015807151794434,-4.95818567276001,-4.895822525024414,-4.836894512176514,-4.784664154052734,-4.732927322387695,-4.67691707611084,-4.621399402618408,-4.572992324829102,-4.510042190551758,-4.452267646789551,-4.392018795013428,-4.3311381340026855,-4.269400596618652,-4.210446834564209,-4.1544623374938965,-4.098109245300293,-4.036537170410156,-3.9830985069274902,-3.9276561737060547,-3.873054027557373,-3.8130197525024414,-3.755080461502075,-3.70308780670166,-3.645848512649536,-3.58901309967041,-3.531873941421509,-3.4712135791778564,-3.4146788120269775,-3.3676211833953857,-3.325111150741577,-3.280263900756836,-3.233024835586548,-3.1807901859283447,-3.1250131130218506,-3.064972162246704,-3.0040781497955322,-2.942747116088867,-2.8886916637420654,-2.83471941947937,-2.7806525230407715,-2.724431276321411,-2.6690573692321777,-2.6170175075531006,-2.5707523822784424,-2.5239291191101074,-2.48109769821167,-2.4342193603515625,-2.387979745864868,-2.342858076095581,-2.2979142665863037,-2.2516045570373535,-2.2028393745422363,-2.1500213146209717,-2.0943284034729004,-2.0368666648864746,-1.981047511100769,-1.9235135316848755,-1.8641281127929688,-1.8042985200881958,-1.745774269104004,-1.6910735368728638,-1.6346666812896729,-1.5776560306549072,-1.5152424573898315,-1.4588901996612549,-1.4033087491989136,-1.3475003242492676,-1.2950135469436646,-1.2383971214294434,-1.1789225339889526,-1.1175674200057983,-1.056097149848938,-0.9975090622901917,-0.9424996376037598,-0.8927372097969055,-0.8432709574699402,-0.7950612902641296,-0.7493239045143127,-0.6996185183525085,-0.6469959020614624,-0.5979107618331909,-0.5466856956481934,-0.49766555428504944,-0.4491683542728424,-0.4011227488517761,-0.35756707191467285,-0.3154158294200897,-0.26738184690475464,-0.2134842872619629,-0.15436995029449463,-0.09343572705984116,-0.031742434948682785,0.02171904966235161,0.08447285741567612,0.15088769793510437,0.20315690338611603,0.2631760835647583,0.3188265860080719,0.37953752279281616,0.4246625304222107,0.47400522232055664,0.5365627408027649,0.6123112440109253,0.6752180457115173,0.7306070923805237,0.7821691036224365,0.8401495814323425,0.8960251212120056,0.9543991088867188,1.0100839138031006,1.0733643770217896,1.133847951889038,1.1970913410186768,1.2589685916900635,1.3153815269470215,1.364723563194275,1.4123018980026245,1.4689730405807495,1.5301642417907715,1.5863714218139648,1.6455122232437134,1.7030670642852783,1.7576216459274292,1.8049007654190063,1.8450793027877808,1.884879231452942,1.9334396123886108,1.9821925163269043,2.025683879852295,2.06618595123291,2.110039234161377,2.1605618000030518,2.219268560409546,2.275672674179077,2.332184076309204,2.3832881450653076,2.429666757583618,2.469785451889038,2.5135626792907715,2.5664572715759277,2.622807025909424,2.674954652786255,2.7320780754089355,2.7890632152557373,2.8453164100646973,2.9020488262176514,2.955230712890625,3.0073373317718506,3.069652557373047,3.1281590461730957,3.184401512145996,3.246634006500244,3.3069851398468018,3.3610916137695312,3.4219541549682617,3.475245475769043,3.531682252883911,3.587393283843994,3.639925718307495,3.691166639328003,3.7654781341552734,3.823209285736084,3.874202251434326,3.9209372997283936,3.9817631244659424,4.0457000732421875,4.114840984344482,4.140216827392578,4.225738048553467,4.274747848510742,4.327367782592773,4.42213773727417,4.511288642883301,4.798471450805664],"files":["scales.webp"]},"quats":{"files":["quats.webp"]},