{"version":2,"count":772595,"means":{"mins":[3.024596059440676,-4.452377150428824,-0.9670363313480173],"maxs":[3.279926453127695,-4.259233410226811,3.001499550158339],"files":["means_l.webp","means_u.webp"]},"scales":{"codebook":[-9.998805046081543,-9.968476295471191,-9.925264358520508,-9.883480072021484,-9.842434883117676,-9.802338600158691,-9.761808395385742,-9.72116470336914,-9.682535171508789,-9.642963409423828,-9.602293014526367,-9.562333106994629,-9.522303581237793,-9.483580589294434,-9.4445219039917,-9.4048490524292,-9.365842819213867,-9.325752258300781,-9.285860061645508,-9.246431350708008,-9.207574844360352,-9.167984962463379,-9.129080772399902,-9.089731216430664,-9.050536155700684,-9.011266708374023,-8.970856666564941,-8.931005477905273,-8.890791893005371,-8.850854873657227,-8.811299324035645,-8.771632194519043,-8.731565475463867,-8.691302299499512,-8.651199340820312,-8.61119270324707,-8.571321487426758,-8.531936645507812,-8.492085456848145,-8.453298568725586,-8.413991928100586,-8.374488830566406,-8.33517074584961,-8.295098304748535,-8.255707740783691,-8.216184616088867,-8.176227569580078,-8.13631820678711,-8.096704483032227,-8.057149887084961,-8.01723861694336,-7.97749137878418,-7.937171459197998,-7.897214889526367,-7.857338905334473,-7.818188190460205,-7.7783918380737305,-7.739381313323975,-7.700470924377441,-7.661149024963379,-7.621451377868652,-7.5816874504089355,-7.54206657409668,-7.502250671386719,-7.461897373199463,-7.421942234039307,-7.382650852203369,-7.342784881591797,-7.303523540496826,-7.263800621032715,-7.224782943725586,-7.185524940490723,-7.146500110626221,-7.106997966766357,-7.0669379234313965,-7.026988983154297,-6.986791610717773,-6.946643352508545,-6.907590866088867,-6.869320392608643,-6.832701683044434,-6.798664093017578,-6.765707015991211,-6.7332329750061035,-6.700150489807129,-6.664976119995117,-6.627338409423828,-6.58899450302124,-6.549816608428955,-6.510519027709961,-6.470968246459961,-6.431887149810791,-6.393148422241211,-6.3554606437683105,-6.319790840148926,-6.286287307739258,-6.253655910491943,-6.22080135345459,-6.186671733856201,-6.15089225769043,-6.113307952880859,-6.074950695037842,-6.037261962890625,-6.000682830810547,-5.965582370758057,-5.93250846862793,-5.899988651275635,-5.86689567565918,-5.832451820373535,-5.795799255371094,-5.757406711578369,-5.718225955963135,-5.678521156311035,-5.6389970779418945,-5.599421977996826,-5.559939384460449,-5.520411968231201,-5.480842590332031,-5.441592216491699,-5.402836799621582,-5.365665912628174,-5.330408573150635,-5.296836853027344,-5.264269828796387,-5.231531620025635,-5.197645664215088,-5.161691665649414,-5.123927593231201,-5.084744453430176,-5.045213222503662,-5.005711555480957,-4.966274261474609,-4.926656246185303,-4.887719631195068,-4.849146842956543,-4.811679840087891,-4.77618408203125,-4.742517948150635,-4.709961891174316,-4.676872730255127,-4.642353534698486,-4.605947494506836,-4.56868314743042,-4.530458450317383,-4.491224765777588,-4.451535224914551,-4.412304878234863,-4.374122142791748,-4.337651252746582,-4.303035736083984,-4.270729064941406,-4.239904403686523,-4.209761619567871,-4.179969310760498,-4.149951934814453,-4.118926048278809,-4.086313724517822,-4.051401138305664,-4.014674186706543,-3.9764647483825684,-3.9375317096710205,-3.898110866546631,-3.8600947856903076,-3.8241732120513916,-3.7893452644348145,-3.75675892829895,-3.7238929271698,-3.6906254291534424,-3.655749797821045,-3.61836576461792,-3.580289840698242,-3.5406978130340576,-3.500246047973633,-3.4600183963775635,-3.4207234382629395,-3.3812897205352783,-3.34226393699646,-3.3027145862579346,-3.263350486755371,-3.2241275310516357,-3.184828519821167,-3.144653081893921,-3.1044793128967285,-3.0638480186462402,-3.023623466491699,-2.9844353199005127,-2.946007490158081,-2.9072024822235107,-2.867318630218506,-2.8276479244232178,-2.787235736846924,-2.7475407123565674,-2.707491636276245,-2.6683619022369385,-2.6282095909118652,-2.5878686904907227,-2.5482242107391357,-2.50901460647583,-2.470602512359619,-2.4307258129119873,-2.390540599822998,-2.350857734680176,-2.310537576675415,-2.271657943725586,-2.23030161857605,-2.1908440589904785,-2.151296615600586,-2.111940383911133,-2.075288772583008,-2.038334846496582,-2.0025007724761963,-1.9601008892059326,-1.9183297157287598,-1.8783665895462036,-1.8382151126861572,-1.7985788583755493,-1.7554877996444702,-1.7171880006790161,-1.6802459955215454,-1.6412092447280884,-1.6025294065475464,-1.5629812479019165,-1.5230660438537598,-1.4861741065979004,-1.4430272579193115,-1.402775764465332,-1.360076665878296,-1.3195990324020386,-1.277471899986267,-1.2410211563110352,-1.2060699462890625,-1.165272831916809,-1.1212639808654785,-1.0782835483551025,-1.045061469078064,-1.0059782266616821,-0.9713706970214844,-0.9295464158058167,-0.8846144080162048,-0.8349655270576477,-0.7910878658294678,-0.7575305700302124,-0.7174949049949646,-0.6890283823013306,-0.6514103412628174,-0.6085684895515442,-0.5702690482139587,-0.5205506682395935,-0.4684866666793823,-0.44702789187431335,-0.4101853370666504,-0.34880009293556213,-0.2768721878528595,-0.19971995055675507,-0.032153625041246414,0.10813568532466888],"files":["scales.webp"]},"quats":{"files":["quats.webp"]},