{"version":2,"count":541242,"means":{"mins":[1.1656378624729506,-4.6789984853787585,-1.0080917860821565],"maxs":[2.669493040332352,-3.892148697401343,3.028320481609077],"files":["means_l.webp","means_u.webp"]},"scales":{"codebook":[-9.999346733093262,-9.981183052062988,-9.949949264526367,-9.911324501037598,-9.867690086364746,-9.822832107543945,-9.777314186096191,-9.732961654663086,-9.688048362731934,-9.643061637878418,-9.598648071289062,-9.554851531982422,-9.511113166809082,-9.468361854553223,-9.427586555480957,-9.389581680297852,-9.35307788848877,-9.315917015075684,-9.278816223144531,-9.238346099853516,-9.196161270141602,-9.152229309082031,-9.108580589294434,-9.063982009887695,-9.019157409667969,-8.97528076171875,-8.930407524108887,-8.885072708129883,-8.840031623840332,-8.795404434204102,-8.75101089477539,-8.706808090209961,-8.662784576416016,-8.618494033813477,-8.574572563171387,-8.529462814331055,-8.484794616699219,-8.439624786376953,-8.395149230957031,-8.351380348205566,-8.307037353515625,-8.262285232543945,-8.217585563659668,-8.173316955566406,-8.129157066345215,-8.084716796875,-8.03964900970459,-7.994856834411621,-7.949870586395264,-7.905001163482666,-7.86097526550293,-7.815548419952393,-7.7704010009765625,-7.725982189178467,-7.681802749633789,-7.637127876281738,-7.5927510261535645,-7.547021865844727,-7.5026936531066895,-7.458387851715088,-7.414397239685059,-7.370256423950195,-7.326445579528809,-7.281600475311279,-7.2364654541015625,-7.191223621368408,-7.1468305587768555,-7.101388454437256,-7.056271553039551,-7.0115647315979,-6.967499256134033,-6.923610687255859,-6.879319190979004,-6.8352952003479,-6.790828227996826,-6.746250152587891,-6.701399326324463,-6.657052040100098,-6.612408638000488,-6.567753791809082,-6.522878646850586,-6.477611541748047,-6.432423114776611,-6.388354778289795,-6.344115257263184,-6.299915313720703,-6.255186557769775,-6.210262775421143,-6.165280818939209,-6.1197004318237305,-6.075305461883545,-6.03044319152832,-5.98628044128418,-5.942206382751465,-5.897498607635498,-5.8530120849609375,-5.808263301849365,-5.763591289520264,-5.719203948974609,-5.67519998550415,-5.6325364112854,-5.59140157699585,-5.553238391876221,-5.517378330230713,-5.483493804931641,-5.450407028198242,-5.417619705200195,-5.384006500244141,-5.348842620849609,-5.311241149902344,-5.271279811859131,-5.228688716888428,-5.185084342956543,-5.140965938568115,-5.097636699676514,-5.056275367736816,-5.016865253448486,-4.9791436195373535,-4.9434590339660645,-4.909262657165527,-4.875391960144043,-4.841104984283447,-4.806473255157471,-4.770647048950195,-4.732405185699463,-4.6921539306640625,-4.649759769439697,-4.60626220703125,-4.561895847320557,-4.517476558685303,-4.472961902618408,-4.428128242492676,-4.383396148681641,-4.339214324951172,-4.294628143310547,-4.250051975250244,-4.205348014831543,-4.160605430603027,-4.116328239440918,-4.072127342224121,-4.027856349945068,-3.983823537826538,-3.9394454956054688,-3.8953371047973633,-3.8520283699035645,-3.810102939605713,-3.770620346069336,-3.733506441116333,-3.697413444519043,-3.6603219509124756,-3.621023416519165,-3.579746961593628,-3.5368781089782715,-3.492807149887085,-3.447937488555908,-3.40358567237854,-3.3591220378875732,-3.3145806789398193,-3.2705726623535156,-3.2271804809570312,-3.184638023376465,-3.143841505050659,-3.105168581008911,-3.0684726238250732,-3.0322303771972656,-2.9939956665039062,-2.9544029235839844,-2.9123635292053223,-2.869180202484131,-2.825232744216919,-2.7808542251586914,-2.7358837127685547,-2.691004753112793,-2.6469199657440186,-2.6025474071502686,-2.5582473278045654,-2.514368772506714,-2.4689979553222656,-2.4240756034851074,-2.379758358001709,-2.335298776626587,-2.289090394973755,-2.2435684204101562,-2.196986436843872,-2.1499180793762207,-2.1028640270233154,-2.05600643157959,-2.012202739715576,-1.97420072555542,-1.9336318969726562,-1.8906999826431274,-1.847216248512268,-1.803748607635498,-1.7597087621688843,-1.7147579193115234,-1.668941617012024,-1.6235345602035522,-1.5782567262649536,-1.5334594249725342,-1.488031268119812,-1.4429033994674683,-1.3977583646774292,-1.3530299663543701,-1.310537576675415,-1.2650543451309204,-1.218512773513794,-1.173895239830017,-1.131896734237671,-1.0862234830856323,-1.0418498516082764,-0.998950719833374,-0.9572335481643677,-0.9138960838317871,-0.8686133623123169,-0.819211483001709,-0.7775236368179321,-0.7328563332557678,-0.6871694922447205,-0.6453794836997986,-0.5999870896339417,-0.5533095598220825,-0.5012251138687134,-0.4593715965747833,-0.4190881848335266,-0.3712849020957947,-0.32301533222198486,-0.284266859292984,-0.24737487733364105,-0.20109382271766663,-0.1557084023952484,-0.10454069077968597,-0.060225170105695724,-0.024390792474150658,0.014835148118436337,0.06720525771379471,0.11232558637857437,0.1486549973487854,0.18871119618415833,0.22440005838871002,0.2750817537307739,0.3463079035282135,0.3786594271659851,0.4181862473487854,0.4742671549320221,0.5361356735229492,0.5622859597206116,0.6752842664718628,0.6758122444152832,0.7303853034973145,0.8427726626396179,0.9211121201515198,0.9433349967002869,1.0575813055038452,1.0848952531814575,1.1344267129898071,1.3665521144866943],"files":["scales.webp"]},"quats":{"files":["quats.webp"]},