{"version":2,"count":671084,"means":{"mins":[-7.543452362829044,-3.0123118844683763,-6.6423786510898335],"maxs":[6.588999011869828,7.4920985901572585,7.564494929231437],"files":["means_l.webp","means_u.webp"]},"scales":{"codebook":[-9.997347831726074,-9.946128845214844,-9.884648323059082,-9.825032234191895,-9.767594337463379,-9.710577011108398,-9.653043746948242,-9.5950288772583,-9.537386894226074,-9.48058032989502,-9.422850608825684,-9.36461353302002,-9.306286811828613,-9.247661590576172,-9.191481590270996,-9.135636329650879,-9.078673362731934,-9.02055835723877,-8.962197303771973,-8.90383529663086,-8.84605598449707,-8.789016723632812,-8.73180103302002,-8.674344062805176,-8.61638355255127,-8.558732986450195,-8.501274108886719,-8.443429946899414,-8.38614273071289,-8.32919979095459,-8.27232837677002,-8.215103149414062,-8.158090591430664,-8.100055694580078,-8.042500495910645,-7.984386444091797,-7.927341938018799,-7.8700408935546875,-7.811995983123779,-7.753612041473389,-7.6954026222229,-7.636915683746338,-7.57984733581543,-7.52248477935791,-7.464621543884277,-7.4080891609191895,-7.351101398468018,-7.293301105499268,-7.235110759735107,-7.177851676940918,-7.120214939117432,-7.0615363121032715,-7.002867698669434,-6.94320011138916,-6.883484363555908,-6.82412052154541,-6.766099452972412,-6.710962295532227,-6.6582722663879395,-6.606065273284912,-6.552431583404541,-6.4961652755737305,-6.436740875244141,-6.376181125640869,-6.315797805786133,-6.256528854370117,-6.198642253875732,-6.140939235687256,-6.083168029785156,-6.025401592254639,-5.967740058898926,-5.910730838775635,-5.853180408477783,-5.795017719268799,-5.737581253051758,-5.679919719696045,-5.622368812561035,-5.564680099487305,-5.507126331329346,-5.449644565582275,-5.391717433929443,-5.3341546058654785,-5.276689052581787,-5.219559192657471,-5.162396430969238,-5.104632377624512,-5.047001361846924,-4.989617824554443,-4.931992053985596,-4.8745832443237305,-4.81721305847168,-4.759607315063477,-4.702040195465088,-4.644711494445801,-4.587710380554199,-4.53071403503418,-4.473358631134033,-4.415907382965088,-4.35824728012085,-4.3005218505859375,-4.2424821853637695,-4.184167385101318,-4.126338958740234,-4.068786144256592,-4.011401176452637,-3.953934669494629,-3.8963377475738525,-3.8388376235961914,-3.7815842628479004,-3.724482536315918,-3.6678450107574463,-3.6106832027435303,-3.553016185760498,-3.4957950115203857,-3.438239336013794,-3.3805348873138428,-3.3229517936706543,-3.265524387359619,-3.2083351612091064,-3.150861978530884,-3.0937271118164062,-3.036327362060547,-2.9786267280578613,-2.920405149459839,-2.862732172012329,-2.805203676223755,-2.74812650680542,-2.691425085067749,-2.6338655948638916,-2.5755934715270996,-2.517521619796753,-2.460033893585205,-2.402594804763794,-2.345046281814575,-2.287773609161377,-2.230376720428467,-2.1729869842529297,-2.114197254180908,-2.0578179359436035,-2.0040504932403564,-1.944960117340088,-1.8860695362091064,-1.82742440700531,-1.7685482501983643,-1.7105717658996582,-1.653273582458496,-1.5949316024780273,-1.5379174947738647,-1.4800957441329956,-1.4212990999221802,-1.3628685474395752,-1.3058892488479614,-1.2508043050765991,-1.1962640285491943,-1.1406283378601074,-1.0831587314605713,-1.0233111381530762,-0.9635511636734009,-0.9050526022911072,-0.845319926738739,-0.7877342700958252,-0.7262976169586182,-0.6691228747367859,-0.6161062121391296,-0.560059130191803,-0.5015534162521362,-0.4435732364654541,-0.38128462433815,-0.3263006806373596,-0.27096056938171387,-0.21981409192085266,-0.16524386405944824,-0.10634481906890869,-0.04638310894370079,0.013669907115399837,0.07467644661664963,0.13193389773368835,0.19236330687999725,0.2500336766242981,0.31060531735420227,0.37198182940483093,0.4315229654312134,0.4880279004573822,0.5458831191062927,0.6017033457756042,0.6571076512336731,0.7127224802970886,0.770351231098175,0.8295159339904785,0.886141836643219,0.9462800621986389,1.0033693313598633,1.0536596775054932,1.1091787815093994,1.1712722778320312,1.2353475093841553,1.2940720319747925,1.3500151634216309,1.4053882360458374,1.463454008102417,1.5199002027511597,1.5768139362335205,1.6333203315734863,1.6877866983413696,1.7409800291061401,1.8014849424362183,1.8599934577941895,1.9181995391845703,1.977326512336731,2.041361093521118,2.096677541732788,2.1541073322296143,2.213240385055542,2.2694246768951416,2.319270372390747,2.372365713119507,2.429020404815674,2.489048957824707,2.5505754947662354,2.6064138412475586,2.6702969074249268,2.728935956954956,2.7846133708953857,2.8396244049072266,2.8981692790985107,2.9585225582122803,3.0130486488342285,3.06793212890625,3.118896245956421,3.1831178665161133,3.2399866580963135,3.2951459884643555,3.3470611572265625,3.4068171977996826,3.461301803588867,3.5196735858917236,3.578425168991089,3.639866590499878,3.7063868045806885,3.7616066932678223,3.814889669418335,3.865492343902588,3.917832612991333,3.97428035736084,4.0351152420043945,4.092340469360352,4.177577495574951,4.234072685241699,4.272446632385254,4.322083950042725,4.39826774597168,4.427816867828369,4.506783485412598,4.541652202606201,4.615416526794434,4.68285608291626],"files":["scales.webp"]},"quats":{"files":["quats.webp"]},