{"version":2,"count":526147,"means":{"mins":[3.0245993023293805,-4.788505874271199,-0.9810655575061543],"maxs":[3.446522952750716,-4.259232331953785,3.0600888647674624],"files":["means_l.webp","means_u.webp"]},"scales":{"codebook":[-9.998516082763672,-9.968066215515137,-9.921297073364258,-9.873796463012695,-9.828109741210938,-9.783027648925781,-9.739526748657227,-9.696945190429688,-9.653539657592773,-9.61099624633789,-9.568387985229492,-9.525221824645996,-9.48247241973877,-9.43883228302002,-9.39578914642334,-9.35278034210205,-9.309459686279297,-9.266555786132812,-9.224427223205566,-9.183618545532227,-9.14486312866211,-9.107512474060059,-9.072139739990234,-9.037421226501465,-9.000773429870605,-8.961324691772461,-8.919050216674805,-8.876748085021973,-8.833698272705078,-8.791842460632324,-8.749348640441895,-8.706624984741211,-8.663416862487793,-8.62089729309082,-8.577654838562012,-8.534221649169922,-8.491181373596191,-8.448025703430176,-8.405110359191895,-8.362630844116211,-8.318735122680664,-8.273900032043457,-8.230367660522461,-8.187065124511719,-8.144639015197754,-8.102396965026855,-8.059283256530762,-8.016112327575684,-7.972640514373779,-7.929440498352051,-7.8860273361206055,-7.842741966247559,-7.799520015716553,-7.757491588592529,-7.714807033538818,-7.671132564544678,-7.628273010253906,-7.585096836090088,-7.542144775390625,-7.498747825622559,-7.455757141113281,-7.412123203277588,-7.368204116821289,-7.324710369110107,-7.281459331512451,-7.238520622253418,-7.1960129737854,-7.153355121612549,-7.110204219818115,-7.067328453063965,-7.023453712463379,-6.9803361892700195,-6.937524318695068,-6.894101619720459,-6.851120948791504,-6.808355808258057,-6.765371799468994,-6.722177982330322,-6.678920269012451,-6.635742664337158,-6.5921478271484375,-6.549393653869629,-6.5066237449646,-6.463307857513428,-6.41994571685791,-6.376580238342285,-6.33366584777832,-6.290889739990234,-6.248023986816406,-6.205140590667725,-6.162602424621582,-6.120202541351318,-6.077864646911621,-6.03699254989624,-5.99754524230957,-5.9603471755981445,-5.924405574798584,-5.888904094696045,-5.8522233963012695,-5.813145160675049,-5.77238655090332,-5.7302165031433105,-5.687443733215332,-5.64435338973999,-5.601589202880859,-5.558584213256836,-5.515688419342041,-5.472733974456787,-5.429742336273193,-5.386828422546387,-5.343438148498535,-5.300471782684326,-5.257540702819824,-5.214321136474609,-5.171686172485352,-5.128848075866699,-5.086935520172119,-5.046527862548828,-5.008252143859863,-4.9720377922058105,-4.936637878417969,-4.900970458984375,-4.863352298736572,-4.823810577392578,-4.782545566558838,-4.740026950836182,-4.697157382965088,-4.654191970825195,-4.611036777496338,-4.568004608154297,-4.524383544921875,-4.481072425842285,-4.4378557205200195,-4.395529270172119,-4.35318660736084,-4.310070514678955,-4.2667670249938965,-4.223344326019287,-4.180150508880615,-4.137033939361572,-4.093854904174805,-4.0509209632873535,-4.007864475250244,-3.96501088142395,-3.922093152999878,-3.8790788650512695,-3.836815118789673,-3.7949752807617188,-3.754530429840088,-3.715761661529541,-3.6792736053466797,-3.643914222717285,-3.608045816421509,-3.570668935775757,-3.53112530708313,-3.48980712890625,-3.4464378356933594,-3.4039008617401123,-3.3609652519226074,-3.31766414642334,-3.2742960453033447,-3.2310092449188232,-3.1877753734588623,-3.143956422805786,-3.101665735244751,-3.0596957206726074,-3.0167222023010254,-2.974292039871216,-2.931151866912842,-2.8881990909576416,-2.8455851078033447,-2.801952838897705,-2.7585532665252686,-2.7153360843658447,-2.67116379737854,-2.62876296043396,-2.5853848457336426,-2.541111946105957,-2.4974257946014404,-2.454801559448242,-2.412144184112549,-2.369503974914551,-2.3262534141540527,-2.283238649368286,-2.240239143371582,-2.1982429027557373,-2.1534245014190674,-2.110618829727173,-2.069824695587158,-2.031402111053467,-1.9945610761642456,-1.9450559616088867,-1.897675633430481,-1.8529584407806396,-1.8082351684570312,-1.7645968198776245,-1.7213943004608154,-1.6784305572509766,-1.6350778341293335,-1.5917366743087769,-1.5491305589675903,-1.507429599761963,-1.4651139974594116,-1.4228014945983887,-1.3789918422698975,-1.3369723558425903,-1.2934173345565796,-1.2491977214813232,-1.2043039798736572,-1.160895824432373,-1.118150234222412,-1.0748594999313354,-1.0307260751724243,-0.9904532432556152,-0.94700688123703,-0.9034150838851929,-0.8593239784240723,-0.815850555896759,-0.7745238542556763,-0.7314621806144714,-0.6910199522972107,-0.649009108543396,-0.6037720441818237,-0.5622766613960266,-0.5227086544036865,-0.4765276610851288,-0.43629953265190125,-0.3907732367515564,-0.3498955965042114,-0.2990638017654419,-0.25389808416366577,-0.21498413383960724,-0.18114958703517914,-0.13970841467380524,-0.08868677169084549,-0.04770861566066742,0.0025546422693878412,0.04388942942023277,0.10058993101119995,0.14168398082256317,0.17446346580982208,0.22237050533294678,0.2552177309989929,0.2906085252761841,0.32774871587753296,0.3815632462501526,0.4150071144104004,0.4818585216999054,0.5248025059700012,0.561549186706543,0.6164626479148865,0.6926267147064209,0.7312220931053162,0.8869220614433289,0.9527788758277893,0.9949208498001099],"files":["scales.webp"]},"quats":{"files":["quats.webp"]},