{"version":2,"count":268168,"means":{"mins":[1.922482991838955,-2.638499683401973,-1.0219604953642378],"maxs":[5.045383607664837,4.905319197482271,3.5468463388816374],"files":["means_l.webp","means_u.webp"]},"scales":{"codebook":[-9.99896240234375,-9.946343421936035,-9.895251274108887,-9.848309516906738,-9.797704696655273,-9.750418663024902,-9.703293800354004,-9.654991149902344,-9.606918334960938,-9.560032844543457,-9.514069557189941,-9.466912269592285,-9.416810989379883,-9.367615699768066,-9.316884994506836,-9.2670316696167,-9.217787742614746,-9.169482231140137,-9.12110424041748,-9.073603630065918,-9.025994300842285,-8.977876663208008,-8.928638458251953,-8.878194808959961,-8.830339431762695,-8.782411575317383,-8.733135223388672,-8.684144020080566,-8.634831428527832,-8.585247993469238,-8.536561012268066,-8.489238739013672,-8.442769050598145,-8.395133972167969,-8.345050811767578,-8.295187950134277,-8.246147155761719,-8.197650909423828,-8.148855209350586,-8.100632667541504,-8.051453590393066,-8.00330924987793,-7.956208229064941,-7.907880783081055,-7.858253479003906,-7.808980464935303,-7.758113861083984,-7.709907054901123,-7.661620616912842,-7.6142191886901855,-7.564770221710205,-7.515957355499268,-7.466867923736572,-7.418789863586426,-7.37096643447876,-7.3234028816223145,-7.2738471031188965,-7.222737789154053,-7.174351692199707,-7.12600564956665,-7.07756233215332,-7.028799057006836,-6.9815826416015625,-6.933078289031982,-6.884101390838623,-6.8337812423706055,-6.785449981689453,-6.737985610961914,-6.6921281814575195,-6.648355960845947,-6.607892036437988,-6.567873954772949,-6.52661657333374,-6.484506130218506,-6.438992023468018,-6.392374038696289,-6.345191478729248,-6.2960944175720215,-6.249131679534912,-6.200680732727051,-6.15144681930542,-6.103569030761719,-6.054396629333496,-6.005209445953369,-5.956917762756348,-5.907436370849609,-5.859775066375732,-5.811565399169922,-5.7627177238464355,-5.71262264251709,-5.662975788116455,-5.614395618438721,-5.566744804382324,-5.519781589508057,-5.471121311187744,-5.420856475830078,-5.371495723724365,-5.321169376373291,-5.272613525390625,-5.224597930908203,-5.176560401916504,-5.128513813018799,-5.079708576202393,-5.03142786026001,-4.983223915100098,-4.933949947357178,-4.885604381561279,-4.836787700653076,-4.786548614501953,-4.7375054359436035,-4.688155651092529,-4.6392340660095215,-4.5904412269592285,-4.540945053100586,-4.492419719696045,-4.44486665725708,-4.397706508636475,-4.350398540496826,-4.304305076599121,-4.25991678237915,-4.217649936676025,-4.177299976348877,-4.137350559234619,-4.095809459686279,-4.05264139175415,-4.007298469543457,-3.959970235824585,-3.9111452102661133,-3.8623366355895996,-3.81368088722229,-3.7654764652252197,-3.717505693435669,-3.669598340988159,-3.6226325035095215,-3.577847480773926,-3.535658121109009,-3.4950802326202393,-3.4552597999572754,-3.4149539470672607,-3.371476650238037,-3.3247246742248535,-3.2768797874450684,-3.2287511825561523,-3.179877281188965,-3.131005048751831,-3.082709550857544,-3.034529447555542,-2.9859938621520996,-2.937284469604492,-2.888735055923462,-2.840095043182373,-2.791334390640259,-2.7434017658233643,-2.6957225799560547,-2.6484482288360596,-2.602201223373413,-2.5589816570281982,-2.517632484436035,-2.477884531021118,-2.437443971633911,-2.3950908184051514,-2.350177764892578,-2.303403615951538,-2.255706548690796,-2.2074592113494873,-2.1584768295288086,-2.10939884185791,-2.0606751441955566,-2.0114753246307373,-1.963598370552063,-1.9151326417922974,-1.866866111755371,-1.8181450366973877,-1.7695496082305908,-1.7214692831039429,-1.6732187271118164,-1.624948501586914,-1.5760091543197632,-1.5265588760375977,-1.4779688119888306,-1.4296143054962158,-1.3812861442565918,-1.3332219123840332,-1.2849173545837402,-1.2359737157821655,-1.1870907545089722,-1.1385712623596191,-1.0899763107299805,-1.0418047904968262,-0.992900013923645,-0.9438977837562561,-0.8947608470916748,-0.8456690907478333,-0.7972996830940247,-0.7484577894210815,-0.7005161046981812,-0.6519451141357422,-0.6033156514167786,-0.5553461313247681,-0.5060285329818726,-0.4580415189266205,-0.40991833806037903,-0.36109769344329834,-0.31310126185417175,-0.2647221088409424,-0.21638865768909454,-0.1672855019569397,-0.11694604903459549,-0.06875111162662506,-0.02196371555328369,0.02597692795097828,0.07430104911327362,0.1240084245800972,0.17203855514526367,0.21943819522857666,0.26726922392845154,0.3175215721130371,0.3674652576446533,0.41694819927215576,0.4670996367931366,0.5167824625968933,0.5682860016822815,0.6162762641906738,0.6634765267372131,0.7135738730430603,0.7609811425209045,0.8126912117004395,0.8614107966423035,0.9110225439071655,0.9589414000511169,1.0064417123794556,1.0518027544021606,1.1009714603424072,1.1537636518478394,1.2013823986053467,1.2505501508712769,1.2971165180206299,1.345890998840332,1.3855940103530884,1.4335321187973022,1.4907054901123047,1.5429784059524536,1.5885385274887085,1.6403058767318726,1.6842269897460938,1.7478926181793213,1.7855982780456543,1.8125965595245361,1.878185749053955,1.9294521808624268,1.9881200790405273,2.0236470699310303,2.0615289211273193,2.169804334640503,2.197960376739502,2.4186220169067383],"files":["scales.webp"]},"quats":{"files":["quats.webp"]},