{"version":2,"count":544017,"means":{"mins":[2.669493172487461,-4.173188090661984,-0.9650724945916981],"maxs":[3.024595874132433,-3.8921491643536497,-0.2120922452760044],"files":["means_l.webp","means_u.webp"]},"scales":{"codebook":[-9.998730659484863,-9.973779678344727,-9.935193061828613,-9.8944091796875,-9.856406211853027,-9.818551063537598,-9.782111167907715,-9.746713638305664,-9.71117877960205,-9.675446510314941,-9.639703750610352,-9.603161811828613,-9.567805290222168,-9.53141975402832,-9.495341300964355,-9.459051132202148,-9.422834396362305,-9.385699272155762,-9.34875774383545,-9.313225746154785,-9.277063369750977,-9.240915298461914,-9.205072402954102,-9.168944358825684,-9.133225440979004,-9.097245216369629,-9.061531066894531,-9.024887084960938,-8.989165306091309,-8.954546928405762,-8.91850757598877,-8.88253402709961,-8.845847129821777,-8.809962272644043,-8.774428367614746,-8.738676071166992,-8.702191352844238,-8.665596961975098,-8.629332542419434,-8.593240737915039,-8.5575532913208,-8.521985054016113,-8.486151695251465,-8.448925018310547,-8.412202835083008,-8.375381469726562,-8.338640213012695,-8.302358627319336,-8.267060279846191,-8.231881141662598,-8.196094512939453,-8.159838676452637,-8.123516082763672,-8.087332725524902,-8.050549507141113,-8.0148344039917,-7.978601455688477,-7.943088531494141,-7.906927585601807,-7.871300220489502,-7.835367679595947,-7.798218250274658,-7.762603759765625,-7.726297855377197,-7.690779209136963,-7.654634475708008,-7.618540287017822,-7.582795143127441,-7.546525955200195,-7.510097503662109,-7.473774433135986,-7.438792705535889,-7.405270099639893,-7.372084617614746,-7.340297222137451,-7.310215473175049,-7.2806220054626465,-7.250345230102539,-7.218287944793701,-7.184333324432373,-7.148672580718994,-7.112828254699707,-7.076951026916504,-7.040870189666748,-7.004946708679199,-6.969300746917725,-6.933271408081055,-6.896711349487305,-6.860795974731445,-6.824930667877197,-6.78893518447876,-6.752559185028076,-6.715887546539307,-6.680042266845703,-6.643816947937012,-6.607194423675537,-6.571256637573242,-6.535085201263428,-6.498786449432373,-6.462257385253906,-6.42627477645874,-6.390369415283203,-6.354633808135986,-6.318480014801025,-6.282425403594971,-6.246058940887451,-6.210114002227783,-6.173695087432861,-6.137416839599609,-6.10133695602417,-6.065705299377441,-6.02985143661499,-5.99394416809082,-5.95802116394043,-5.9218854904174805,-5.886260986328125,-5.850486755371094,-5.814774036407471,-5.778857707977295,-5.742785930633545,-5.706449508666992,-5.6701340675354,-5.633898735046387,-5.597731113433838,-5.561791896820068,-5.526305198669434,-5.490634918212891,-5.454433441162109,-5.418562412261963,-5.382116317749023,-5.345726490020752,-5.30919075012207,-5.273144245147705,-5.23770809173584,-5.20210075378418,-5.16711950302124,-5.132884502410889,-5.099897384643555,-5.068328857421875,-5.0381927490234375,-5.008696556091309,-4.978087425231934,-4.946008682250977,-4.912214279174805,-4.877139091491699,-4.8415327072143555,-4.8059468269348145,-4.769976615905762,-4.734051704406738,-4.698116302490234,-4.6620917320251465,-4.626142978668213,-4.589781761169434,-4.553868770599365,-4.517871379852295,-4.481739521026611,-4.445625305175781,-4.409531116485596,-4.374287128448486,-4.33829927444458,-4.302160263061523,-4.2656450271606445,-4.229333877563477,-4.193095684051514,-4.156503200531006,-4.120936870574951,-4.085244655609131,-4.049466133117676,-4.013952255249023,-3.97733211517334,-3.9414303302764893,-3.9052224159240723,-3.869077205657959,-3.8328969478607178,-3.7965633869171143,-3.760688066482544,-3.7251265048980713,-3.6895265579223633,-3.6536262035369873,-3.6173079013824463,-3.580760955810547,-3.5437228679656982,-3.5076212882995605,-3.4717047214508057,-3.435688018798828,-3.3986761569976807,-3.36234712600708,-3.326882839202881,-3.2912261486053467,-3.256129026412964,-3.2190983295440674,-3.182756185531616,-3.147390365600586,-3.1112916469573975,-3.073765754699707,-3.037644863128662,-3.0026018619537354,-2.9671740531921387,-2.932373046875,-2.896052360534668,-2.8591878414154053,-2.8212673664093018,-2.785522222518921,-2.750566005706787,-2.7135024070739746,-2.6763339042663574,-2.642305612564087,-2.6051268577575684,-2.56856632232666,-2.53338885307312,-2.4979326725006104,-2.4624886512756348,-2.424617290496826,-2.387768507003784,-2.3541557788848877,-2.3186261653900146,-2.2813565731048584,-2.2445247173309326,-2.209340810775757,-2.1733436584472656,-2.1398656368255615,-2.103384494781494,-2.0677878856658936,-2.0320935249328613,-1.9968044757843018,-1.9592007398605347,-1.920546293258667,-1.8883020877838135,-1.8498172760009766,-1.8122782707214355,-1.7781410217285156,-1.7414048910140991,-1.7071659564971924,-1.6708033084869385,-1.6301947832107544,-1.5926222801208496,-1.5609444379806519,-1.5230457782745361,-1.4840917587280273,-1.4470583200454712,-1.4079985618591309,-1.3758456707000732,-1.344283938407898,-1.3098784685134888,-1.2674397230148315,-1.2350244522094727,-1.20163094997406,-1.1608147621154785,-1.13076913356781,-1.1069897413253784,-1.0696849822998047,-1.0289108753204346,-0.9805129766464233,-0.9086567163467407,-0.8760671615600586,-0.8004745841026306],"files":["scales.webp"]},"quats":{"files":["quats.webp"]},