{"version":2,"count":524350,"means":{"mins":[-4.878432770737899,-3.8921479969724744,-1.1305547205635509],"maxs":[2.499542038305082,5.106531609499582,3.1827845300418804],"files":["means_l.webp","means_u.webp"]},"scales":{"codebook":[-9.998478889465332,-9.957515716552734,-9.904271125793457,-9.84896183013916,-9.795114517211914,-9.742466926574707,-9.691060066223145,-9.639383316040039,-9.5878324508667,-9.536201477050781,-9.484734535217285,-9.43372917175293,-9.382204055786133,-9.330570220947266,-9.278277397155762,-9.225974082946777,-9.174214363098145,-9.122529029846191,-9.070795059204102,-9.020589828491211,-8.96853256225586,-8.91637897491455,-8.86502742767334,-8.814557075500488,-8.763505935668945,-8.713186264038086,-8.665794372558594,-8.621664047241211,-8.577780723571777,-8.536067008972168,-8.493365287780762,-8.448707580566406,-8.401137351989746,-8.350791931152344,-8.299295425415039,-8.248560905456543,-8.196365356445312,-8.144734382629395,-8.092879295349121,-8.041263580322266,-7.989579200744629,-7.938253879547119,-7.886991024017334,-7.836472988128662,-7.785806655883789,-7.73459529876709,-7.683471202850342,-7.633408546447754,-7.586230754852295,-7.54135799407959,-7.499396800994873,-7.457671642303467,-7.414693355560303,-7.367979049682617,-7.319248676300049,-7.268410682678223,-7.217886924743652,-7.165632724761963,-7.113438129425049,-7.062340259552002,-7.0111236572265625,-6.959916591644287,-6.908809661865234,-6.8579206466674805,-6.806077480316162,-6.753395080566406,-6.7013349533081055,-6.649417877197266,-6.597536563873291,-6.546974182128906,-6.498808860778809,-6.454206943511963,-6.411388874053955,-6.369121551513672,-6.326197624206543,-6.281172752380371,-6.233244895935059,-6.1835503578186035,-6.1332597732543945,-6.082569122314453,-6.031434535980225,-5.9801764488220215,-5.928846836090088,-5.878427982330322,-5.8279337882995605,-5.779475212097168,-5.732783317565918,-5.688757419586182,-5.64630651473999,-5.603997707366943,-5.560174942016602,-5.513304233551025,-5.464077472686768,-5.4134955406188965,-5.362331390380859,-5.311188697814941,-5.259922504425049,-5.20849609375,-5.1569719314575195,-5.105345726013184,-5.0536885261535645,-5.002239227294922,-4.951040267944336,-4.899727821350098,-4.847797870635986,-4.796834468841553,-4.747488975524902,-4.700708389282227,-4.656423568725586,-4.613691806793213,-4.571229457855225,-4.527395248413086,-4.481032371520996,-4.4325714111328125,-4.382806777954102,-4.3315958976745605,-4.280419826507568,-4.2287774085998535,-4.177345275878906,-4.127612590789795,-4.079416275024414,-4.033679485321045,-3.990452289581299,-3.949202299118042,-3.90861177444458,-3.8684186935424805,-3.828707218170166,-3.790640354156494,-3.7544920444488525,-3.7191736698150635,-3.683577537536621,-3.645204782485962,-3.6031558513641357,-3.5581858158111572,-3.5131475925445557,-3.4692745208740234,-3.4265120029449463,-3.384871244430542,-3.342466354370117,-3.298386335372925,-3.2510132789611816,-3.2011916637420654,-3.1501777172088623,-3.0996620655059814,-3.0496647357940674,-3.00148606300354,-2.9559853076934814,-2.913296937942505,-2.871936559677124,-2.8314647674560547,-2.7906110286712646,-2.7500057220458984,-2.709446907043457,-2.6671948432922363,-2.6233630180358887,-2.577376127243042,-2.5291974544525146,-2.479853391647339,-2.4283106327056885,-2.3760390281677246,-2.3240966796875,-2.2730751037597656,-2.2202892303466797,-2.1660683155059814,-2.1112265586853027,-2.058494806289673,-2.0107054710388184,-1.9613184928894043,-1.9112459421157837,-1.8595507144927979,-1.8085060119628906,-1.7564778327941895,-1.7042125463485718,-1.6534560918807983,-1.6024880409240723,-1.5514193773269653,-1.5011214017868042,-1.4504210948944092,-1.3993178606033325,-1.3462309837341309,-1.2938690185546875,-1.2435030937194824,-1.1929470300674438,-1.1410154104232788,-1.0875836610794067,-1.0353091955184937,-0.9854384660720825,-0.933893620967865,-0.8827088475227356,-0.8318269848823547,-0.7800188660621643,-0.7272155284881592,-0.6745653748512268,-0.6234186291694641,-0.573473334312439,-0.5226148366928101,-0.4712940454483032,-0.41915884613990784,-0.3667251467704773,-0.3156801164150238,-0.2651944160461426,-0.21454696357250214,-0.16146011650562286,-0.10891781002283096,-0.05863284692168236,-0.008112103678286076,0.04191486909985542,0.09052829444408417,0.14116066694259644,0.19410362839698792,0.2446850687265396,0.297580748796463,0.3488345444202423,0.39943939447402954,0.4486447870731354,0.5024673938751221,0.5564480423927307,0.6126930713653564,0.6697630882263184,0.7237141132354736,0.7727606892585754,0.8217311501502991,0.8685686588287354,0.9229753613471985,0.9732625484466553,1.0219131708145142,1.068701148033142,1.119002103805542,1.1739321947097778,1.2248517274856567,1.2694863080978394,1.3196382522583008,1.3733248710632324,1.4412602186203003,1.4908806085586548,1.5453202724456787,1.5934768915176392,1.6371777057647705,1.6882001161575317,1.7466700077056885,1.7994048595428467,1.8593997955322266,1.9144201278686523,1.939436435699463,2.0193817615509033,2.0763134956359863,2.122939109802246,2.188298225402832,2.2703490257263184,2.330082416534424,2.405015468597412,2.447636604309082,2.5885043144226074,2.786306619644165,2.8610010147094727,3.138075828552246],"files":["scales.webp"]},"quats":{"files":["quats.webp"]},