{"version":2,"count":572163,"means":{"mins":[-3.1445464466517286,-3.270448514425387,-2.0870975821627833],"maxs":[1.8778912247262878,3.2091747618038786,1.9095870086955615],"files":["means_l.webp","means_u.webp"]},"scales":{"codebook":[-9.998417854309082,-9.970248222351074,-9.928205490112305,-9.88174057006836,-9.836679458618164,-9.792312622070312,-9.749738693237305,-9.708434104919434,-9.66616153717041,-9.623636245727539,-9.581504821777344,-9.539451599121094,-9.497479438781738,-9.455378532409668,-9.414189338684082,-9.373085975646973,-9.330709457397461,-9.289632797241211,-9.247562408447266,-9.206131935119629,-9.165268898010254,-9.123571395874023,-9.081253051757812,-9.039420127868652,-8.997962951660156,-8.955551147460938,-8.912848472595215,-8.871498107910156,-8.830270767211914,-8.788064002990723,-8.745640754699707,-8.70349407196045,-8.661109924316406,-8.619927406311035,-8.57871150970459,-8.537283897399902,-8.494842529296875,-8.452230453491211,-8.41016960144043,-8.367972373962402,-8.327195167541504,-8.28592586517334,-8.243945121765137,-8.202672004699707,-8.16067123413086,-8.118226051330566,-8.076470375061035,-8.03429126739502,-7.991750240325928,-7.950507164001465,-7.908860683441162,-7.867990016937256,-7.826456546783447,-7.78479528427124,-7.7432780265808105,-7.700666427612305,-7.657803058624268,-7.615629196166992,-7.573552131652832,-7.5320868492126465,-7.490105152130127,-7.448504447937012,-7.406077861785889,-7.364417552947998,-7.322970867156982,-7.280686378479004,-7.239064693450928,-7.197594165802002,-7.155033588409424,-7.112997055053711,-7.072259902954102,-7.030874729156494,-6.989288330078125,-6.9472761154174805,-6.905462265014648,-6.86319637298584,-6.820438385009766,-6.778714656829834,-6.737254619598389,-6.695243835449219,-6.65425443649292,-6.613523960113525,-6.572429656982422,-6.530397415161133,-6.4878926277160645,-6.445671558380127,-6.404143810272217,-6.3621439933776855,-6.320638656616211,-6.279089450836182,-6.237177848815918,-6.195258140563965,-6.153452396392822,-6.1115899085998535,-6.069601535797119,-6.02778434753418,-5.985458850860596,-5.943212509155273,-5.9012041091918945,-5.859404563903809,-5.816939830780029,-5.774904251098633,-5.733288764953613,-5.690827369689941,-5.649053573608398,-5.606908798217773,-5.564886569976807,-5.523739814758301,-5.482079029083252,-5.440587043762207,-5.399111270904541,-5.357722282409668,-5.316280841827393,-5.275053024291992,-5.233288288116455,-5.191551685333252,-5.149813652038574,-5.108180522918701,-5.066347122192383,-5.025069236755371,-4.9840288162231445,-4.941915035247803,-4.899592399597168,-4.8573102951049805,-4.815476417541504,-4.773646831512451,-4.731138229370117,-4.689036846160889,-4.647120952606201,-4.604977607727051,-4.563063144683838,-4.520618438720703,-4.477967262268066,-4.435700416564941,-4.393522262573242,-4.351777076721191,-4.3112664222717285,-4.271183967590332,-4.230554580688477,-4.189176082611084,-4.147346019744873,-4.1057305335998535,-4.063673496246338,-4.021007061004639,-3.9789085388183594,-3.937270164489746,-3.8954966068267822,-3.8537278175354004,-3.812035322189331,-3.7699856758117676,-3.728050947189331,-3.686439275741577,-3.644705295562744,-3.603445291519165,-3.561516761779785,-3.5197348594665527,-3.4781248569488525,-3.4364795684814453,-3.395116090774536,-3.3535289764404297,-3.3128466606140137,-3.2731006145477295,-3.2354342937469482,-3.199990749359131,-3.165912389755249,-3.131382703781128,-3.0953757762908936,-3.057385206222534,-3.0173232555389404,-2.976365327835083,-2.934847831726074,-2.893303632736206,-2.8521358966827393,-2.811110019683838,-2.7691071033477783,-2.727288246154785,-2.685736894607544,-2.6443610191345215,-2.6029675006866455,-2.5614564418792725,-2.518921375274658,-2.476900815963745,-2.43505597114563,-2.394315481185913,-2.3526625633239746,-2.3110263347625732,-2.268899917602539,-2.226858615875244,-2.183443784713745,-2.1403164863586426,-2.098034381866455,-2.055859088897705,-2.014239549636841,-1.9746766090393066,-1.933153510093689,-1.891029715538025,-1.8490183353424072,-1.8068541288375854,-1.765246033668518,-1.722763180732727,-1.6801493167877197,-1.6389793157577515,-1.5960140228271484,-1.5530611276626587,-1.5124574899673462,-1.4700208902359009,-1.427869439125061,-1.389104962348938,-1.346540093421936,-1.3048640489578247,-1.2648926973342896,-1.224257230758667,-1.18170166015625,-1.1382617950439453,-1.0964921712875366,-1.0539839267730713,-1.010677456855774,-0.9703252911567688,-0.9310925006866455,-0.8913879990577698,-0.8494638800621033,-0.8078488111495972,-0.7654241919517517,-0.7214919328689575,-0.6813696026802063,-0.6349827647209167,-0.5975168943405151,-0.5579096674919128,-0.5125693678855896,-0.4708178639411926,-0.419878214597702,-0.3767642378807068,-0.336892694234848,-0.30596598982810974,-0.25924819707870483,-0.21717840433120728,-0.17087849974632263,-0.1286470890045166,-0.09088943153619766,-0.05135098844766617,-0.004691992420703173,0.03259825333952904,0.08060148358345032,0.11275561153888702,0.1485721468925476,0.2076786309480667,0.24361367523670197,0.2767290472984314,0.3248834013938904,0.3673270344734192,0.4308586120605469,0.4573601484298706,0.5104876160621643,0.5252339243888855,0.5704156756401062,0.6599581837654114],"files":["scales.webp"]},"quats":{"files":["quats.webp"]},