{"version":2,"count":525718,"means":{"mins":[-2.537718700775145,-1.4829868138801114,-1.3479679041816404],"maxs":[4.313078789224896,2.7682347942881376,3.180657782700444],"files":["means_l.webp","means_u.webp"]},"scales":{"codebook":[-9.999136924743652,-9.953088760375977,-9.907175064086914,-9.86117935180664,-9.815567016601562,-9.770661354064941,-9.725224494934082,-9.680864334106445,-9.63717269897461,-9.592268943786621,-9.545516967773438,-9.500787734985352,-9.456121444702148,-9.411036491394043,-9.366446495056152,-9.320253372192383,-9.275189399719238,-9.232842445373535,-9.192116737365723,-9.153544425964355,-9.116443634033203,-9.078611373901367,-9.038454055786133,-8.997123718261719,-8.953644752502441,-8.90990161895752,-8.864631652832031,-8.8186616897583,-8.772910118103027,-8.727973937988281,-8.684606552124023,-8.639639854431152,-8.593287467956543,-8.548623085021973,-8.504016876220703,-8.457874298095703,-8.411896705627441,-8.366329193115234,-8.321171760559082,-8.275691032409668,-8.230156898498535,-8.185723304748535,-8.139762878417969,-8.093935012817383,-8.048577308654785,-8.002609252929688,-7.9564127922058105,-7.911256790161133,-7.867066383361816,-7.822851181030273,-7.777400493621826,-7.7322611808776855,-7.686371803283691,-7.639867782592773,-7.595141887664795,-7.550610065460205,-7.505863666534424,-7.460432529449463,-7.414778709411621,-7.368666648864746,-7.323619365692139,-7.278317928314209,-7.232145309448242,-7.185979843139648,-7.141269683837891,-7.095842361450195,-7.050018787384033,-7.003958702087402,-6.95959997177124,-6.915205001831055,-6.869696617126465,-6.824257850646973,-6.77907657623291,-6.73337984085083,-6.687837600708008,-6.64223575592041,-6.597218990325928,-6.55231237411499,-6.507699012756348,-6.462039947509766,-6.415647983551025,-6.369618892669678,-6.324392318725586,-6.279515743255615,-6.234030246734619,-6.187613487243652,-6.141800880432129,-6.097421646118164,-6.052394866943359,-6.007217884063721,-5.961872100830078,-5.917006015777588,-5.872399806976318,-5.826449871063232,-5.781031608581543,-5.735594272613525,-5.689600467681885,-5.644198894500732,-5.598564147949219,-5.5528693199157715,-5.508148193359375,-5.462757110595703,-5.41740608215332,-5.371226787567139,-5.326193809509277,-5.281298637390137,-5.235661506652832,-5.189919471740723,-5.144492149353027,-5.099638938903809,-5.054731845855713,-5.009605884552002,-4.965099334716797,-4.921553134918213,-4.880157470703125,-4.840747833251953,-4.80307149887085,-4.7657670974731445,-4.727129936218262,-4.6869282722473145,-4.644370079040527,-4.600261211395264,-4.5550432205200195,-4.509701728820801,-4.464671611785889,-4.419162750244141,-4.373963832855225,-4.32855749130249,-4.282936096191406,-4.237388610839844,-4.1919732093811035,-4.1473517417907715,-4.103100776672363,-4.059830665588379,-4.019391059875488,-3.9810409545898438,-3.943866491317749,-3.9065468311309814,-3.867971420288086,-3.8280141353607178,-3.7875373363494873,-3.7475225925445557,-3.709482192993164,-3.6720035076141357,-3.634361505508423,-3.5952656269073486,-3.553684949874878,-3.510629177093506,-3.4665329456329346,-3.421821117401123,-3.377037525177002,-3.3315775394439697,-3.2858688831329346,-3.2408461570739746,-3.196467638015747,-3.1533801555633545,-3.1115851402282715,-3.071977138519287,-3.0339605808258057,-2.996793746948242,-2.9586970806121826,-2.919264078140259,-2.8784632682800293,-2.8372273445129395,-2.796902656555176,-2.758568048477173,-2.7215797901153564,-2.6841132640838623,-2.6443450450897217,-2.6032371520996094,-2.5604734420776367,-2.5174713134765625,-2.4741251468658447,-2.4321045875549316,-2.392666816711426,-2.35495662689209,-2.3173797130584717,-2.2789900302886963,-2.2387585639953613,-2.19637393951416,-2.15399432182312,-2.1122212409973145,-2.0723581314086914,-2.035149574279785,-2.0018138885498047,-1.9626786708831787,-1.9226094484329224,-1.8803058862686157,-1.836089849472046,-1.7918376922607422,-1.746169090270996,-1.7014073133468628,-1.656546950340271,-1.6107652187347412,-1.5644840002059937,-1.5192004442214966,-1.47499680519104,-1.4297096729278564,-1.3840200901031494,-1.3388584852218628,-1.2930359840393066,-1.2474700212478638,-1.2034237384796143,-1.1580792665481567,-1.113840103149414,-1.0684832334518433,-1.0245444774627686,-0.9779029488563538,-0.9317442774772644,-0.8853716850280762,-0.839821457862854,-0.794899582862854,-0.7491613030433655,-0.703824520111084,-0.6581661105155945,-0.6112468242645264,-0.5648567080497742,-0.5207083225250244,-0.47291919589042664,-0.4313633143901825,-0.38780784606933594,-0.3416890501976013,-0.30017146468162537,-0.25340935587882996,-0.20597730576992035,-0.16144296526908875,-0.1153678223490715,-0.0713728666305542,-0.029822271317243576,0.012549275532364845,0.06506142020225525,0.10793912410736084,0.15695302188396454,0.19927355647087097,0.2424822300672531,0.28856712579727173,0.34004274010658264,0.39282360672950745,0.44434094429016113,0.48115992546081543,0.5221028327941895,0.5648824572563171,0.6115514636039734,0.656460165977478,0.7044004201889038,0.7534335851669312,0.7869320511817932,0.8332065343856812,0.8823375701904297,0.9304265975952148,0.9580498933792114,1.0095399618148804,1.1110074520111084,1.158919095993042,1.3489741086959839,1.5683794021606445],"files":["scales.webp"]},"quats":{"files":["quats.webp"]},