{"version":2,"count":530421,"means":{"mins":[-2.2807781677082177,-7.228998705478439,-0.9091721684010209],"maxs":[3.8648448796967365,-3.0123128224610567,7.145737603186056],"files":["means_l.webp","means_u.webp"]},"scales":{"codebook":[-9.99874496459961,-9.942779541015625,-9.88763427734375,-9.831971168518066,-9.774751663208008,-9.718218803405762,-9.66310977935791,-9.607025146484375,-9.551087379455566,-9.494645118713379,-9.437162399291992,-9.381122589111328,-9.325852394104004,-9.269289016723633,-9.212621688842773,-9.155200004577637,-9.098321914672852,-9.042716979980469,-8.987736701965332,-8.933121681213379,-8.87969970703125,-8.82877254486084,-8.78050422668457,-8.73498249053955,-8.690062522888184,-8.641626358032227,-8.591178894042969,-8.538949966430664,-8.483861923217773,-8.426115036010742,-8.369678497314453,-8.31417465209961,-8.258110046386719,-8.20250129699707,-8.14692497253418,-8.092065811157227,-8.038854598999023,-7.989307403564453,-7.942041397094727,-7.895725727081299,-7.848424911499023,-7.80067777633667,-7.749636173248291,-7.696204662322998,-7.641883373260498,-7.585812568664551,-7.529966354370117,-7.475558757781982,-7.422083377838135,-7.37173318862915,-7.323382377624512,-7.2774481773376465,-7.2319231033325195,-7.18423318862915,-7.132458209991455,-7.077805042266846,-7.022206783294678,-6.965643405914307,-6.909538269042969,-6.853305816650391,-6.797523498535156,-6.741832733154297,-6.685547351837158,-6.6288251876831055,-6.572509765625,-6.517728328704834,-6.464984893798828,-6.413695812225342,-6.365316390991211,-6.319390296936035,-6.272534370422363,-6.224234104156494,-6.173646450042725,-6.1202497482299805,-6.064637660980225,-6.008660793304443,-5.951873302459717,-5.895246982574463,-5.839835166931152,-5.784002304077148,-5.729426383972168,-5.673619747161865,-5.617776393890381,-5.563479900360107,-5.512854099273682,-5.464935302734375,-5.418553829193115,-5.372920036315918,-5.324767112731934,-5.274082183837891,-5.221297264099121,-5.166667461395264,-5.111679553985596,-5.055540561676025,-4.998376369476318,-4.941450119018555,-4.884563446044922,-4.828770160675049,-4.77134370803833,-4.715452671051025,-4.660146236419678,-4.607542514801025,-4.558578968048096,-4.514679431915283,-4.47492790222168,-4.43739128112793,-4.399028301239014,-4.3568315505981445,-4.310319900512695,-4.259547710418701,-4.206411838531494,-4.152817249298096,-4.1009521484375,-4.052295684814453,-4.005436897277832,-3.9608542919158936,-3.9171926975250244,-3.8736608028411865,-3.830122232437134,-3.786508798599243,-3.7423365116119385,-3.6967520713806152,-3.6497302055358887,-3.603114604949951,-3.557619571685791,-3.5124573707580566,-3.466411590576172,-3.4182000160217285,-3.3670973777770996,-3.3136301040649414,-3.258706569671631,-3.2028205394744873,-3.1469154357910156,-3.091693162918091,-3.0380139350891113,-2.985957145690918,-2.936296224594116,-2.8897533416748047,-2.845289707183838,-2.801586389541626,-2.757889747619629,-2.713625907897949,-2.669191360473633,-2.6231555938720703,-2.5751454830169678,-2.5245847702026367,-2.471787214279175,-2.4170711040496826,-2.361333131790161,-2.305485486984253,-2.2486181259155273,-2.191864252090454,-2.134037971496582,-2.074758291244507,-2.0171000957489014,-1.9651529788970947,-1.9109750986099243,-1.8567296266555786,-1.800877571105957,-1.7442166805267334,-1.687799096107483,-1.6321027278900146,-1.5763980150222778,-1.520990252494812,-1.4656010866165161,-1.410083293914795,-1.3535422086715698,-1.298925757408142,-1.2422900199890137,-1.1837410926818848,-1.1262667179107666,-1.0705463886260986,-1.0125707387924194,-0.9546601176261902,-0.8998674154281616,-0.8411949276924133,-0.7854883074760437,-0.7288986444473267,-0.6724736094474792,-0.6161649227142334,-0.5601714849472046,-0.5015583634376526,-0.44709643721580505,-0.39385586977005005,-0.34078535437583923,-0.28351348638534546,-0.22793935239315033,-0.17404453456401825,-0.12086451798677444,-0.06182559207081795,0.0016552244778722525,0.059388816356658936,0.11899176985025406,0.17669925093650818,0.23098620772361755,0.2861948609352112,0.3394659459590912,0.3919823169708252,0.45098504424095154,0.510765790939331,0.5648004412651062,0.6166625022888184,0.6737065315246582,0.7355999946594238,0.8057348728179932,0.8560987710952759,0.8935909271240234,0.9461764693260193,0.9909027814865112,1.058468222618103,1.1223384141921997,1.1855065822601318,1.2332093715667725,1.3015875816345215,1.3450595140457153,1.3959403038024902,1.46738600730896,1.5261266231536865,1.5893385410308838,1.6384286880493164,1.6838817596435547,1.7212207317352295,1.7850182056427002,1.8474267721176147,1.906436800956726,1.947808027267456,2.126268148422241,2.2465717792510986,2.300952911376953,2.368586301803589,2.411961078643799,2.4601545333862305,2.524517059326172,2.5900793075561523,2.6359364986419678,2.712928056716919,2.764488458633423,2.8035526275634766,2.8691999912261963,2.907233476638794,2.999444007873535,3.0671629905700684,3.1015608310699463,3.151374578475952,3.2118992805480957,3.3168129920959473,3.386093854904175,3.4848740100860596,3.5364747047424316,3.5876803398132324,3.6771950721740723,3.736166000366211,3.7664237022399902,3.9086899757385254,4.268486499786377,4.32882833480835],"files":["scales.webp"]},"quats":{"files":["quats.webp"]},