{"version":2,"count":82059,"means":{"mins":[-0.47096047407283914,-3.012291342208045,0.7956368820599151],"maxs":[7.560914200924568,7.5135496046887615,7.599615254495888],"files":["means_l.webp","means_u.webp"]},"scales":{"codebook":[-9.999019622802734,-9.946109771728516,-9.888163566589355,-9.829848289489746,-9.768704414367676,-9.710684776306152,-9.654109954833984,-9.595040321350098,-9.536832809448242,-9.47934341430664,-9.421299934387207,-9.360366821289062,-9.303311347961426,-9.2448091506958,-9.185293197631836,-9.12641716003418,-9.069182395935059,-9.011751174926758,-8.954917907714844,-8.896717071533203,-8.840317726135254,-8.78177261352539,-8.723137855529785,-8.667098045349121,-8.612643241882324,-8.558039665222168,-8.5073881149292,-8.461095809936523,-8.412640571594238,-8.363605499267578,-8.313814163208008,-8.259546279907227,-8.204907417297363,-8.147764205932617,-8.08774185180664,-8.028881072998047,-7.968746185302734,-7.913168907165527,-7.856959342956543,-7.801009178161621,-7.742054462432861,-7.682713031768799,-7.624051094055176,-7.561991214752197,-7.503241539001465,-7.446615219116211,-7.388514041900635,-7.329202175140381,-7.272534370422363,-7.214892387390137,-7.155035972595215,-7.0938849449157715,-7.03861141204834,-6.986331462860107,-6.9351396560668945,-6.884133338928223,-6.83664083480835,-6.789736270904541,-6.7412238121032715,-6.688472270965576,-6.631763935089111,-6.57644510269165,-6.524307727813721,-6.47294807434082,-6.424124240875244,-6.378815650939941,-6.330723762512207,-6.278770923614502,-6.22405481338501,-6.168920993804932,-6.112738609313965,-6.054454326629639,-5.997360706329346,-5.939863681793213,-5.880642890930176,-5.819631576538086,-5.7617902755737305,-5.7033305168151855,-5.6442060470581055,-5.586864948272705,-5.529605388641357,-5.4730658531188965,-5.4160637855529785,-5.359590530395508,-5.301342487335205,-5.242049694061279,-5.18016242980957,-5.1186981201171875,-5.061428546905518,-5.003363609313965,-4.946039199829102,-4.889112949371338,-4.828700065612793,-4.771482944488525,-4.716327667236328,-4.6577067375183105,-4.599546432495117,-4.542350769042969,-4.4825568199157715,-4.424631595611572,-4.3667826652526855,-4.309141635894775,-4.254798889160156,-4.197734355926514,-4.138665199279785,-4.080188751220703,-4.0209174156188965,-3.9623284339904785,-3.9042551517486572,-3.845811605453491,-3.7861649990081787,-3.7288143634796143,-3.6701390743255615,-3.6110026836395264,-3.553351402282715,-3.4957199096679688,-3.438225030899048,-3.379779815673828,-3.321530818939209,-3.262641668319702,-3.205038070678711,-3.147808790206909,-3.0902023315429688,-3.0326244831085205,-2.974884033203125,-2.9174630641937256,-2.859980583190918,-2.8021087646484375,-2.7446987628936768,-2.6873154640197754,-2.629638433456421,-2.5711710453033447,-2.5132369995117188,-2.4565036296844482,-2.4015092849731445,-2.348055601119995,-2.2974607944488525,-2.249603509902954,-2.2006711959838867,-2.1510212421417236,-2.1000640392303467,-2.049617052078247,-2.003844738006592,-1.9422138929367065,-1.8809161186218262,-1.8220957517623901,-1.7648409605026245,-1.706964135169983,-1.6493161916732788,-1.5936702489852905,-1.543864130973816,-1.4978127479553223,-1.4518691301345825,-1.4047428369522095,-1.3538779020309448,-1.2996020317077637,-1.2396365404129028,-1.1788207292556763,-1.1196448802947998,-1.0602707862854004,-0.9985070824623108,-0.9436920285224915,-0.8893854022026062,-0.8310115933418274,-0.7701930999755859,-0.7127341032028198,-0.6547582149505615,-0.5991438031196594,-0.5462328791618347,-0.4908902943134308,-0.43069055676460266,-0.36842644214630127,-0.31072065234184265,-0.2510609030723572,-0.19314545392990112,-0.13588961958885193,-0.073778435587883,-0.017823046073317528,0.040961798280477524,0.09787581861019135,0.15538106858730316,0.213272362947464,0.2697559893131256,0.3250937759876251,0.3877355456352234,0.44791579246520996,0.5116398334503174,0.561833381652832,0.6303815841674805,0.6859174370765686,0.7404919862747192,0.7907803654670715,0.8612592220306396,0.9171616435050964,0.9764905571937561,1.03912353515625,1.0922105312347412,1.1468194723129272,1.196580171585083,1.2586745023727417,1.3153282403945923,1.37447988986969,1.4369112253189087,1.5022461414337158,1.5621459484100342,1.6125317811965942,1.6661949157714844,1.7249444723129272,1.7809511423110962,1.834303855895996,1.8915809392929077,1.9560390710830688,2.0164072513580322,2.0736021995544434,2.131162643432617,2.189678430557251,2.246140480041504,2.3081836700439453,2.3608205318450928,2.419909954071045,2.4811148643493652,2.53891921043396,2.5955893993377686,2.652810573577881,2.713209867477417,2.7719216346740723,2.8287429809570312,2.8861243724823,2.9421136379241943,2.996790885925293,3.05570912361145,3.110762596130371,3.1696791648864746,3.2267532348632812,3.283675193786621,3.3444225788116455,3.4091262817382812,3.46769380569458,3.524613618850708,3.580158233642578,3.636018753051758,3.68935489654541,3.7654781341552734,3.823209285736084,3.874202251434326,3.9209372997283936,3.9817631244659424,4.0457000732421875,4.114840984344482,4.140216827392578,4.225738048553467,4.274747848510742,4.327367782592773,4.42213773727417,4.511288642883301,4.798471450805664],"files":["scales.webp"]},"quats":{"files":["quats.webp"]},