{"version":2,"count":397414,"means":{"mins":[5.709510463814705,4.569810357187522,-4.802866526414567],"maxs":[6.807615284210442,6.777034525442378,-4.228176174134823],"files":["means_l.webp","means_u.webp"]},"scales":{"codebook":[-10,-9.922369956970215,-9.901350021362305,-7.755586624145508,-7.191838264465332,-7.122708797454834,-6.927938938140869,-6.738168716430664,-6.531826019287109,-6.461115837097168,-6.2582268714904785,-6.244404315948486,-6.137654781341553,-6.066393852233887,-5.915334224700928,-5.858654022216797,-5.784127235412598,-5.668155670166016,-5.635956764221191,-5.56954288482666,-5.470125675201416,-5.455930233001709,-5.384106636047363,-5.356265544891357,-5.304394245147705,-5.2315168380737305,-5.173748970031738,-5.163149356842041,-5.09915828704834,-5.03733491897583,-4.982287883758545,-4.936640739440918,-4.876723766326904,-4.829181671142578,-4.782946586608887,-4.771090984344482,-4.710681915283203,-4.661802768707275,-4.616188049316406,-4.561807632446289,-4.493448734283447,-4.458151340484619,-4.398967742919922,-4.347707748413086,-4.308016777038574,-4.257116794586182,-4.202451705932617,-4.1406450271606445,-4.081116199493408,-4.034732341766357,-3.9819211959838867,-3.9267489910125732,-3.8742270469665527,-3.8290913105010986,-3.792750835418701,-3.7577760219573975,-3.714876890182495,-3.666983127593994,-3.6161117553710938,-3.56070876121521,-3.51705002784729,-3.4827141761779785,-3.4425206184387207,-3.3990743160247803,-3.3520476818084717,-3.300227165222168,-3.259214162826538,-3.2227044105529785,-3.188723087310791,-3.1655447483062744,-3.1465747356414795,-3.1320414543151855,-3.1188337802886963,-3.0909862518310547,-3.0557665824890137,-3.0262038707733154,-2.994548797607422,-2.960411548614502,-2.9336981773376465,-2.9101433753967285,-2.8931281566619873,-2.8714637756347656,-2.8459506034851074,-2.821626663208008,-2.790879487991333,-2.7595901489257812,-2.722811222076416,-2.6813199520111084,-2.643568515777588,-2.603306531906128,-2.5604872703552246,-2.513784646987915,-2.4637250900268555,-2.4113974571228027,-2.35984468460083,-2.3053815364837646,-2.257380723953247,-2.2143726348876953,-2.1768710613250732,-2.1453194618225098,-2.11745023727417,-2.088818073272705,-2.0626749992370605,-2.0372426509857178,-2.0077497959136963,-1.977737307548523,-1.9453980922698975,-1.9114617109298706,-1.8829240798950195,-1.8565882444381714,-1.8280644416809082,-1.8006813526153564,-1.7741165161132812,-1.748009204864502,-1.719419240951538,-1.687955379486084,-1.6568207740783691,-1.6259150505065918,-1.5979734659194946,-1.5725414752960205,-1.550571322441101,-1.5277458429336548,-1.501659631729126,-1.4741737842559814,-1.444054365158081,-1.4148848056793213,-1.386138677597046,-1.3571443557739258,-1.3303248882293701,-1.303444504737854,-1.2770609855651855,-1.2474541664123535,-1.2145318984985352,-1.1813265085220337,-1.147118091583252,-1.114257574081421,-1.0847312211990356,-1.059384822845459,-1.0399940013885498,-1.0247507095336914,-1.0122171640396118,-0.9980891942977905,-0.9817537069320679,-0.9617558121681213,-0.9386320114135742,-0.9147912263870239,-0.8916356563568115,-0.8689736723899841,-0.8481689691543579,-0.828871488571167,-0.810676634311676,-0.7938723564147949,-0.7781344056129456,-0.7598897218704224,-0.7401237487792969,-0.7179430723190308,-0.6923131942749023,-0.664000391960144,-0.6329432129859924,-0.6022644639015198,-0.574626088142395,-0.551586925983429,-0.5310609340667725,-0.5114611387252808,-0.4905511736869812,-0.4674101173877716,-0.4435521960258484,-0.4202606678009033,-0.3987073600292206,-0.3788245618343353,-0.35938993096351624,-0.3395724594593048,-0.31955257058143616,-0.29991623759269714,-0.2824980914592743,-0.268047571182251,-0.25613895058631897,-0.24657902121543884,-0.23728282749652863,-0.22611334919929504,-0.2115694135427475,-0.19205288589000702,-0.167427197098732,-0.13635730743408203,-0.10114313662052155,-0.06351464241743088,-0.024409441277384758,0.015756214037537575,0.05749240890145302,0.09958045184612274,0.14139723777770996,0.18124112486839294,0.21793465316295624,0.2515273988246918,0.28250202536582947,0.3136599063873291,0.34645766019821167,0.3828526735305786,0.4234084188938141,0.46852269768714905,0.5172746181488037,0.5684294700622559,0.620302677154541,0.6724072098731995,0.7246364951133728,0.7766090035438538,0.8285004496574402,0.8798106908798218,0.9310560822486877,0.9828752279281616,1.0353742837905884,1.0884032249450684,1.1415270566940308,1.1939889192581177,1.247266411781311,1.2993956804275513,1.3502658605575562,1.4005703926086426,1.44980788230896,1.4980847835540771,1.5429086685180664,1.5860027074813843,1.6288455724716187,1.674676775932312,1.7223045825958252,1.7695062160491943,1.8207507133483887,1.8713431358337402,1.926099181175232,1.982995867729187,2.0334839820861816,2.082609176635742,2.137721538543701,2.1887412071228027,2.242056131362915,2.2931652069091797,2.347348690032959,2.4106626510620117,2.4649479389190674,2.513566732406616,2.559875249862671,2.612135648727417,2.662860155105591,2.7290656566619873,2.7736868858337402,2.821154832839966,2.8743762969970703,2.9168083667755127,2.9722378253936768,3.038794994354248,3.0707497596740723,3.118508815765381,3.18632173538208,3.259565830230713,3.288515329360962,3.3449180126190186],"files":["scales.webp"]},"quats":{"files":["quats.webp"]},