{"version":2,"count":535604,"means":{"mins":[-3.383725962142933,-2.4980248823474493,-1.024327259762541],"maxs":[-2.5377285007301706,-1.0651403243141033,2.948884149215093],"files":["means_l.webp","means_u.webp"]},"scales":{"codebook":[-9.999433517456055,-9.97768783569336,-9.946847915649414,-9.911076545715332,-9.872814178466797,-9.83297061920166,-9.791984558105469,-9.752331733703613,-9.711515426635742,-9.670271873474121,-9.628080368041992,-9.586063385009766,-9.545453071594238,-9.503355979919434,-9.460477828979492,-9.419991493225098,-9.37796401977539,-9.336434364318848,-9.295344352722168,-9.254966735839844,-9.213048934936523,-9.172353744506836,-9.131335258483887,-9.089055061340332,-9.04665470123291,-9.004646301269531,-8.965348243713379,-8.924604415893555,-8.88359546661377,-8.843099594116211,-8.80269718170166,-8.761406898498535,-8.71946907043457,-8.677990913391113,-8.637157440185547,-8.596867561340332,-8.555063247680664,-8.512417793273926,-8.470983505249023,-8.43019962310791,-8.388189315795898,-8.346841812133789,-8.305810928344727,-8.264822959899902,-8.224411010742188,-8.183232307434082,-8.142232894897461,-8.100143432617188,-8.058938980102539,-8.016562461853027,-7.974905014038086,-7.93348503112793,-7.892287254333496,-7.850229263305664,-7.809553623199463,-7.768746852874756,-7.7281904220581055,-7.686861038208008,-7.645780086517334,-7.604952812194824,-7.56368350982666,-7.522336959838867,-7.480635166168213,-7.439610004425049,-7.3982930183410645,-7.3568196296691895,-7.314889907836914,-7.273026943206787,-7.231451034545898,-7.18958854675293,-7.1486406326293945,-7.107385635375977,-7.066877365112305,-7.025712490081787,-6.985047340393066,-6.944455623626709,-6.903058052062988,-6.861367225646973,-6.819788932800293,-6.77807092666626,-6.736093997955322,-6.694883346557617,-6.653746128082275,-6.612027645111084,-6.570894241333008,-6.52921199798584,-6.488202095031738,-6.446741580963135,-6.40543794631958,-6.364574432373047,-6.323580265045166,-6.282450199127197,-6.241136074066162,-6.199438571929932,-6.157545566558838,-6.116099834442139,-6.074927806854248,-6.033729076385498,-5.992658615112305,-5.951513290405273,-5.910343647003174,-5.869128227233887,-5.828552722930908,-5.788053512573242,-5.748951435089111,-5.711634635925293,-5.676361083984375,-5.642083168029785,-5.60795259475708,-5.572538375854492,-5.535494804382324,-5.496580123901367,-5.4563422203063965,-5.415557384490967,-5.374405384063721,-5.3331780433654785,-5.2919697761535645,-5.250604152679443,-5.209664344787598,-5.168448448181152,-5.127451419830322,-5.087120532989502,-5.048158645629883,-5.011059761047363,-4.9755940437316895,-4.941471099853516,-4.907644748687744,-4.8725738525390625,-4.836103439331055,-4.798487186431885,-4.760904312133789,-4.724769115447998,-4.690803527832031,-4.657272815704346,-4.62258243560791,-4.586503982543945,-4.548425197601318,-4.508469104766846,-4.467811584472656,-4.426502704620361,-4.385533809661865,-4.344674110412598,-4.303598403930664,-4.262004375457764,-4.2205376625061035,-4.179133892059326,-4.137690544128418,-4.096276760101318,-4.055370807647705,-4.014727592468262,-3.9738569259643555,-3.9345781803131104,-3.8966944217681885,-3.8618571758270264,-3.828528881072998,-3.7948763370513916,-3.759606122970581,-3.7224628925323486,-3.6831884384155273,-3.643831253051758,-3.605564594268799,-3.5691895484924316,-3.534507989883423,-3.500898599624634,-3.4666008949279785,-3.4301235675811768,-3.391390085220337,-3.3514773845672607,-3.311389684677124,-3.270601987838745,-3.229228973388672,-3.1875202655792236,-3.146575689315796,-3.1048078536987305,-3.0630245208740234,-3.022270679473877,-2.980421543121338,-2.9393396377563477,-2.8978142738342285,-2.8566136360168457,-2.8160781860351562,-2.7746269702911377,-2.7328991889953613,-2.691895008087158,-2.650482177734375,-2.609973192214966,-2.570840358734131,-2.5302340984344482,-2.4871318340301514,-2.4446632862091064,-2.4040729999542236,-2.362534523010254,-2.319988965988159,-2.2783212661743164,-2.237215280532837,-2.1958115100860596,-2.1548309326171875,-2.1150004863739014,-2.07391619682312,-2.0351827144622803,-1.9978445768356323,-1.9540302753448486,-1.9107996225357056,-1.869181752204895,-1.830170750617981,-1.7875545024871826,-1.7449430227279663,-1.7061809301376343,-1.6653789281845093,-1.6221550703048706,-1.5785470008850098,-1.5351344347000122,-1.498305320739746,-1.4596021175384521,-1.4226950407028198,-1.3763011693954468,-1.3375381231307983,-1.2980562448501587,-1.2565340995788574,-1.2125537395477295,-1.160178542137146,-1.1166845560073853,-1.0820894241333008,-1.0423316955566406,-0.9986226558685303,-0.9571596384048462,-0.9111917614936829,-0.8673776388168335,-0.8248615860939026,-0.7870146036148071,-0.752787709236145,-0.7045531868934631,-0.6621696352958679,-0.6335629820823669,-0.5910495519638062,-0.5368233919143677,-0.49204394221305847,-0.4545051157474518,-0.4202575981616974,-0.3891359865665436,-0.3233523368835449,-0.29919132590293884,-0.2518112063407898,-0.20381081104278564,-0.17529159784317017,-0.14091823995113373,-0.11174238473176956,-0.05321471393108368,-0.025434177368879318,0.030064594000577927,0.0997166559100151,0.15629848837852478,0.20909622311592102,0.26337552070617676,0.33314451575279236,0.5308870673179626],"files":["scales.webp"]},"quats":{"files":["quats.webp"]},