{"version":2,"count":529324,"means":{"mins":[2.2174471611482303,-4.708867048950594,-0.9902120627656985],"maxs":[3.0245956888241547,-3.8921481526233763,3.07415236046466],"files":["means_l.webp","means_u.webp"]},"scales":{"codebook":[-9.99824333190918,-9.96701431274414,-9.92228889465332,-9.874763488769531,-9.829087257385254,-9.78381061553955,-9.741936683654785,-9.703291893005371,-9.666254043579102,-9.630290031433105,-9.592942237854004,-9.553583145141602,-9.51103401184082,-9.467592239379883,-9.423553466796875,-9.37801742553711,-9.334036827087402,-9.290055274963379,-9.246087074279785,-9.199533462524414,-9.15552043914795,-9.110371589660645,-9.066339492797852,-9.022239685058594,-8.978764533996582,-8.935452461242676,-8.890292167663574,-8.845342636108398,-8.800512313842773,-8.75668716430664,-8.711669921875,-8.666881561279297,-8.621819496154785,-8.57779312133789,-8.534759521484375,-8.49112606048584,-8.447593688964844,-8.403563499450684,-8.359600067138672,-8.315346717834473,-8.27054214477539,-8.226399421691895,-8.181346893310547,-8.13685131072998,-8.091843605041504,-8.047752380371094,-8.003228187561035,-7.959109306335449,-7.915069103240967,-7.871321201324463,-7.826396465301514,-7.782764911651611,-7.7385101318359375,-7.693481922149658,-7.648714065551758,-7.604490756988525,-7.560690879821777,-7.515931606292725,-7.472089767456055,-7.42695951461792,-7.382715225219727,-7.338286876678467,-7.293582439422607,-7.249460697174072,-7.204127311706543,-7.159625053405762,-7.11504602432251,-7.072789192199707,-7.031692981719971,-6.99191951751709,-6.953906059265137,-6.917476654052734,-6.880995273590088,-6.842642307281494,-6.8015336990356445,-6.758335590362549,-6.714393615722656,-6.669924736022949,-6.625790596008301,-6.581738471984863,-6.538193702697754,-6.49439811706543,-6.449360370635986,-6.4044318199157715,-6.3601202964782715,-6.31534481048584,-6.27095365524292,-6.226583003997803,-6.182269096374512,-6.138326168060303,-6.094118595123291,-6.050756454467773,-6.006557941436768,-5.962878227233887,-5.920746803283691,-5.880014896392822,-5.841936111450195,-5.8056254386901855,-5.769198894500732,-5.73096227645874,-5.691380500793457,-5.650718688964844,-5.610548973083496,-5.571901321411133,-5.536966800689697,-5.505497932434082,-5.476818561553955,-5.447879314422607,-5.416294574737549,-5.381306171417236,-5.344537734985352,-5.307672023773193,-5.271511554718018,-5.23568868637085,-5.198211669921875,-5.1586012840271,-5.11728048324585,-5.074247360229492,-5.030412673950195,-4.986413955688477,-4.9421586990356445,-4.897835731506348,-4.853732585906982,-4.809464454650879,-4.765055179595947,-4.7210493087768555,-4.676568508148193,-4.632066249847412,-4.58757209777832,-4.54318904876709,-4.49887752532959,-4.4545512199401855,-4.410161972045898,-4.366116046905518,-4.321961879730225,-4.2773284912109375,-4.232973575592041,-4.189034938812256,-4.144909381866455,-4.100423812866211,-4.055856227874756,-4.011472225189209,-3.9671478271484375,-3.923220634460449,-3.8791584968566895,-3.835470199584961,-3.7913336753845215,-3.7480239868164062,-3.7068989276885986,-3.668085813522339,-3.6319148540496826,-3.5954744815826416,-3.5586304664611816,-3.5203025341033936,-3.4810328483581543,-3.4420151710510254,-3.4043021202087402,-3.3682785034179688,-3.3335957527160645,-3.2997283935546875,-3.266417980194092,-3.232835531234741,-3.1976239681243896,-3.1604537963867188,-3.1208548545837402,-3.079331159591675,-3.0360851287841797,-2.9913086891174316,-2.946380138397217,-2.902146100997925,-2.857795476913452,-2.814145803451538,-2.770561456680298,-2.725857973098755,-2.6812191009521484,-2.6362993717193604,-2.5916314125061035,-2.547893524169922,-2.504365921020508,-2.4606387615203857,-2.4161972999572754,-2.3717288970947266,-2.3277335166931152,-2.2840514183044434,-2.2382402420043945,-2.1908867359161377,-2.1442558765411377,-2.096633195877075,-2.0509939193725586,-2.0094268321990967,-1.9684910774230957,-1.9272220134735107,-1.8839263916015625,-1.8395439386367798,-1.7946138381958008,-1.7506475448608398,-1.7057876586914062,-1.6604423522949219,-1.6179689168930054,-1.5728764533996582,-1.5284563302993774,-1.48293137550354,-1.4406412839889526,-1.3976823091506958,-1.353894829750061,-1.3110325336456299,-1.2647947072982788,-1.218004584312439,-1.171962022781372,-1.1254186630249023,-1.0814950466156006,-1.037344217300415,-0.9904297590255737,-0.9512029886245728,-0.9036694169044495,-0.8581563234329224,-0.8170116543769836,-0.7732633948326111,-0.7312325835227966,-0.6884059309959412,-0.6445615291595459,-0.596100926399231,-0.5486189126968384,-0.4985634386539459,-0.4660375714302063,-0.4247822165489197,-0.3772718012332916,-0.321397989988327,-0.28036943078041077,-0.23611105978488922,-0.19756008684635162,-0.15582184493541718,-0.10448718816041946,-0.06734530627727509,-0.030583105981349945,0.017347272485494614,0.06974459439516068,0.11666745692491531,0.17040328681468964,0.2072371542453766,0.2581450939178467,0.29266923666000366,0.3386486768722534,0.38097241520881653,0.40976691246032715,0.46632474660873413,0.519926130771637,0.5557711720466614,0.6076447367668152,0.7772553563117981,0.8308665156364441,0.9157962799072266,0.953603982925415,0.9997910261154175,1.1050702333450317,1.3133443593978882],"files":["scales.webp"]},"quats":{"files":["quats.webp"]},