{"version":2,"count":591583,"means":{"mins":[-5.518695317326964,-3.0123117906690595,-6.287532456737361],"maxs":[-0.47104655392444045,-1.0605348350136112,0.10131396602722176],"files":["means_l.webp","means_u.webp"]},"scales":{"codebook":[-9.998551368713379,-9.976733207702637,-9.9425048828125,-9.89730453491211,-9.84737491607666,-9.795490264892578,-9.743245124816895,-9.691534042358398,-9.639772415161133,-9.588006019592285,-9.535869598388672,-9.484991073608398,-9.434155464172363,-9.381512641906738,-9.32986831665039,-9.278983116149902,-9.22803783416748,-9.175538063049316,-9.123868942260742,-9.07270622253418,-9.021306037902832,-8.969998359680176,-8.917905807495117,-8.866796493530273,-8.816581726074219,-8.765501022338867,-8.7139310836792,-8.662558555603027,-8.61190414428711,-8.560026168823242,-8.508700370788574,-8.457215309143066,-8.406062126159668,-8.356358528137207,-8.310075759887695,-8.267562866210938,-8.230514526367188,-8.19758415222168,-8.167153358459473,-8.137320518493652,-8.107967376708984,-8.078716278076172,-8.049808502197266,-8.020132064819336,-7.9880242347717285,-7.953664779663086,-7.916297912597656,-7.875827312469482,-7.831851005554199,-7.784550189971924,-7.735633850097656,-7.6850266456604,-7.633540630340576,-7.5823259353637695,-7.530097484588623,-7.478077411651611,-7.426217555999756,-7.374049663543701,-7.32237434387207,-7.271088600158691,-7.219769477844238,-7.168902397155762,-7.119067668914795,-7.071532726287842,-7.026094436645508,-6.982788562774658,-6.940480709075928,-6.898462295532227,-6.855581760406494,-6.8130950927734375,-6.772165775299072,-6.7330851554870605,-6.694874286651611,-6.657157897949219,-6.620572090148926,-6.5852508544921875,-6.551353931427002,-6.517627716064453,-6.481109619140625,-6.440258026123047,-6.394514083862305,-6.346176624298096,-6.29694938659668,-6.250250816345215,-6.207144737243652,-6.168104648590088,-6.134189128875732,-6.104587078094482,-6.078867435455322,-6.054934024810791,-6.030322551727295,-6.00249719619751,-5.9692063331604,-5.930555820465088,-5.889273166656494,-5.847767353057861,-5.806642532348633,-5.7658209800720215,-5.72593879699707,-5.687586307525635,-5.651742935180664,-5.620237827301025,-5.593227863311768,-5.5692853927612305,-5.5467023849487305,-5.523571014404297,-5.498472690582275,-5.470950603485107,-5.441522598266602,-5.412210464477539,-5.384829044342041,-5.3603410720825195,-5.339252948760986,-5.319807529449463,-5.299236297607422,-5.274112224578857,-5.242895603179932,-5.205886363983154,-5.165351867675781,-5.124757766723633,-5.086580276489258,-5.051918029785156,-5.019761085510254,-4.9880547523498535,-4.956262111663818,-4.923896789550781,-4.89267635345459,-4.86370325088501,-4.83732271194458,-4.812749862670898,-4.788171291351318,-4.762348175048828,-4.733672618865967,-4.702619552612305,-4.668345928192139,-4.631433486938477,-4.593121528625488,-4.553893566131592,-4.514374256134033,-4.475124359130859,-4.436412811279297,-4.398505687713623,-4.362319469451904,-4.328732490539551,-4.297718524932861,-4.267556190490723,-4.236238479614258,-4.202325820922852,-4.1657209396362305,-4.125967979431152,-4.08357572555542,-4.039309501647949,-3.994659900665283,-3.950914144515991,-3.90891695022583,-3.866569995880127,-3.822434425354004,-3.777071952819824,-3.7310707569122314,-3.685809850692749,-3.6422970294952393,-3.600184202194214,-3.55800199508667,-3.51393723487854,-3.46819806098938,-3.4215023517608643,-3.375182628631592,-3.330570697784424,-3.2870004177093506,-3.244633913040161,-3.200561046600342,-3.1550400257110596,-3.1073477268218994,-3.0572774410247803,-3.0063436031341553,-2.955491542816162,-2.905489444732666,-2.85658860206604,-2.8103926181793213,-2.767104148864746,-2.7258877754211426,-2.6832480430603027,-2.6385650634765625,-2.5908825397491455,-2.541489839553833,-2.490783929824829,-2.441533088684082,-2.389845609664917,-2.338886022567749,-2.2861850261688232,-2.2350687980651855,-2.182163953781128,-2.1293723583221436,-2.0770864486694336,-2.0274388790130615,-1.9817180633544922,-1.9303934574127197,-1.8779141902923584,-1.8247712850570679,-1.7737079858779907,-1.7208331823349,-1.6678357124328613,-1.6175199747085571,-1.5679785013198853,-1.515178918838501,-1.4614397287368774,-1.4080621004104614,-1.3608497381210327,-1.3104352951049805,-1.2598462104797363,-1.2111244201660156,-1.162664532661438,-1.1068956851959229,-1.0521361827850342,-1.0002878904342651,-0.9505595564842224,-0.9026311039924622,-0.851326048374176,-0.8018472790718079,-0.7451332807540894,-0.6970725059509277,-0.643913745880127,-0.5956385135650635,-0.5418308973312378,-0.48735374212265015,-0.4322393536567688,-0.3786599636077881,-0.32620111107826233,-0.2851315140724182,-0.23249804973602295,-0.16699199378490448,-0.11413951218128204,-0.07978570461273193,-0.022387191653251648,0.03777725249528885,0.09714260697364807,0.14763420820236206,0.18358968198299408,0.23953063786029816,0.3056095540523529,0.33929353952407837,0.3865690529346466,0.46094024181365967,0.5102560520172119,0.5548555850982666,0.5923573970794678,0.6374286413192749,0.685364305973053,0.7459617853164673,0.8347206115722656,0.9040459394454956,1.0584022998809814,2.4804718494415283,2.527517557144165,3.0576162338256836,3.1173946857452393],"files":["scales.webp"]},"quats":{"files":["quats.webp"]},