{"version":2,"count":528499,"means":{"mins":[-3.383740648674287,-3.0875786115028077,-0.9965295691120469],"maxs":[-2.53775676929313,-1.9361706131841188,2.93452874098168],"files":["means_l.webp","means_u.webp"]},"scales":{"codebook":[-9.999065399169922,-9.962051391601562,-9.92115592956543,-9.87929916381836,-9.838964462280273,-9.799428939819336,-9.760133743286133,-9.719356536865234,-9.680072784423828,-9.639941215515137,-9.598231315612793,-9.558048248291016,-9.51749038696289,-9.476971626281738,-9.437901496887207,-9.397871017456055,-9.357577323913574,-9.318546295166016,-9.27962589263916,-9.239977836608887,-9.199146270751953,-9.158205032348633,-9.118748664855957,-9.079578399658203,-9.038268089294434,-8.997864723205566,-8.957305908203125,-8.917078018188477,-8.876574516296387,-8.837746620178223,-8.798788070678711,-8.758769035339355,-8.719676971435547,-8.680512428283691,-8.640908241271973,-8.600785255432129,-8.560684204101562,-8.520112991333008,-8.47879695892334,-8.43891716003418,-8.398473739624023,-8.358680725097656,-8.318731307983398,-8.278922080993652,-8.239017486572266,-8.197595596313477,-8.158137321472168,-8.118831634521484,-8.079065322875977,-8.0388765335083,-7.998586177825928,-7.9580278396606445,-7.917908668518066,-7.877667427062988,-7.837662220001221,-7.79851770401001,-7.758068561553955,-7.718262195587158,-7.6790056228637695,-7.639349460601807,-7.598940372467041,-7.558692932128906,-7.517728805541992,-7.476336479187012,-7.436237335205078,-7.396859169006348,-7.357564926147461,-7.3181915283203125,-7.2775702476501465,-7.236839294433594,-7.197773456573486,-7.158237934112549,-7.118600368499756,-7.078644275665283,-7.037743091583252,-6.997334957122803,-6.957284927368164,-6.917519569396973,-6.877708435058594,-6.837882041931152,-6.798152923583984,-6.758795738220215,-6.7184739112854,-6.678961277008057,-6.638540744781494,-6.598596572875977,-6.558426380157471,-6.5183329582214355,-6.478034973144531,-6.437633037567139,-6.397231578826904,-6.357902526855469,-6.317729949951172,-6.277595043182373,-6.237805366516113,-6.197934627532959,-6.157962322235107,-6.118052959442139,-6.078048229217529,-6.037976264953613,-5.997852325439453,-5.957638740539551,-5.917512893676758,-5.8771209716796875,-5.837080001831055,-5.798148155212402,-5.760857105255127,-5.725747585296631,-5.693840980529785,-5.664953708648682,-5.6380438804626465,-5.611235618591309,-5.582281112670898,-5.550152778625488,-5.514959335327148,-5.478636741638184,-5.442347049713135,-5.407496452331543,-5.374654293060303,-5.342042446136475,-5.30887508392334,-5.273711681365967,-5.23661994934082,-5.19787073135376,-5.158774375915527,-5.119462966918945,-5.079599380493164,-5.0399699211120605,-5.000032424926758,-4.95978307723999,-4.91972541809082,-4.879504680633545,-4.839077472686768,-4.798885345458984,-4.758906364440918,-4.718883037567139,-4.679480075836182,-4.6409196853637695,-4.6039934158325195,-4.5688157081604,-4.535845756530762,-4.503900051116943,-4.471512794494629,-4.4390363693237305,-4.4069037437438965,-4.374629974365234,-4.342287540435791,-4.309028625488281,-4.2741851806640625,-4.237235069274902,-4.198904991149902,-4.159249305725098,-4.119378089904785,-4.079493999481201,-4.039186000823975,-3.9988434314727783,-3.9586141109466553,-3.918551445007324,-3.878537654876709,-3.838623523712158,-3.799069404602051,-3.759181499481201,-3.7186739444732666,-3.678682804107666,-3.6380603313446045,-3.597705364227295,-3.55759334564209,-3.518770694732666,-3.4796512126922607,-3.4399118423461914,-3.3993899822235107,-3.359078884124756,-3.3188905715942383,-3.279383420944214,-3.2398319244384766,-3.2001781463623047,-3.159705638885498,-3.119194984436035,-3.0786900520324707,-3.038438320159912,-2.999004364013672,-2.958406448364258,-2.9170591831207275,-2.8773462772369385,-2.8387744426727295,-2.8000619411468506,-2.7616398334503174,-2.7217350006103516,-2.6817030906677246,-2.6416845321655273,-2.601593255996704,-2.561173439025879,-2.5203309059143066,-2.4793198108673096,-2.4404923915863037,-2.4029903411865234,-2.3608036041259766,-2.318387746810913,-2.2770535945892334,-2.2365777492523193,-2.1966121196746826,-2.1559109687805176,-2.1182799339294434,-2.080569267272949,-2.0439116954803467,-2.005495309829712,-1.964020013809204,-1.923134684562683,-1.8785738945007324,-1.8380897045135498,-1.798447608947754,-1.7602813243865967,-1.7208083868026733,-1.6839863061904907,-1.6467702388763428,-1.6055279970169067,-1.5620805025100708,-1.5181523561477661,-1.4746367931365967,-1.4339327812194824,-1.3947954177856445,-1.358056664466858,-1.3193696737289429,-1.28271484375,-1.242692470550537,-1.197919487953186,-1.154999852180481,-1.107582688331604,-1.0655996799468994,-1.0344209671020508,-0.9988644123077393,-0.9578112363815308,-0.920968234539032,-0.8798713088035583,-0.837600588798523,-0.7973576188087463,-0.7614014744758606,-0.7141356468200684,-0.6757457852363586,-0.6426727771759033,-0.599211573600769,-0.553983211517334,-0.5086427330970764,-0.4821847975254059,-0.43304115533828735,-0.3988681733608246,-0.35887983441352844,-0.3140886425971985,-0.2634698152542114,-0.19674913585186005,-0.14971254765987396,-0.1237931102514267,-0.02938094362616539,0.048124928027391434,0.15403909981250763,0.20377099514007568],"files":["scales.webp"]},"quats":{"files":["quats.webp"]},