{"version":2,"count":536502,"means":{"mins":[-1.358842228109839,-4.67899713895817,-0.9541578799027008],"maxs":[2.669490793692829,-3.8921483082742543,3.0615340619374667],"files":["means_l.webp","means_u.webp"]},"scales":{"codebook":[-9.999161720275879,-9.956310272216797,-9.911334037780762,-9.866950035095215,-9.822517395019531,-9.778030395507812,-9.733814239501953,-9.688750267028809,-9.644917488098145,-9.600508689880371,-9.556200981140137,-9.511419296264648,-9.467667579650879,-9.423473358154297,-9.3814697265625,-9.340084075927734,-9.300299644470215,-9.263079643249512,-9.226722717285156,-9.190522193908691,-9.15249252319336,-9.111477851867676,-9.068487167358398,-9.024194717407227,-8.979748725891113,-8.935105323791504,-8.89056396484375,-8.847607612609863,-8.806594848632812,-8.767412185668945,-8.729836463928223,-8.693235397338867,-8.656550407409668,-8.618392944335938,-8.579002380371094,-8.53969669342041,-8.50017261505127,-8.461519241333008,-8.42485523223877,-8.388763427734375,-8.350878715515137,-8.310310363769531,-8.26785945892334,-8.225543022155762,-8.182114601135254,-8.141456604003906,-8.102716445922852,-8.066140174865723,-8.029911994934082,-7.992973804473877,-7.955780506134033,-7.915445804595947,-7.872376441955566,-7.827907562255859,-7.782909870147705,-7.738788604736328,-7.695588111877441,-7.653875350952148,-7.6142659187316895,-7.576787948608398,-7.5401835441589355,-7.502725601196289,-7.4648003578186035,-7.425142765045166,-7.382353782653809,-7.338301658630371,-7.294326305389404,-7.2499589920043945,-7.204693794250488,-7.159266948699951,-7.11485481262207,-7.0715718269348145,-7.027448654174805,-6.9831767082214355,-6.939133644104004,-6.8956379890441895,-6.851830959320068,-6.809136867523193,-6.768254280090332,-6.727262496948242,-6.688864231109619,-6.652261734008789,-6.616064071655273,-6.578164577484131,-6.537456035614014,-6.495569705963135,-6.451802730560303,-6.407699108123779,-6.363790988922119,-6.321935653686523,-6.280532360076904,-6.241089820861816,-6.204068660736084,-6.168490886688232,-6.1315789222717285,-6.092534065246582,-6.051351070404053,-6.007693290710449,-5.961897850036621,-5.91792631149292,-5.87431526184082,-5.829574108123779,-5.786211013793945,-5.740866184234619,-5.6954874992370605,-5.651676654815674,-5.607428073883057,-5.563845634460449,-5.5222930908203125,-5.482135772705078,-5.443338394165039,-5.406668663024902,-5.370307922363281,-5.332732200622559,-5.2925190925598145,-5.250443935394287,-5.20609712600708,-5.161848545074463,-5.117486000061035,-5.073526382446289,-5.029794216156006,-4.985713481903076,-4.940828800201416,-4.895869255065918,-4.85153865814209,-4.8070878982543945,-4.763099670410156,-4.718409538269043,-4.674168586730957,-4.630358695983887,-4.587111949920654,-4.544157028198242,-4.503303050994873,-4.464592933654785,-4.428810119628906,-4.394558906555176,-4.361350059509277,-4.328413963317871,-4.294723987579346,-4.260233402252197,-4.224704742431641,-4.187893867492676,-4.151306629180908,-4.115048885345459,-4.079126358032227,-4.042712211608887,-4.004893779754639,-3.96502947807312,-3.9230990409851074,-3.879786968231201,-3.835679054260254,-3.7908620834350586,-3.7464382648468018,-3.702075481414795,-3.6575510501861572,-3.6133365631103516,-3.5690529346466064,-3.5246477127075195,-3.4804635047912598,-3.4362375736236572,-3.392157554626465,-3.348062515258789,-3.3039674758911133,-3.260082721710205,-3.2153005599975586,-3.17097544670105,-3.12652325630188,-3.0821950435638428,-3.037686824798584,-2.9931018352508545,-2.948678493499756,-2.904653787612915,-2.8599815368652344,-2.8160240650177,-2.7720460891723633,-2.7279059886932373,-2.6838769912719727,-2.6395351886749268,-2.595768690109253,-2.551642656326294,-2.508082866668701,-2.466278314590454,-2.4266510009765625,-2.3894219398498535,-2.353431463241577,-2.3162763118743896,-2.2769477367401123,-2.235887289047241,-2.193115472793579,-2.1477389335632324,-2.101064443588257,-2.0554146766662598,-2.0116496086120605,-1.969954013824463,-1.9277291297912598,-1.8850743770599365,-1.8419181108474731,-1.7980742454528809,-1.7536286115646362,-1.7090435028076172,-1.6651654243469238,-1.6209722757339478,-1.576980471611023,-1.5332392454147339,-1.4890114068984985,-1.444564700126648,-1.4001500606536865,-1.3547029495239258,-1.3088160753250122,-1.2640939950942993,-1.2221829891204834,-1.1785495281219482,-1.1337968111038208,-1.090046763420105,-1.0443884134292603,-0.9994732141494751,-0.9518000483512878,-0.9095607995986938,-0.8668397068977356,-0.8215722441673279,-0.7767682075500488,-0.7351326942443848,-0.687393307685852,-0.6389113068580627,-0.5909231305122375,-0.5449240207672119,-0.5041194558143616,-0.46659788489341736,-0.4286692440509796,-0.38269752264022827,-0.3391863703727722,-0.28972098231315613,-0.2452881634235382,-0.19734589755535126,-0.14873281121253967,-0.10442635416984558,-0.06835538148880005,-0.019536074250936508,0.022601773962378502,0.07627657055854797,0.11583498865365982,0.15596087276935577,0.19727741181850433,0.24865171313285828,0.31526750326156616,0.34232234954833984,0.3649194538593292,0.4266091585159302,0.45591214299201965,0.5495201349258423,0.5971502065658569,0.6524408459663391,0.7269225120544434,1.0416563749313354,1.0903007984161377,1.3105226755142212],"files":["scales.webp"]},"quats":{"files":["quats.webp"]},