{"version":2,"count":524341,"means":{"mins":[1.922475599977701,-3.4582514227639733,-1.019731610071457],"maxs":[4.75280286974194,4.905321797008965,3.291658259810461],"files":["means_l.webp","means_u.webp"]},"scales":{"codebook":[-9.998714447021484,-9.959999084472656,-9.910104751586914,-9.860228538513184,-9.810887336730957,-9.762595176696777,-9.714653968811035,-9.667487144470215,-9.619792938232422,-9.572771072387695,-9.52414321899414,-9.476851463317871,-9.429232597351074,-9.381109237670898,-9.333712577819824,-9.287307739257812,-9.24130630493164,-9.194316864013672,-9.148063659667969,-9.105051040649414,-9.063328742980957,-9.023885726928711,-8.985343933105469,-8.944620132446289,-8.901825904846191,-8.856405258178711,-8.809789657592773,-8.76266860961914,-8.715473175048828,-8.66720962524414,-8.619304656982422,-8.571707725524902,-8.52496337890625,-8.477836608886719,-8.429622650146484,-8.382076263427734,-8.333707809448242,-8.286188125610352,-8.239686012268066,-8.193303108215332,-8.147704124450684,-8.100461959838867,-8.05109977722168,-8.00314998626709,-7.955526351928711,-7.909024715423584,-7.8653435707092285,-7.821437358856201,-7.779296398162842,-7.739477157592773,-7.700449466705322,-7.659087657928467,-7.616079330444336,-7.57193660736084,-7.526832103729248,-7.479705333709717,-7.432765483856201,-7.38466739654541,-7.336161136627197,-7.289618492126465,-7.241725444793701,-7.1933698654174805,-7.1453680992126465,-7.097720146179199,-7.049883842468262,-7.002689838409424,-6.955570697784424,-6.908477783203125,-6.8618268966674805,-6.814449787139893,-6.766055107116699,-6.71826171875,-6.669985294342041,-6.622010707855225,-6.574628829956055,-6.526516437530518,-6.47812032699585,-6.431003570556641,-6.3837971687316895,-6.336138725280762,-6.289649963378906,-6.244138240814209,-6.199522972106934,-6.156888961791992,-6.116665363311768,-6.077820777893066,-6.038933277130127,-5.998051643371582,-5.955030918121338,-5.910027503967285,-5.864119052886963,-5.816882133483887,-5.769087314605713,-5.722479343414307,-5.676462650299072,-5.632506370544434,-5.591444969177246,-5.552745819091797,-5.513736724853516,-5.47406005859375,-5.431677341461182,-5.3868255615234375,-5.3400492668151855,-5.2923455238342285,-5.2447943687438965,-5.1972575187683105,-5.149698734283447,-5.102409839630127,-5.054762363433838,-5.0076680183410645,-4.960292816162109,-4.913149356842041,-4.865216255187988,-4.817488193511963,-4.770211696624756,-4.723080158233643,-4.675573825836182,-4.627654075622559,-4.579625129699707,-4.531466960906982,-4.48344612121582,-4.435985088348389,-4.388376235961914,-4.341188907623291,-4.294241905212402,-4.246995449066162,-4.200029373168945,-4.152894496917725,-4.105413436889648,-4.057363033294678,-4.00945520401001,-3.962503671646118,-3.916384220123291,-3.872018575668335,-3.8298423290252686,-3.7897567749023438,-3.7504842281341553,-3.710906505584717,-3.6691789627075195,-3.625262498855591,-3.57959246635437,-3.5326650142669678,-3.4855377674102783,-3.4380764961242676,-3.3910908699035645,-3.3435683250427246,-3.2956011295318604,-3.247971534729004,-3.200881004333496,-3.153850555419922,-3.1065514087677,-3.0581791400909424,-3.0098114013671875,-2.9622671604156494,-2.9151852130889893,-2.8675878047943115,-2.8203775882720947,-2.772763967514038,-2.7255499362945557,-2.6782870292663574,-2.6305184364318848,-2.582794189453125,-2.5357742309570312,-2.487847328186035,-2.440929651260376,-2.3939993381500244,-2.3462743759155273,-2.297834634780884,-2.249451160430908,-2.201231002807617,-2.1521823406219482,-2.1042048931121826,-2.0558924674987793,-2.00943922996521,-1.9637256860733032,-1.9168386459350586,-1.8695988655090332,-1.8223199844360352,-1.7749953269958496,-1.7274796962738037,-1.6800508499145508,-1.6327844858169556,-1.5861239433288574,-1.538696527481079,-1.4909029006958008,-1.4433146715164185,-1.3966174125671387,-1.349422574043274,-1.3012326955795288,-1.2529500722885132,-1.2054120302200317,-1.1584534645080566,-1.110628366470337,-1.062786340713501,-1.0159449577331543,-0.9689324498176575,-0.9228996634483337,-0.8750022649765015,-0.8279456496238708,-0.7805718779563904,-0.7335003614425659,-0.6857984662055969,-0.6381418108940125,-0.5903468132019043,-0.5435066223144531,-0.4942094683647156,-0.44533804059028625,-0.39723968505859375,-0.3494144380092621,-0.30238649249076843,-0.2544940114021301,-0.20864750444889069,-0.16130675375461578,-0.11310292780399323,-0.06466232985258102,-0.020160863175988197,0.028994867578148842,0.07634522765874863,0.12287311255931854,0.1683373749256134,0.2171706110239029,0.26980531215667725,0.31652331352233887,0.36013880372047424,0.40818390250205994,0.4614875018596649,0.5090822577476501,0.5527037978172302,0.5977931022644043,0.6461331248283386,0.6936424970626831,0.7445089817047119,0.7895932197570801,0.843001663684845,0.8914690613746643,0.9344266653060913,0.9835214614868164,1.0321253538131714,1.08039128780365,1.1226274967193604,1.16238272190094,1.2010947465896606,1.2462742328643799,1.3051553964614868,1.3629158735275269,1.4098899364471436,1.4544634819030762,1.5061566829681396,1.5442447662353516,1.5928772687911987,1.629715919494629,1.6659208536148071,1.7346863746643066,1.86412513256073,2.0270137786865234,2.1245222091674805],"files":["scales.webp"]},"quats":{"files":["quats.webp"]},