{"version":2,"count":524952,"means":{"mins":[2.6695069826000646,-4.9140927777217005,-1.0916758170126843],"maxs":[3.962825884171444,-3.8921528999642527,3.232862935745829],"files":["means_l.webp","means_u.webp"]},"scales":{"codebook":[-9.998598098754883,-9.964200973510742,-9.91692066192627,-9.868426322937012,-9.820371627807617,-9.774201393127441,-9.72747802734375,-9.681878089904785,-9.636937141418457,-9.590892791748047,-9.544265747070312,-9.498725891113281,-9.452588081359863,-9.4083833694458,-9.363276481628418,-9.318178176879883,-9.272326469421387,-9.226639747619629,-9.18123722076416,-9.137176513671875,-9.094494819641113,-9.05346965789795,-9.014853477478027,-8.977778434753418,-8.940176010131836,-8.900457382202148,-8.859051704406738,-8.815248489379883,-8.76923656463623,-8.72415828704834,-8.67973804473877,-8.634817123413086,-8.58846664428711,-8.542445182800293,-8.496783256530762,-8.451416969299316,-8.406509399414062,-8.361614227294922,-8.317521095275879,-8.272127151489258,-8.22550106048584,-8.17987060546875,-8.132688522338867,-8.08715534210205,-8.040918350219727,-7.995515823364258,-7.949560165405273,-7.9051361083984375,-7.860830783843994,-7.816104412078857,-7.7693939208984375,-7.723996162414551,-7.677931308746338,-7.632246017456055,-7.586426258087158,-7.5419392585754395,-7.497586727142334,-7.451822757720947,-7.405704021453857,-7.359898567199707,-7.3142991065979,-7.2680792808532715,-7.222378253936768,-7.17650032043457,-7.130739212036133,-7.084705352783203,-7.039025783538818,-6.9924702644348145,-6.946623802185059,-6.9009504318237305,-6.85656213760376,-6.812281131744385,-6.766845703125,-6.721630096435547,-6.675849437713623,-6.630073070526123,-6.584596633911133,-6.540319919586182,-6.4943084716796875,-6.448124885559082,-6.401344299316406,-6.355741500854492,-6.310591697692871,-6.265168190002441,-6.220057487487793,-6.174419403076172,-6.129236221313477,-6.0832719802856445,-6.0371174812316895,-5.990998268127441,-5.945596694946289,-5.900468349456787,-5.8546929359436035,-5.809282302856445,-5.763927936553955,-5.718435764312744,-5.673135757446289,-5.627763271331787,-5.5823822021484375,-5.537301063537598,-5.4916672706604,-5.44683837890625,-5.402015686035156,-5.358928203582764,-5.31877326965332,-5.279958248138428,-5.242669105529785,-5.20530891418457,-5.166080951690674,-5.124154090881348,-5.080462455749512,-5.0350470542907715,-4.989890098571777,-4.944854736328125,-4.899643421173096,-4.853514194488525,-4.80786657333374,-4.76283073425293,-4.717358589172363,-4.671497344970703,-4.6261396408081055,-4.580416679382324,-4.534878730773926,-4.489422798156738,-4.443919658660889,-4.398231029510498,-4.352444171905518,-4.306726455688477,-4.261361122131348,-4.2162957191467285,-4.17141056060791,-4.125420093536377,-4.0798797607421875,-4.034139633178711,-3.9888012409210205,-3.9434046745300293,-3.8978822231292725,-3.8528616428375244,-3.8076186180114746,-3.7621009349823,-3.717500686645508,-3.67386794090271,-3.6321866512298584,-3.592989444732666,-3.5553712844848633,-3.518310785293579,-3.479713201522827,-3.438692808151245,-3.395970344543457,-3.3515610694885254,-3.3067100048065186,-3.26127552986145,-3.215688943862915,-3.1705334186553955,-3.125633716583252,-3.0799965858459473,-3.034245729446411,-2.9886622428894043,-2.9428415298461914,-2.896764039993286,-2.8514366149902344,-2.8067681789398193,-2.760843515396118,-2.7157912254333496,-2.6700000762939453,-2.62416934967041,-2.5790445804595947,-2.5334320068359375,-2.4874205589294434,-2.441103219985962,-2.3956704139709473,-2.3500030040740967,-2.304492473602295,-2.2587039470672607,-2.2125513553619385,-2.1665313243865967,-2.120668888092041,-2.077014684677124,-2.037745237350464,-2.002573013305664,-1.9518446922302246,-1.9018280506134033,-1.8534605503082275,-1.8066309690475464,-1.7598973512649536,-1.7155340909957886,-1.670143485069275,-1.6244298219680786,-1.579110026359558,-1.5342282056808472,-1.4891847372055054,-1.4433330297470093,-1.3982340097427368,-1.3528014421463013,-1.3082200288772583,-1.2616918087005615,-1.2151150703430176,-1.1707050800323486,-1.1270079612731934,-1.081600308418274,-1.0370374917984009,-0.9897319078445435,-0.9434909224510193,-0.8969867825508118,-0.8503426313400269,-0.803318977355957,-0.7570542097091675,-0.7128450870513916,-0.6675992012023926,-0.6235023140907288,-0.5811550617218018,-0.5365129113197327,-0.49072566628456116,-0.444802463054657,-0.4001201093196869,-0.35171884298324585,-0.3012821674346924,-0.2509843409061432,-0.20627297461032867,-0.16309517621994019,-0.1184474304318428,-0.07485716789960861,-0.028500927612185478,0.014423378743231297,0.059959590435028076,0.10748427361249924,0.15377996861934662,0.19767649471759796,0.24334149062633514,0.29118776321411133,0.3359206020832062,0.3804836869239807,0.42476600408554077,0.47343775629997253,0.5099775791168213,0.5725079774856567,0.6148810386657715,0.6550995707511902,0.6997268199920654,0.7443175911903381,0.803328812122345,0.8297221064567566,0.8790335655212402,0.9320247769355774,0.9869311451911926,1.030226469039917,1.072513222694397,1.1125515699386597,1.1640859842300415,1.2080888748168945,1.2512540817260742,1.368433952331543,1.4225879907608032,1.4716687202453613,1.5677289962768555,1.6112959384918213],"files":["scales.webp"]},"quats":{"files":["quats.webp"]},