{"version":2,"count":646495,"means":{"mins":[3.1588969610350377,1.6257387129290388,-1.2964888933347782],"maxs":[3.358868082091141,3.4982468215951967,3.0630143547756905],"files":["means_l.webp","means_u.webp"]},"scales":{"codebook":[-9.999186515808105,-9.95827865600586,-9.913605690002441,-9.86948013305664,-9.827645301818848,-9.786395072937012,-9.745282173156738,-9.706537246704102,-9.666309356689453,-9.623830795288086,-9.580808639526367,-9.537896156311035,-9.495532035827637,-9.45317554473877,-9.410398483276367,-9.36782455444336,-9.325304985046387,-9.284015655517578,-9.244029998779297,-9.2040433883667,-9.16251277923584,-9.120426177978516,-9.07839584350586,-9.036210060119629,-8.993629455566406,-8.951024055480957,-8.909523963928223,-8.867013931274414,-8.822701454162598,-8.779404640197754,-8.737674713134766,-8.696219444274902,-8.65489387512207,-8.613747596740723,-8.57109260559082,-8.528546333312988,-8.487256050109863,-8.445749282836914,-8.40299129486084,-8.361246109008789,-8.320436477661133,-8.27860164642334,-8.23627758026123,-8.194320678710938,-8.151301383972168,-8.109864234924316,-8.068416595458984,-8.026331901550293,-7.984000205993652,-7.942002773284912,-7.8997392654418945,-7.857806205749512,-7.815840244293213,-7.7743239402771,-7.732234001159668,-7.690744876861572,-7.648931980133057,-7.606048583984375,-7.564350128173828,-7.522899627685547,-7.481022357940674,-7.439483165740967,-7.397528171539307,-7.356029033660889,-7.31368350982666,-7.271615028381348,-7.230205535888672,-7.188201904296875,-7.145970821380615,-7.104162693023682,-7.062023162841797,-7.019332408905029,-6.977352142333984,-6.935422897338867,-6.893409252166748,-6.850918769836426,-6.808418273925781,-6.766544818878174,-6.725196361541748,-6.683895587921143,-6.641811847686768,-6.600125789642334,-6.558192729949951,-6.51660680770874,-6.474617958068848,-6.432535648345947,-6.390852451324463,-6.34915828704834,-6.307219982147217,-6.265142440795898,-6.222947120666504,-6.180797100067139,-6.1390814781188965,-6.0970025062561035,-6.055009365081787,-6.013335227966309,-5.971217155456543,-5.929292678833008,-5.887287139892578,-5.84548807144165,-5.803789138793945,-5.761633396148682,-5.719684600830078,-5.678010940551758,-5.637240886688232,-5.598427772521973,-5.561618328094482,-5.526276588439941,-5.491911888122559,-5.457162857055664,-5.420762538909912,-5.38223934173584,-5.342222213745117,-5.301022052764893,-5.260507583618164,-5.221367835998535,-5.184136390686035,-5.149129390716553,-5.115598201751709,-5.082635879516602,-5.0501275062561035,-5.017676830291748,-4.985087871551514,-4.951384544372559,-4.9159255027771,-4.878452301025391,-4.838930606842041,-4.798234939575195,-4.757699966430664,-4.717827320098877,-4.679661273956299,-4.643914699554443,-4.609321117401123,-4.574836254119873,-4.539516448974609,-4.501973628997803,-4.4618024826049805,-4.420389652252197,-4.378498554229736,-4.3366289138793945,-4.2945051193237305,-4.252845764160156,-4.210803985595703,-4.169055461883545,-4.127339839935303,-4.085572242736816,-4.044060707092285,-4.002477169036865,-3.9614651203155518,-3.9220364093780518,-3.8849594593048096,-3.8493635654449463,-3.8151931762695312,-3.780604362487793,-3.744201183319092,-3.705547332763672,-3.665376901626587,-3.623528242111206,-3.581347703933716,-3.5396409034729004,-3.4981093406677246,-3.4567925930023193,-3.4151253700256348,-3.3731465339660645,-3.3308451175689697,-3.288917303085327,-3.246615409851074,-3.204510450363159,-3.1627066135406494,-3.1215808391571045,-3.0794146060943604,-3.037818193435669,-2.996119499206543,-2.9539694786071777,-2.9118502140045166,-2.8697891235351562,-2.828305959701538,-2.7861485481262207,-2.7440056800842285,-2.7029292583465576,-2.660764455795288,-2.6188178062438965,-2.5772247314453125,-2.535911798477173,-2.495680332183838,-2.4534099102020264,-2.411672353744507,-2.3693549633026123,-2.3265905380249023,-2.2833006381988525,-2.2398881912231445,-2.197205066680908,-2.155714988708496,-2.114959478378296,-2.072396755218506,-2.0323948860168457,-1.9936864376068115,-1.9475178718566895,-1.9039398431777954,-1.8597304821014404,-1.8194570541381836,-1.7822082042694092,-1.740119457244873,-1.6960296630859375,-1.6494507789611816,-1.6096006631851196,-1.5718437433242798,-1.5335475206375122,-1.489518642425537,-1.4438756704330444,-1.3996329307556152,-1.3542747497558594,-1.3146107196807861,-1.2757046222686768,-1.2338751554489136,-1.1961734294891357,-1.15144944190979,-1.1144224405288696,-1.0731520652770996,-1.0265263319015503,-0.9843174815177917,-0.9447619915008545,-0.9045708179473877,-0.8551597595214844,-0.8143537640571594,-0.7698134183883667,-0.7265166640281677,-0.681915283203125,-0.6453545689582825,-0.6073358654975891,-0.5540540218353271,-0.5239437222480774,-0.474094033241272,-0.4457780718803406,-0.386860191822052,-0.34956881403923035,-0.29874542355537415,-0.24535667896270752,-0.22185707092285156,-0.18207594752311707,-0.1402166485786438,-0.11624158918857574,-0.044129274785518646,-0.01381874643266201,0.022219473496079445,0.07382406294345856,0.09985054284334183,0.15412604808807373,0.17894819378852844,0.3642454445362091,0.4175952672958374,0.43930691480636597,0.4872734248638153,0.5574454665184021,0.6602333784103394,0.6987712979316711],"files":["scales.webp"]},"quats":{"files":["quats.webp"]},