{"version":2,"count":525147,"means":{"mins":[3.2855719935684604,-6.3989449368106985,-4.688215910887695],"maxs":[5.94156766112869,-5.507351655831854,-4.242883692801789],"files":["means_l.webp","means_u.webp"]},"scales":{"codebook":[-10,-9.922369956970215,-9.901350021362305,-7.755586624145508,-7.191838264465332,-7.122708797454834,-6.927938938140869,-6.738168716430664,-6.531826019287109,-6.461115837097168,-6.2582268714904785,-6.244404315948486,-6.137654781341553,-6.066393852233887,-5.915334224700928,-5.858680725097656,-5.784127235412598,-5.656968116760254,-5.577006816864014,-5.564246654510498,-5.470125675201416,-5.455930233001709,-5.384106636047363,-5.356265544891357,-5.304315090179443,-5.2315168380737305,-5.1697282791137695,-5.09915828704834,-5.037162780761719,-4.968427658081055,-4.928605079650879,-4.8764424324035645,-4.829181671142578,-4.77517557144165,-4.7176337242126465,-4.66977596282959,-4.616061687469482,-4.562205791473389,-4.492056846618652,-4.458328723907471,-4.408050537109375,-4.372482776641846,-4.339486122131348,-4.308455467224121,-4.258270263671875,-4.202580451965332,-4.164144039154053,-4.130130767822266,-4.081005096435547,-4.042684078216553,-4.022583961486816,-3.977632999420166,-3.9303181171417236,-3.88649845123291,-3.837071418762207,-3.7932543754577637,-3.7574760913848877,-3.713761329650879,-3.677663564682007,-3.643698215484619,-3.6110780239105225,-3.591737985610962,-3.5696370601654053,-3.527855634689331,-3.4828779697418213,-3.4506025314331055,-3.4255383014678955,-3.4071736335754395,-3.3871729373931885,-3.3580901622772217,-3.3189189434051514,-3.2763118743896484,-3.2411880493164062,-3.214467763900757,-3.1972408294677734,-3.1892249584198,-3.1796674728393555,-3.165436029434204,-3.1446895599365234,-3.1227352619171143,-3.100745677947998,-3.0816524028778076,-3.0604403018951416,-3.0346643924713135,-3.005272626876831,-2.9749391078948975,-2.939450263977051,-2.899108648300171,-2.860752582550049,-2.8326056003570557,-2.805440902709961,-2.7764530181884766,-2.7559313774108887,-2.739929437637329,-2.716452121734619,-2.6840059757232666,-2.6528077125549316,-2.6307520866394043,-2.610089063644409,-2.5913124084472656,-2.573471784591675,-2.552248001098633,-2.534386157989502,-2.514029026031494,-2.4873833656311035,-2.4614176750183105,-2.44291353225708,-2.426307201385498,-2.4064033031463623,-2.3884854316711426,-2.3737919330596924,-2.3590381145477295,-2.34342622756958,-2.3234169483184814,-2.3007051944732666,-2.2695565223693848,-2.235146999359131,-2.204566240310669,-2.183807849884033,-2.1654062271118164,-2.144773006439209,-2.119080066680908,-2.0883138179779053,-2.0597496032714844,-2.0347065925598145,-2.0131704807281494,-1.9954463243484497,-1.9777908325195312,-1.9547280073165894,-1.9284870624542236,-1.8987091779708862,-1.86480712890625,-1.8309696912765503,-1.804296612739563,-1.782422423362732,-1.7638351917266846,-1.745700478553772,-1.7222559452056885,-1.6942038536071777,-1.6653687953948975,-1.6363136768341064,-1.6098212003707886,-1.5867341756820679,-1.5597213506698608,-1.529275894165039,-1.4935286045074463,-1.4551126956939697,-1.4186222553253174,-1.3842155933380127,-1.3522064685821533,-1.3213797807693481,-1.2887094020843506,-1.2539374828338623,-1.2201944589614868,-1.1892398595809937,-1.156973958015442,-1.1220442056655884,-1.0838911533355713,-1.042468547821045,-1.0016825199127197,-0.9639136791229248,-0.9291761517524719,-0.8975493907928467,-0.8678893446922302,-0.8372818231582642,-0.8035352230072021,-0.7680333852767944,-0.7322856187820435,-0.6984718441963196,-0.669813871383667,-0.6471735835075378,-0.6287184357643127,-0.6103004813194275,-0.5891507267951965,-0.5654979944229126,-0.5385980606079102,-0.5101713538169861,-0.4806831479072571,-0.4512648284435272,-0.4224567115306854,-0.3952326774597168,-0.36858493089675903,-0.34324225783348083,-0.32082247734069824,-0.2993893325328827,-0.27722007036209106,-0.2519284784793854,-0.22306708991527557,-0.18879078328609467,-0.15053148567676544,-0.11042129248380661,-0.07105008512735367,-0.033883389085531235,-0.0004710760258603841,0.03195156902074814,0.06700257211923599,0.10536444187164307,0.14649014174938202,0.1871493011713028,0.2288135141134262,0.2713108956813812,0.3155768811702728,0.3614778518676758,0.41049864888191223,0.4612811803817749,0.5121172666549683,0.5644290447235107,0.6171758770942688,0.6683637499809265,0.7193695306777954,0.7717416882514954,0.822886049747467,0.8760812282562256,0.9284946918487549,0.982038676738739,1.0339854955673218,1.0847476720809937,1.1362203359603882,1.1868937015533447,1.2368338108062744,1.2871743440628052,1.3369790315628052,1.3887192010879517,1.437685489654541,1.4840104579925537,1.5277910232543945,1.5686323642730713,1.6140549182891846,1.6558042764663696,1.701616644859314,1.7524248361587524,1.8024075031280518,1.8630064725875854,1.917662501335144,1.9608871936798096,2.0141355991363525,2.063281297683716,2.1092090606689453,2.162860155105591,2.2139437198638916,2.266221284866333,2.314288377761841,2.3601346015930176,2.4179277420043945,2.481415271759033,2.543670892715454,2.6098644733428955,2.652484655380249,2.7015483379364014,2.758190155029297,2.797616958618164,2.8632609844207764,2.90392804145813,3.0055150985717773,3.167403221130371,3.2081284523010254],"files":["scales.webp"]},"quats":{"files":["quats.webp"]},