{"version":2,"count":560158,"means":{"mins":[2.499558876579216,-3.8921479969724744,-1.2859746394881348],"maxs":[3.2255436849678394,-3.4582534044921394,3.1327164130669205],"files":["means_l.webp","means_u.webp"]},"scales":{"codebook":[-9.99910831451416,-9.95945930480957,-9.915682792663574,-9.872775077819824,-9.829630851745605,-9.786638259887695,-9.743799209594727,-9.701356887817383,-9.658957481384277,-9.617033958435059,-9.574420928955078,-9.532034873962402,-9.489823341369629,-9.447540283203125,-9.40490436553955,-9.362860679626465,-9.32037353515625,-9.277989387512207,-9.235753059387207,-9.19275188446045,-9.1492280960083,-9.10682487487793,-9.063654899597168,-9.02070426940918,-8.979104042053223,-8.936589241027832,-8.893977165222168,-8.851119041442871,-8.807573318481445,-8.765167236328125,-8.722688674926758,-8.680771827697754,-8.638795852661133,-8.596855163574219,-8.554037094116211,-8.511496543884277,-8.469526290893555,-8.42736530303955,-8.384961128234863,-8.341131210327148,-8.298050880432129,-8.255300521850586,-8.213749885559082,-8.170211791992188,-8.127504348754883,-8.085766792297363,-8.043017387390137,-8.000941276550293,-7.957714080810547,-7.914806365966797,-7.871860980987549,-7.829301834106445,-7.787990570068359,-7.7459516525268555,-7.702608108520508,-7.659449100494385,-7.616581439971924,-7.574236869812012,-7.531131744384766,-7.487742900848389,-7.444372177124023,-7.400982856750488,-7.359175205230713,-7.31735897064209,-7.2743120193481445,-7.232099533081055,-7.189334869384766,-7.146624565124512,-7.10392427444458,-7.062315464019775,-7.02031946182251,-6.977854251861572,-6.935068607330322,-6.8943376541137695,-6.8542799949646,-6.8150858879089355,-6.77859354019165,-6.7440924644470215,-6.708864688873291,-6.672327041625977,-6.634083271026611,-6.593934059143066,-6.551684856414795,-6.509443759918213,-6.466824054718018,-6.423428535461426,-6.38045072555542,-6.337881565093994,-6.295112133026123,-6.252213954925537,-6.209043502807617,-6.166941165924072,-6.124879360198975,-6.0824079513549805,-6.040813446044922,-5.998610973358154,-5.956519603729248,-5.916378498077393,-5.878367900848389,-5.841895580291748,-5.8071088790893555,-5.772759914398193,-5.736167907714844,-5.697297096252441,-5.656469345092773,-5.614968299865723,-5.572673320770264,-5.530010223388672,-5.487110137939453,-5.4447479248046875,-5.402266502380371,-5.359353542327881,-5.316681861877441,-5.274295806884766,-5.2314677238464355,-5.18853759765625,-5.145843982696533,-5.1035075187683105,-5.061055660247803,-5.018605709075928,-4.975795745849609,-4.932867527008057,-4.890036582946777,-4.847476959228516,-4.804943084716797,-4.7622246742248535,-4.719744682312012,-4.677732467651367,-4.635470867156982,-4.593087673187256,-4.5507636070251465,-4.508314609527588,-4.465497970581055,-4.42269229888916,-4.380199432373047,-4.337503910064697,-4.294802188873291,-4.252562999725342,-4.2104620933532715,-4.1682586669921875,-4.125617980957031,-4.083012580871582,-4.040830612182617,-3.998551607131958,-3.9565303325653076,-3.9135003089904785,-3.870788335800171,-3.8285491466522217,-3.7869129180908203,-3.7458863258361816,-3.706658363342285,-3.669557809829712,-3.634204149246216,-3.599541187286377,-3.5640082359313965,-3.526514768600464,-3.486722469329834,-3.445897340774536,-3.4041430950164795,-3.361476421356201,-3.318511486053467,-3.275378465652466,-3.233009099960327,-3.1909773349761963,-3.148672103881836,-3.1058967113494873,-3.0632376670837402,-3.0210986137390137,-2.9788007736206055,-2.93654465675354,-2.8937854766845703,-2.85128116607666,-2.8087308406829834,-2.7663731575012207,-2.7238218784332275,-2.6812682151794434,-2.6390531063079834,-2.597449779510498,-2.5550546646118164,-2.5128085613250732,-2.4691004753112793,-2.4263415336608887,-2.3843674659729004,-2.341197967529297,-2.2987723350524902,-2.256314277648926,-2.214038610458374,-2.1706619262695312,-2.1266465187072754,-2.0842416286468506,-2.0444865226745605,-2.005779981613159,-1.9594980478286743,-1.9132657051086426,-1.8696848154067993,-1.8284190893173218,-1.7851608991622925,-1.7444111108779907,-1.7034317255020142,-1.6616305112838745,-1.618524432182312,-1.575146198272705,-1.5327330827713013,-1.491282343864441,-1.4468523263931274,-1.404488205909729,-1.363389015197754,-1.3206188678741455,-1.2778630256652832,-1.2319591045379639,-1.1884781122207642,-1.1473603248596191,-1.1069767475128174,-1.0643904209136963,-1.0208903551101685,-0.9779195785522461,-0.9345558285713196,-0.8900083303451538,-0.8467210531234741,-0.8064606189727783,-0.76383376121521,-0.718680202960968,-0.6830451488494873,-0.637937068939209,-0.5964984893798828,-0.5502030849456787,-0.5075758695602417,-0.4715559184551239,-0.43317675590515137,-0.39958080649375916,-0.3694879710674286,-0.2970276474952698,-0.24719299376010895,-0.21100661158561707,-0.17869049310684204,-0.1298319548368454,-0.0917646735906601,-0.046415381133556366,0.00021222408395260572,0.044028230011463165,0.08952499181032181,0.12394794821739197,0.17546208202838898,0.22015364468097687,0.24544359743595123,0.27823472023010254,0.3371245265007019,0.37453824281692505,0.4232190251350403,0.469556987285614,0.5093100666999817,0.5486488938331604,0.5993887782096863,0.640334963798523,0.7308083772659302,0.8542895317077637],"files":["scales.webp"]},"quats":{"files":["quats.webp"]},