{"version":2,"count":524952,"means":{"mins":[3.285601683635565,-5.7245712508430815,-4.7687102195004725],"maxs":[6.225893301396165,-2.694118137106615,-4.234729930301794],"files":["means_l.webp","means_u.webp"]},"scales":{"codebook":[-10,-9.922369956970215,-9.901350021362305,-7.755586624145508,-7.191838264465332,-7.122708797454834,-6.927938938140869,-6.738168716430664,-6.531826019287109,-6.461115837097168,-6.2490997314453125,-6.137654781341553,-6.066393852233887,-5.915334224700928,-5.858200550079346,-5.784127235412598,-5.655641555786133,-5.569198131561279,-5.470125675201416,-5.455930233001709,-5.384106636047363,-5.356265544891357,-5.304277420043945,-5.2315168380737305,-5.175549030303955,-5.171124458312988,-5.163149356842041,-5.09915828704834,-5.038704872131348,-4.982287883758545,-4.949710369110107,-4.928605079650879,-4.883058071136475,-4.855030059814453,-4.829181671142578,-4.775243282318115,-4.718678951263428,-4.670906066894531,-4.61607027053833,-4.5607733726501465,-4.492387294769287,-4.458224296569824,-4.408506393432617,-4.364789009094238,-4.321399211883545,-4.292800426483154,-4.257289409637451,-4.2033233642578125,-4.152052879333496,-4.11842679977417,-4.080900192260742,-4.035124778747559,-3.986933946609497,-3.9372682571411133,-3.8873603343963623,-3.8374292850494385,-3.792684555053711,-3.758063793182373,-3.7136459350585938,-3.6815731525421143,-3.669567108154297,-3.6358983516693115,-3.600675106048584,-3.5730953216552734,-3.565981864929199,-3.541599750518799,-3.508362293243408,-3.4633610248565674,-3.418207883834839,-3.3770530223846436,-3.348499298095703,-3.333189010620117,-3.2979869842529297,-3.2594499588012695,-3.2228505611419678,-3.1887545585632324,-3.165397882461548,-3.14473032951355,-3.122767925262451,-3.100586175918579,-3.0817527770996094,-3.0656015872955322,-3.054114580154419,-3.040055990219116,-3.0207557678222656,-3.000728130340576,-2.9738523960113525,-2.93963885307312,-2.9031755924224854,-2.8679492473602295,-2.8309342861175537,-2.7922844886779785,-2.7636120319366455,-2.7422571182250977,-2.726017475128174,-2.7059764862060547,-2.6867659091949463,-2.665283679962158,-2.639564275741577,-2.6111879348754883,-2.5810506343841553,-2.5452797412872314,-2.514817237854004,-2.491370439529419,-2.4704344272613525,-2.4466779232025146,-2.419877052307129,-2.388726234436035,-2.3535239696502686,-2.309539556503296,-2.265824317932129,-2.226731777191162,-2.1910598278045654,-2.1589317321777344,-2.128152847290039,-2.0961697101593018,-2.0668091773986816,-2.0413241386413574,-2.0165512561798096,-1.988171935081482,-1.9577142000198364,-1.925612211227417,-1.894649624824524,-1.8667004108428955,-1.839577078819275,-1.8141672611236572,-1.7907774448394775,-1.7675485610961914,-1.7411482334136963,-1.7103856801986694,-1.6762100458145142,-1.6393886804580688,-1.5995358228683472,-1.5594998598098755,-1.520711898803711,-1.482906699180603,-1.4448620080947876,-1.4103350639343262,-1.3802871704101562,-1.3545589447021484,-1.3325260877609253,-1.312860369682312,-1.2939414978027344,-1.2736989259719849,-1.251665472984314,-1.2272329330444336,-1.2021476030349731,-1.1770824193954468,-1.1524112224578857,-1.1278852224349976,-1.1059684753417969,-1.0868251323699951,-1.067615032196045,-1.0500860214233398,-1.0320627689361572,-1.0157393217086792,-0.9996049404144287,-0.9825335144996643,-0.9619131088256836,-0.939069390296936,-0.9132506251335144,-0.8846110105514526,-0.8530619144439697,-0.8218993544578552,-0.7935417294502258,-0.7666729688644409,-0.7387561798095703,-0.7091370820999146,-0.6774982213973999,-0.6458039879798889,-0.6167309284210205,-0.5897243618965149,-0.5638728141784668,-0.5383102297782898,-0.5112509727478027,-0.48240533471107483,-0.45210397243499756,-0.42015108466148376,-0.38746359944343567,-0.35322585701942444,-0.31722715497016907,-0.27907004952430725,-0.2403809279203415,-0.20203575491905212,-0.1638067364692688,-0.1258852630853653,-0.08844790607690811,-0.05115348845720291,-0.012303688563406467,0.02624623477458954,0.06349745392799377,0.09916896373033524,0.13442079722881317,0.17017096281051636,0.20917746424674988,0.24988330900669098,0.29257845878601074,0.3351952135562897,0.3760462701320648,0.4136390686035156,0.4501550793647766,0.4863700866699219,0.5249893665313721,0.5671899914741516,0.6144126057624817,0.6634771823883057,0.7120267748832703,0.7610070109367371,0.8080391883850098,0.8517052531242371,0.8942880630493164,0.9374397397041321,0.9818684458732605,1.0277116298675537,1.0711604356765747,1.1133750677108765,1.153528094291687,1.1965597867965698,1.2399747371673584,1.2867772579193115,1.3358910083770752,1.3859329223632812,1.4389443397521973,1.4940217733383179,1.545551061630249,1.598235845565796,1.6496620178222656,1.6981287002563477,1.7532470226287842,1.8131062984466553,1.8638098239898682,1.9135812520980835,1.9582147598266602,2.013918876647949,2.0670971870422363,2.1283490657806396,2.1704235076904297,2.231971025466919,2.287909984588623,2.3450939655303955,2.3921961784362793,2.4374566078186035,2.504481315612793,2.5595598220825195,2.5971784591674805,2.635097026824951,2.700071334838867,2.74973464012146,2.798877716064453,2.8584702014923096,2.911792039871216,2.980928421020508,3.0540013313293457,3.2103493213653564,3.294633626937866,3.3316004276275635],"files":["scales.webp"]},"quats":{"files":["quats.webp"]},