{"version":2,"count":504709,"means":{"mins":[-4.8661079104066545,-4.259230822369597,-1.4721799278752896],"maxs":[5.024587194728843,5.09014920362733,3.5301717645685406],"files":["means_l.webp","means_u.webp"]},"scales":{"codebook":[-9.999466896057129,-9.977753639221191,-9.943741798400879,-9.900256156921387,-9.851613998413086,-9.801025390625,-9.750226020812988,-9.700512886047363,-9.650412559509277,-9.600430488586426,-9.549939155578613,-9.499462127685547,-9.45000171661377,-9.39990520477295,-9.349982261657715,-9.30029296875,-9.251046180725098,-9.201028823852539,-9.149795532226562,-9.098834991455078,-9.049262046813965,-9.000605583190918,-8.951228141784668,-8.90051555633545,-8.849309921264648,-8.799036026000977,-8.748980522155762,-8.699258804321289,-8.650006294250488,-8.599771499633789,-8.550217628479004,-8.501382827758789,-8.451626777648926,-8.40167236328125,-8.350149154663086,-8.29774284362793,-8.248235702514648,-8.199198722839355,-8.149898529052734,-8.100231170654297,-8.049131393432617,-7.998681545257568,-7.950416564941406,-7.901740074157715,-7.850965976715088,-7.799196720123291,-7.748164653778076,-7.697261810302734,-7.6472086906433105,-7.597881317138672,-7.548159122467041,-7.499669075012207,-7.450165748596191,-7.401819705963135,-7.3534746170043945,-7.306478500366211,-7.2613348960876465,-7.21859073638916,-7.176963806152344,-7.1354265213012695,-7.091992378234863,-7.047616481781006,-6.9985785484313965,-6.9488372802734375,-6.898067951202393,-6.8479509353637695,-6.799466609954834,-6.74913215637207,-6.698849678039551,-6.649922847747803,-6.5990800857543945,-6.549126148223877,-6.498239040374756,-6.448482990264893,-6.398215293884277,-6.348311901092529,-6.297298908233643,-6.247052192687988,-6.198306083679199,-6.148730278015137,-6.09730863571167,-6.0458855628967285,-5.996236801147461,-5.946011066436768,-5.896254539489746,-5.8472795486450195,-5.798032283782959,-5.748753070831299,-5.698758602142334,-5.64833927154541,-5.598268508911133,-5.548880100250244,-5.498500823974609,-5.447534084320068,-5.397552490234375,-5.347776889801025,-5.29782772064209,-5.246652603149414,-5.196763515472412,-5.147466659545898,-5.097705364227295,-5.04641580581665,-4.996510028839111,-4.946812152862549,-4.897359371185303,-4.8471360206604,-4.796735763549805,-4.746933460235596,-4.696130275726318,-4.645669937133789,-4.596192359924316,-4.545987606048584,-4.495229244232178,-4.44488000869751,-4.3961100578308105,-4.345717430114746,-4.2959160804748535,-4.246609687805176,-4.196634769439697,-4.146718502044678,-4.096564292907715,-4.0471906661987305,-3.996973991394043,-3.9474334716796875,-3.8973493576049805,-3.8475053310394287,-3.7973217964172363,-3.7468509674072266,-3.697047233581543,-3.647185802459717,-3.597557783126831,-3.5477001667022705,-3.4972972869873047,-3.446495771408081,-3.395901679992676,-3.3465309143066406,-3.296358823776245,-3.246861219406128,-3.1974661350250244,-3.1479074954986572,-3.098189353942871,-3.0479042530059814,-2.997952938079834,-2.948162794113159,-2.8979387283325195,-2.8479232788085938,-2.798295021057129,-2.7483627796173096,-2.6984360218048096,-2.6482017040252686,-2.598121404647827,-2.5478718280792236,-2.497751235961914,-2.4472484588623047,-2.3971707820892334,-2.347028970718384,-2.296755790710449,-2.246622323989868,-2.1964588165283203,-2.14786696434021,-2.1023499965667725,-2.062390089035034,-2.0293869972229004,-2.001450777053833,-1.9519625902175903,-1.9016199111938477,-1.8510279655456543,-1.8003296852111816,-1.7497996091842651,-1.699533462524414,-1.6503101587295532,-1.602102279663086,-1.555464744567871,-1.5113633871078491,-1.4699336290359497,-1.4302417039871216,-1.388999342918396,-1.3459049463272095,-1.2989308834075928,-1.2501829862594604,-1.20114004611969,-1.15004301071167,-1.1001276969909668,-1.0505955219268799,-1.00014066696167,-0.950182318687439,-0.9005846977233887,-0.8498067855834961,-0.7993643879890442,-0.7486627697944641,-0.6986967921257019,-0.6487881541252136,-0.5994236469268799,-0.5505598783493042,-0.5005177855491638,-0.44806379079818726,-0.3965300917625427,-0.3452039062976837,-0.2956123650074005,-0.2473963052034378,-0.19770361483097076,-0.14925481379032135,-0.09653741866350174,-0.04707009345293045,0.004072424024343491,0.0539594329893589,0.10157027095556259,0.15186414122581482,0.20285682380199432,0.2508377730846405,0.29980507493019104,0.3522705137729645,0.4035540521144867,0.45215144753456116,0.4998677372932434,0.5514464378356934,0.6025054454803467,0.6544126868247986,0.7039675712585449,0.7515221834182739,0.7979996204376221,0.8445253372192383,0.8972722291946411,0.9476077556610107,0.9967122077941895,1.0429021120071411,1.090553879737854,1.1483012437820435,1.201540470123291,1.2566419839859009,1.3029587268829346,1.3497222661972046,1.4038052558898926,1.4563440084457397,1.5051791667938232,1.5505677461624146,1.59815514087677,1.6384308338165283,1.6986186504364014,1.7483938932418823,1.788111686706543,1.8459235429763794,1.8896549940109253,1.9450573921203613,1.9943398237228394,2.037926435470581,2.092888832092285,2.13671612739563,2.1770427227020264,2.2387003898620605,2.3217246532440186,2.371061325073242,2.391726493835449,2.4270455837249756,2.5856432914733887,2.745985984802246],"files":["scales.webp"]},"quats":{"files":["quats.webp"]},