{"version":2,"count":527308,"means":{"mins":[-2.2807796297563008,-6.8737969209044785,-0.9091724085228241],"maxs":[3.8648569565446795,-3.0123144170465945,6.454237565756702],"files":["means_l.webp","means_u.webp"]},"scales":{"codebook":[-9.99899959564209,-9.969558715820312,-9.927948951721191,-9.880264282226562,-9.827140808105469,-9.773192405700684,-9.718010902404785,-9.663143157958984,-9.607553482055664,-9.552125930786133,-9.4956636428833,-9.439398765563965,-9.382857322692871,-9.326578140258789,-9.269845008850098,-9.213201522827148,-9.156185150146484,-9.099562644958496,-9.04332447052002,-8.987907409667969,-8.930778503417969,-8.875284194946289,-8.819868087768555,-8.764320373535156,-8.709097862243652,-8.656742095947266,-8.606949806213379,-8.55937385559082,-8.513508796691895,-8.467142105102539,-8.420024871826172,-8.369131088256836,-8.313774108886719,-8.259370803833008,-8.203902244567871,-8.147443771362305,-8.090537071228027,-8.03383731842041,-7.977583885192871,-7.921678066253662,-7.864917755126953,-7.807710647583008,-7.75080680847168,-7.6947526931762695,-7.639338493347168,-7.583300590515137,-7.526812553405762,-7.471825122833252,-7.415517807006836,-7.3597917556762695,-7.303370475769043,-7.247676372528076,-7.190909385681152,-7.134259223937988,-7.07752799987793,-7.020090579986572,-6.962104320526123,-6.903361797332764,-6.846286773681641,-6.789841651916504,-6.734639644622803,-6.68275785446167,-6.6348137855529785,-6.590169906616211,-6.547060012817383,-6.503483772277832,-6.456308841705322,-6.405019283294678,-6.349323272705078,-6.2928056716918945,-6.235594749450684,-6.180014133453369,-6.123934745788574,-6.0664896965026855,-6.009071350097656,-5.952446937561035,-5.896904945373535,-5.840085506439209,-5.783482551574707,-5.72873592376709,-5.674556732177734,-5.62255859375,-5.571547508239746,-5.524034023284912,-5.478191375732422,-5.432064056396484,-5.384180068969727,-5.333120822906494,-5.279287815093994,-5.222658634185791,-5.165401458740234,-5.109025478363037,-5.052753925323486,-4.996108531951904,-4.939793586730957,-4.88311767578125,-4.827063083648682,-4.771309852600098,-4.715735912322998,-4.659796237945557,-4.604748249053955,-4.551413536071777,-4.500737190246582,-4.453140735626221,-4.40817928314209,-4.365487575531006,-4.323996067047119,-4.282445430755615,-4.2398223876953125,-4.194814682006836,-4.147153854370117,-4.097712993621826,-4.048402309417725,-4.001936912536621,-3.9604127407073975,-3.9232914447784424,-3.888970136642456,-3.855570077896118,-3.822638511657715,-3.7914879322052,-3.762310028076172,-3.7346529960632324,-3.7059237957000732,-3.6728997230529785,-3.634031295776367,-3.589556932449341,-3.5427491664886475,-3.4976730346679688,-3.4571542739868164,-3.4212327003479004,-3.3891713619232178,-3.358715772628784,-3.326922655105591,-3.2918055057525635,-3.253770351409912,-3.214578151702881,-3.1760666370391846,-3.1384437084198,-3.1015830039978027,-3.064051389694214,-3.0242271423339844,-2.9822068214416504,-2.9406180381774902,-2.9006166458129883,-2.8627331256866455,-2.8250844478607178,-2.785460948944092,-2.7410221099853516,-2.692316770553589,-2.641641616821289,-2.589413642883301,-2.538749933242798,-2.48960018157959,-2.444498300552368,-2.402280330657959,-2.3615200519561768,-2.321136951446533,-2.2787582874298096,-2.232297420501709,-2.182204484939575,-2.1278886795043945,-2.0706920623779297,-2.016078233718872,-1.9633662700653076,-1.9112972021102905,-1.8581459522247314,-1.8020604848861694,-1.7448726892471313,-1.6886574029922485,-1.631606101989746,-1.576325535774231,-1.5225720405578613,-1.464433193206787,-1.4081529378890991,-1.3543336391448975,-1.2977875471115112,-1.2407578229904175,-1.1822106838226318,-1.123358130455017,-1.0672292709350586,-1.0085644721984863,-0.9529627561569214,-0.89898282289505,-0.8462605476379395,-0.7914125323295593,-0.7374106049537659,-0.6802060008049011,-0.6246392726898193,-0.5681720972061157,-0.5105777978897095,-0.4554479420185089,-0.3998591899871826,-0.34020984172821045,-0.2828279435634613,-0.2298543006181717,-0.1760183721780777,-0.12172942608594894,-0.06456363946199417,-0.00898286048322916,0.047212887555360794,0.10745697468519211,0.16363799571990967,0.22505442798137665,0.2884199023246765,0.3411940336227417,0.38975489139556885,0.44761884212493896,0.504941999912262,0.551711916923523,0.6041024923324585,0.6794869899749756,0.7283104062080383,0.790622353553772,0.8448956608772278,0.8994791507720947,0.9462895393371582,0.9989252090454102,1.0670955181121826,1.1044632196426392,1.1711108684539795,1.2393966913223267,1.2891467809677124,1.3509587049484253,1.4091359376907349,1.4784164428710938,1.531714916229248,1.5903410911560059,1.6246665716171265,1.6838603019714355,1.734025001525879,1.7937294244766235,1.850493311882019,1.9020940065383911,1.9523388147354126,2.2558112144470215,2.3037407398223877,2.365736961364746,2.4686315059661865,2.529541015625,2.609135389328003,2.642788887023926,2.871248722076416,2.903912305831909,3.005571126937866,3.0905418395996094,3.151374578475952,3.209218740463257,3.386093854904175,3.5364747047424316,3.5876803398132324,3.677192211151123,3.736166000366211,3.7664237022399902,3.9086899757385254,4.268486499786377,4.32882833480835],"files":["scales.webp"]},"quats":{"files":["quats.webp"]},