{"version":2,"count":532636,"means":{"mins":[1.9224747631597765,-3.0756922869092578,-0.9971356273103352],"maxs":[4.157251267614439,2.3235948666662436,2.9536954345312383],"files":["means_l.webp","means_u.webp"]},"scales":{"codebook":[-9.99839973449707,-9.95958423614502,-9.912619590759277,-9.866817474365234,-9.820119857788086,-9.775240898132324,-9.730114936828613,-9.686029434204102,-9.643731117248535,-9.599910736083984,-9.554816246032715,-9.510396003723145,-9.46581745147705,-9.42224407196045,-9.378900527954102,-9.335456848144531,-9.289923667907715,-9.244850158691406,-9.200535774230957,-9.155733108520508,-9.111592292785645,-9.067914009094238,-9.024298667907715,-8.980895042419434,-8.936837196350098,-8.892538070678711,-8.848487854003906,-8.802916526794434,-8.757616996765137,-8.713286399841309,-8.668722152709961,-8.624332427978516,-8.579928398132324,-8.536256790161133,-8.492036819458008,-8.447503089904785,-8.403251647949219,-8.357854843139648,-8.31403636932373,-8.270037651062012,-8.225860595703125,-8.180089950561523,-8.135430335998535,-8.091678619384766,-8.047978401184082,-8.003033638000488,-7.959408760070801,-7.915384769439697,-7.870975494384766,-7.826848030090332,-7.782289981842041,-7.7379679679870605,-7.693684101104736,-7.649311065673828,-7.605269432067871,-7.560984134674072,-7.517175197601318,-7.472424507141113,-7.427667617797852,-7.383007049560547,-7.338400840759277,-7.294343948364258,-7.2502546310424805,-7.206266403198242,-7.162949562072754,-7.118598937988281,-7.07381010055542,-7.02866792678833,-6.984604835510254,-6.939943790435791,-6.896262168884277,-6.851968288421631,-6.807194709777832,-6.762070655822754,-6.71760368347168,-6.673431873321533,-6.629149913787842,-6.58506965637207,-6.54085636138916,-6.49672269821167,-6.452706813812256,-6.408367156982422,-6.363738059997559,-6.31941556930542,-6.275206089019775,-6.231074333190918,-6.186951637268066,-6.144065856933594,-6.103031158447266,-6.063897132873535,-6.02720832824707,-5.991870880126953,-5.957155227661133,-5.92252779006958,-5.8879313468933105,-5.853147506713867,-5.817127227783203,-5.779394149780273,-5.740044593811035,-5.699822902679443,-5.65919828414917,-5.619770526885986,-5.5814948081970215,-5.544814109802246,-5.508041858673096,-5.4698591232299805,-5.429628849029541,-5.387699127197266,-5.344585418701172,-5.301187515258789,-5.256861686706543,-5.2126545906066895,-5.168260097503662,-5.123847484588623,-5.0796332359313965,-5.035306930541992,-4.991202354431152,-4.947447299957275,-4.903639316558838,-4.859396934509277,-4.814849376678467,-4.770789623260498,-4.726694583892822,-4.683417797088623,-4.641967296600342,-4.602596759796143,-4.565756797790527,-4.529838562011719,-4.493135452270508,-4.4544219970703125,-4.413519382476807,-4.3713603019714355,-4.32826566696167,-4.283772945404053,-4.239625930786133,-4.195297718048096,-4.1511101722717285,-4.106530666351318,-4.062189102172852,-4.017302989959717,-3.972482204437256,-3.928151845932007,-3.883896589279175,-3.8396594524383545,-3.7952961921691895,-3.7508959770202637,-3.706700086593628,-3.66288423538208,-3.618062734603882,-3.572619676589966,-3.528357982635498,-3.483741283416748,-3.4394237995147705,-3.395700454711914,-3.3519186973571777,-3.307670831680298,-3.2635140419006348,-3.2191638946533203,-3.174696683883667,-3.1304352283477783,-3.0867044925689697,-3.0423314571380615,-2.998396396636963,-2.954371213912964,-2.91049861907959,-2.864957332611084,-2.820148229598999,-2.7760426998138428,-2.731325626373291,-2.6866941452026367,-2.6423401832580566,-2.598226308822632,-2.5544509887695312,-2.5108864307403564,-2.467285633087158,-2.4237489700317383,-2.3793766498565674,-2.335432529449463,-2.290909767150879,-2.2454731464385986,-2.199716329574585,-2.1548824310302734,-2.108752489089966,-2.0620803833007812,-2.015749454498291,-1.9752830266952515,-1.9330244064331055,-1.8904569149017334,-1.8447434902191162,-1.8011317253112793,-1.7553279399871826,-1.7115250825881958,-1.6682851314544678,-1.624109148979187,-1.5789059400558472,-1.5348457098007202,-1.489660382270813,-1.4459384679794312,-1.401334285736084,-1.3576231002807617,-1.3146395683288574,-1.270094871520996,-1.225871205329895,-1.179181456565857,-1.1333509683609009,-1.0880495309829712,-1.0431088209152222,-0.9989822506904602,-0.9552718997001648,-0.9132358431816101,-0.8689627647399902,-0.8285664916038513,-0.7871242761611938,-0.7416417002677917,-0.6956419348716736,-0.6501315832138062,-0.6040436029434204,-0.5569007992744446,-0.5155546069145203,-0.47599339485168457,-0.4293586313724518,-0.3839544951915741,-0.3401627540588379,-0.29060980677604675,-0.24854792654514313,-0.20476524531841278,-0.1603279411792755,-0.11298950016498566,-0.06935784965753555,-0.02957703173160553,0.009971420280635357,0.058381084352731705,0.10758154094219208,0.1502191126346588,0.1883629709482193,0.24016878008842468,0.2819889783859253,0.32087820768356323,0.3570665121078491,0.42813044786453247,0.46764376759529114,0.518309473991394,0.5557801723480225,0.59502112865448,0.6527572274208069,0.6923901438713074,0.7192503809928894,0.7618579864501953,0.818928062915802,0.8463836908340454,0.8993172645568848,0.9455280303955078,1.022096037864685,1.1729426383972168,1.2717163562774658,1.3034621477127075],"files":["scales.webp"]},"quats":{"files":["quats.webp"]},