{"version":2,"count":531177,"means":{"mins":[-4.595455795316427,-4.16995635110209,-1.230182027325512],"maxs":[-2.537731289930583,2.7242739679209618,3.174820341218121],"files":["means_l.webp","means_u.webp"]},"scales":{"codebook":[-9.99915599822998,-9.9559907913208,-9.909573554992676,-9.863334655761719,-9.818264961242676,-9.772493362426758,-9.726835250854492,-9.682147979736328,-9.636530876159668,-9.59097671508789,-9.545839309692383,-9.499980926513672,-9.455060958862305,-9.409819602966309,-9.36429214477539,-9.318256378173828,-9.27347183227539,-9.22726821899414,-9.181353569030762,-9.135676383972168,-9.091083526611328,-9.044326782226562,-8.997817039489746,-8.952154159545898,-8.906651496887207,-8.861724853515625,-8.816251754760742,-8.770468711853027,-8.725178718566895,-8.679951667785645,-8.634869575500488,-8.589336395263672,-8.543976783752441,-8.498109817504883,-8.453230857849121,-8.407815933227539,-8.362565994262695,-8.316595077514648,-8.271153450012207,-8.225438117980957,-8.179924011230469,-8.133925437927246,-8.08820629119873,-8.042652130126953,-7.997371673583984,-7.952104091644287,-7.90671443939209,-7.86127233505249,-7.81597900390625,-7.77022647857666,-7.724905967712402,-7.679332256317139,-7.634511470794678,-7.588529586791992,-7.542837619781494,-7.497124671936035,-7.452528476715088,-7.40626859664917,-7.35975980758667,-7.313321113586426,-7.2690935134887695,-7.224013805389404,-7.178926467895508,-7.133631706237793,-7.087442874908447,-7.042329788208008,-6.997109413146973,-6.950766563415527,-6.904376029968262,-6.858725070953369,-6.812752723693848,-6.766905307769775,-6.7225518226623535,-6.677905082702637,-6.631509304046631,-6.585186004638672,-6.539526462554932,-6.494068622589111,-6.449259281158447,-6.404984474182129,-6.359618186950684,-6.314715385437012,-6.268964767456055,-6.222696304321289,-6.177544116973877,-6.13235330581665,-6.086036205291748,-6.040633201599121,-5.994627475738525,-5.948520660400391,-5.9027099609375,-5.8578619956970215,-5.812706470489502,-5.766847610473633,-5.721202373504639,-5.675393581390381,-5.629886627197266,-5.584773540496826,-5.538924694061279,-5.492921352386475,-5.447807788848877,-5.402410984039307,-5.3573102951049805,-5.31229829788208,-5.266555309295654,-5.220922470092773,-5.175558567047119,-5.130444526672363,-5.085081577301025,-5.039468288421631,-4.993997573852539,-4.948561668395996,-4.902925968170166,-4.857677459716797,-4.812404155731201,-4.766910552978516,-4.7212347984313965,-4.674877643585205,-4.628767490386963,-4.582869529724121,-4.537546157836914,-4.4922308921813965,-4.447262763977051,-4.4015212059021,-4.356293201446533,-4.311262130737305,-4.266177654266357,-4.220487594604492,-4.174441337585449,-4.128903388977051,-4.083652496337891,-4.038054466247559,-3.992370843887329,-3.947232961654663,-3.901731252670288,-3.856096029281616,-3.810610771179199,-3.765519142150879,-3.720369815826416,-3.6751596927642822,-3.6302781105041504,-3.5873239040374756,-3.5465075969696045,-3.50773024559021,-3.4702374935150146,-3.4323089122772217,-3.3932080268859863,-3.3524329662323,-3.309175491333008,-3.265087366104126,-3.2195732593536377,-3.1742124557495117,-3.1291263103485107,-3.0839877128601074,-3.038869857788086,-2.9931299686431885,-2.9476637840270996,-2.90212082862854,-2.856804132461548,-2.8110787868499756,-2.765665054321289,-2.7204794883728027,-2.6754884719848633,-2.630185842514038,-2.584836006164551,-2.5393755435943604,-2.4936776161193848,-2.4481282234191895,-2.4024899005889893,-2.357414960861206,-2.311624765396118,-2.2655508518218994,-2.219953775405884,-2.1739137172698975,-2.1281511783599854,-2.08327317237854,-2.0406534671783447,-2.001396417617798,-1.9529486894607544,-1.9056304693222046,-1.8588013648986816,-1.8130961656570435,-1.7672185897827148,-1.722021222114563,-1.6760412454605103,-1.6300945281982422,-1.5846940279006958,-1.5389859676361084,-1.4931609630584717,-1.446501612663269,-1.4018899202346802,-1.3573451042175293,-1.3123074769973755,-1.2668709754943848,-1.2217402458190918,-1.1757985353469849,-1.129127025604248,-1.0824952125549316,-1.0369091033935547,-0.9929599165916443,-0.949161946773529,-0.9030058979988098,-0.856943666934967,-0.8122962117195129,-0.7664891481399536,-0.7202014327049255,-0.6735846400260925,-0.6290646195411682,-0.5830938816070557,-0.5372616052627563,-0.49254781007766724,-0.4496539533138275,-0.40621933341026306,-0.3600552976131439,-0.30978915095329285,-0.2655653655529022,-0.22144712507724762,-0.1732475906610489,-0.1281433254480362,-0.08280916512012482,-0.03657083213329315,0.010632500052452087,0.05485286936163902,0.10095048695802689,0.14819811284542084,0.1942385733127594,0.23576681315898895,0.2851105034351349,0.32778969407081604,0.37777891755104065,0.4203092157840729,0.46578964591026306,0.5039914846420288,0.5477038621902466,0.5926769375801086,0.6366572380065918,0.6918324828147888,0.7419771552085876,0.7826023101806641,0.8256974816322327,0.8591412305831909,0.9143182635307312,0.9675367474555969,1.022633671760559,1.0617297887802124,1.1012365818023682,1.1492129564285278,1.2001707553863525,1.235926866531372,1.287758708000183,1.3205026388168335,1.3674709796905518,1.474516749382019,1.510010004043579,1.5616092681884766,1.6030107736587524],"files":["scales.webp"]},"quats":{"files":["quats.webp"]},