{"version":2,"count":524504,"means":{"mins":[-6.874371171534097,-6.142441730968888,-4.750004993989836],"maxs":[3.2855361644772185,-2.7329993269348094,-4.095111086096277],"files":["means_l.webp","means_u.webp"]},"scales":{"codebook":[-10,-9.922369956970215,-9.901350021362305,-7.755586624145508,-7.191838264465332,-7.122708797454834,-6.927938938140869,-6.738168716430664,-6.531826019287109,-6.461115837097168,-6.2582268714904785,-6.244404315948486,-6.137654781341553,-6.066393852233887,-5.915334224700928,-5.858615875244141,-5.784127235412598,-5.668155670166016,-5.635956764221191,-5.577006816864014,-5.564246654510498,-5.470125675201416,-5.455930233001709,-5.372561454772949,-5.3043999671936035,-5.2315168380737305,-5.1691741943359375,-5.09915828704834,-5.037635803222656,-4.982287883758545,-4.936561107635498,-4.883103370666504,-4.838838577270508,-4.775646209716797,-4.738754749298096,-4.693414688110352,-4.6615729331970215,-4.616813659667969,-4.615218639373779,-4.561244964599609,-4.508139133453369,-4.480708122253418,-4.441740989685059,-4.408561706542969,-4.3569159507751465,-4.307921886444092,-4.257213592529297,-4.212314128875732,-4.1938934326171875,-4.151099681854248,-4.118048667907715,-4.080813884735107,-4.035014629364014,-3.9911303520202637,-3.9629886150360107,-3.930824041366577,-3.891221284866333,-3.8593626022338867,-3.823467254638672,-3.772501230239868,-3.714723825454712,-3.6623001098632812,-3.6076831817626953,-3.5553178787231445,-3.5084545612335205,-3.473806619644165,-3.435833215713501,-3.397017240524292,-3.366084575653076,-3.3458895683288574,-3.332998037338257,-3.3062121868133545,-3.2700984477996826,-3.224398374557495,-3.1793365478515625,-3.1331217288970947,-3.091796398162842,-3.052029848098755,-3.0083680152893066,-2.965660572052002,-2.9171767234802246,-2.864582061767578,-2.8140788078308105,-2.7638728618621826,-2.7205464839935303,-2.6838788986206055,-2.6526849269866943,-2.630668878555298,-2.611027240753174,-2.5924789905548096,-2.573463201522827,-2.549478769302368,-2.5190494060516357,-2.481781482696533,-2.4383366107940674,-2.397690773010254,-2.3610827922821045,-2.328964948654175,-2.3005290031433105,-2.2751715183258057,-2.2536659240722656,-2.233675479888916,-2.211155652999878,-2.1830644607543945,-2.1534228324890137,-2.1246438026428223,-2.0942821502685547,-2.0628628730773926,-2.0311200618743896,-2.001784324645996,-1.975313663482666,-1.9510688781738281,-1.930626630783081,-1.9122263193130493,-1.894964337348938,-1.8764194250106812,-1.855168342590332,-1.8300971984863281,-1.805038571357727,-1.7806698083877563,-1.7601829767227173,-1.743657112121582,-1.7252840995788574,-1.703473687171936,-1.6781556606292725,-1.650269627571106,-1.618797779083252,-1.5897408723831177,-1.5619757175445557,-1.537296175956726,-1.5110983848571777,-1.4846900701522827,-1.4571489095687866,-1.4281483888626099,-1.3976325988769531,-1.369430661201477,-1.3405460119247437,-1.3092793226242065,-1.278955340385437,-1.2502774000167847,-1.2243413925170898,-1.2009705305099487,-1.1787322759628296,-1.1589115858078003,-1.1364362239837646,-1.1129083633422852,-1.087902545928955,-1.062334656715393,-1.0398366451263428,-1.0197858810424805,-1.0023460388183594,-0.9852406978607178,-0.9654788374900818,-0.9448000192642212,-0.9208205342292786,-0.8942863345146179,-0.8662950992584229,-0.8379102945327759,-0.8081673383712769,-0.7754032015800476,-0.742492139339447,-0.7122001647949219,-0.6842681765556335,-0.6585661768913269,-0.6339013576507568,-0.6078634858131409,-0.5790751576423645,-0.5482528805732727,-0.5163426399230957,-0.4838946759700775,-0.4507700204849243,-0.41690224409103394,-0.3835820257663727,-0.35349294543266296,-0.3264031708240509,-0.3023781180381775,-0.280017614364624,-0.25794821977615356,-0.2338068187236786,-0.2074013203382492,-0.18024156987667084,-0.15321801602840424,-0.1268930435180664,-0.09926830232143402,-0.06998161971569061,-0.0387088917195797,-0.00543093541637063,0.029923520982265472,0.06545568257570267,0.09965487569570541,0.13245098292827606,0.1655520498752594,0.20032037794589996,0.23895137012004852,0.28288450837135315,0.3299107849597931,0.3772679567337036,0.423395037651062,0.46735069155693054,0.5112465620040894,0.5530816912651062,0.5950813293457031,0.6357817053794861,0.6734343767166138,0.7088198065757751,0.743346631526947,0.779559850692749,0.8190153241157532,0.8630591630935669,0.9129120707511902,0.9629116654396057,1.0127228498458862,1.0569969415664673,1.0978598594665527,1.134069800376892,1.168017864227295,1.2012784481048584,1.2382335662841797,1.2830748558044434,1.3326544761657715,1.38555908203125,1.435725450515747,1.4882129430770874,1.5426503419876099,1.5973750352859497,1.650766372680664,1.7002142667770386,1.752301812171936,1.8070697784423828,1.8688900470733643,1.9249522686004639,1.9803529977798462,2.0300867557525635,2.0780935287475586,2.131368637084961,2.202200412750244,2.2515666484832764,2.295685291290283,2.3558483123779297,2.408051013946533,2.462947130203247,2.521301031112671,2.586179494857788,2.620896339416504,2.6617801189422607,2.707315444946289,2.776578426361084,2.8176634311676025,2.8834962844848633,2.9461753368377686,2.996415376663208,3.0956640243530273,3.169610023498535,3.259720802307129,3.4928624629974365,3.577864408493042],"files":["scales.webp"]},"quats":{"files":["quats.webp"]},