{"version":2,"count":524901,"means":{"mins":[2.669504273454256,-4.914099723915141,-1.089065043574314],"maxs":[4.590772138419906,-3.8921494756550663,3.355171005260263],"files":["means_l.webp","means_u.webp"]},"scales":{"codebook":[-9.99964427947998,-9.990304946899414,-9.972430229187012,-9.943026542663574,-9.903763771057129,-9.858317375183105,-9.810632705688477,-9.762212753295898,-9.714277267456055,-9.666728019714355,-9.618680000305176,-9.570030212402344,-9.522285461425781,-9.475754737854004,-9.428168296813965,-9.381088256835938,-9.33222770690918,-9.283506393432617,-9.235347747802734,-9.187661170959473,-9.14034652709961,-9.091731071472168,-9.043022155761719,-8.994460105895996,-8.947297096252441,-8.899998664855957,-8.852731704711914,-8.805583000183105,-8.757996559143066,-8.710395812988281,-8.662819862365723,-8.61510181427002,-8.567713737487793,-8.518963813781738,-8.47043228149414,-8.423090934753418,-8.374932289123535,-8.328840255737305,-8.28541088104248,-8.2445707321167,-8.20503044128418,-8.164810180664062,-8.12427043914795,-8.081485748291016,-8.036231994628906,-7.9885993003845215,-7.940195083618164,-7.893106937408447,-7.844714641571045,-7.7978315353393555,-7.7512078285217285,-7.703734874725342,-7.655124664306641,-7.607254981994629,-7.559720993041992,-7.5109052658081055,-7.46331787109375,-7.415552616119385,-7.36764669418335,-7.320096492767334,-7.272552490234375,-7.224389553070068,-7.1756272315979,-7.127825736999512,-7.080646991729736,-7.033250331878662,-6.985513210296631,-6.936230182647705,-6.886240482330322,-6.837460517883301,-6.789339065551758,-6.741999626159668,-6.694631576538086,-6.647373676300049,-6.600483417510986,-6.553016662597656,-6.505342483520508,-6.458619594573975,-6.410131931304932,-6.361215114593506,-6.313018321990967,-6.265605926513672,-6.218330383300781,-6.170676231384277,-6.12226676940918,-6.074032306671143,-6.0262908935546875,-5.979196548461914,-5.931427955627441,-5.882986545562744,-5.835337162017822,-5.786838054656982,-5.738907337188721,-5.691407680511475,-5.645892143249512,-5.601538181304932,-5.559500694274902,-5.519289016723633,-5.479446887969971,-5.4390082359313965,-5.397181987762451,-5.352945327758789,-5.307193279266357,-5.2599568367004395,-5.212774276733398,-5.164999008178711,-5.118361949920654,-5.07295036315918,-5.029917240142822,-4.9894819259643555,-4.951714038848877,-4.915179252624512,-4.879917144775391,-4.844343662261963,-4.807544231414795,-4.768322467803955,-4.726313591003418,-4.681954383850098,-4.636407375335693,-4.58949089050293,-4.542463779449463,-4.494966506958008,-4.446798801422119,-4.398659706115723,-4.35182523727417,-4.3068108558654785,-4.265151500701904,-4.226467609405518,-4.190657138824463,-4.15723991394043,-4.124535083770752,-4.091145992279053,-4.055902481079102,-4.01888370513916,-3.981027603149414,-3.942957639694214,-3.9041430950164795,-3.8635871410369873,-3.8208351135253906,-3.776092529296875,-3.7299094200134277,-3.682607650756836,-3.635119676589966,-3.5870532989501953,-3.5394887924194336,-3.4918651580810547,-3.4439499378204346,-3.395737886428833,-3.3477530479431152,-3.299968957901001,-3.2526702880859375,-3.204725742340088,-3.1578023433685303,-3.1128592491149902,-3.0704894065856934,-3.029857873916626,-2.990410804748535,-2.9511983394622803,-2.9104490280151367,-2.8678340911865234,-2.8226213455200195,-2.7764077186584473,-2.731281280517578,-2.6886088848114014,-2.6483445167541504,-2.6095399856567383,-2.5707037448883057,-2.531386137008667,-2.4922144412994385,-2.4536478519439697,-2.4160702228546143,-2.3790628910064697,-2.342090368270874,-2.304359197616577,-2.267047643661499,-2.227735996246338,-2.186267852783203,-2.1419382095336914,-2.094961166381836,-2.0490641593933105,-2.007225275039673,-1.9618114233016968,-1.916624903678894,-1.8733514547348022,-1.8328230381011963,-1.793357014656067,-1.7536606788635254,-1.7133570909500122,-1.6709223985671997,-1.6250312328338623,-1.5783405303955078,-1.5305958986282349,-1.4830310344696045,-1.4356698989868164,-1.3882720470428467,-1.3393025398254395,-1.290392518043518,-1.2429736852645874,-1.196266770362854,-1.150079607963562,-1.1043434143066406,-1.0550761222839355,-1.0056723356246948,-0.9580773711204529,-0.9122920632362366,-0.8644410371780396,-0.8164206743240356,-0.7665836811065674,-0.7170539498329163,-0.6689214110374451,-0.6200501322746277,-0.5735304355621338,-0.5280523300170898,-0.4804888069629669,-0.43107327818870544,-0.3802623152732849,-0.33181262016296387,-0.2861519157886505,-0.23701342940330505,-0.18988680839538574,-0.14626899361610413,-0.10078687220811844,-0.05616369843482971,-0.007517476100474596,0.03779521957039833,0.0833120346069336,0.1331891566514969,0.1894732266664505,0.2361265867948532,0.28264519572257996,0.32913967967033386,0.37656667828559875,0.4267539083957672,0.4783012568950653,0.5235198140144348,0.5679540634155273,0.6206451058387756,0.6695401668548584,0.7132286429405212,0.7668957114219666,0.8284965753555298,0.8708570599555969,0.9250667691230774,0.9860302209854126,1.0234358310699463,1.054126262664795,1.090698003768921,1.1542847156524658,1.1959969997406006,1.2541269063949585,1.3027061223983765,1.3302713632583618,1.3791306018829346,1.582247257232666,2.086833953857422,2.204990863800049],"files":["scales.webp"]},"quats":{"files":["quats.webp"]},