{"version":2,"count":580618,"means":{"mins":[3.0246013407111834,-4.259231577161976,-0.9696526530566696],"maxs":[3.4209895496519835,-3.892148853052136,3.065215569400299],"files":["means_l.webp","means_u.webp"]},"scales":{"codebook":[-9.998723983764648,-9.970582008361816,-9.927379608154297,-9.883506774902344,-9.840566635131836,-9.79924488067627,-9.758103370666504,-9.716507911682129,-9.674924850463867,-9.63494873046875,-9.595402717590332,-9.55597972869873,-9.516148567199707,-9.476153373718262,-9.436302185058594,-9.396156311035156,-9.355122566223145,-9.312973022460938,-9.27159595489502,-9.23155689239502,-9.191200256347656,-9.151174545288086,-9.111955642700195,-9.072671890258789,-9.03403091430664,-8.995891571044922,-8.960830688476562,-8.927002906799316,-8.894482612609863,-8.86030101776123,-8.824413299560547,-8.787604331970215,-8.748754501342773,-8.708568572998047,-8.668123245239258,-8.62700080871582,-8.586949348449707,-8.546329498291016,-8.506097793579102,-8.46617317199707,-8.42650318145752,-8.38599967956543,-8.345344543457031,-8.304584503173828,-8.26453971862793,-8.223907470703125,-8.183344841003418,-8.14278793334961,-8.10223388671875,-8.061685562133789,-8.021249771118164,-7.980648517608643,-7.940097808837891,-7.900689601898193,-7.860943794250488,-7.819858074188232,-7.778876781463623,-7.737602233886719,-7.6970720291137695,-7.657052516937256,-7.616065502166748,-7.576240062713623,-7.537252426147461,-7.497102737426758,-7.4570088386535645,-7.416645526885986,-7.375333786010742,-7.3352813720703125,-7.294922828674316,-7.254626274108887,-7.214695453643799,-7.174036502838135,-7.133020877838135,-7.092156887054443,-7.052037715911865,-7.01160192489624,-6.9706573486328125,-6.929801940917969,-6.8894572257995605,-6.849232196807861,-6.808945655822754,-6.768439292907715,-6.727635860443115,-6.6870036125183105,-6.646779537200928,-6.606317043304443,-6.565454959869385,-6.524907112121582,-6.484675884246826,-6.444230556488037,-6.403753757476807,-6.363303184509277,-6.323643684387207,-6.285629749298096,-6.2494730949401855,-6.214802265167236,-6.181591987609863,-6.148452281951904,-6.113921642303467,-6.077753067016602,-6.039968967437744,-6.001064777374268,-5.961024284362793,-5.921070098876953,-5.882501602172852,-5.845315456390381,-5.810154438018799,-5.7765116691589355,-5.743260860443115,-5.709564685821533,-5.673696517944336,-5.636107921600342,-5.596889972686768,-5.557230472564697,-5.517253875732422,-5.476638317108154,-5.436354160308838,-5.395843982696533,-5.355490207672119,-5.315190315246582,-5.27463436126709,-5.234278678894043,-5.1940460205078125,-5.153964519500732,-5.1138739585876465,-5.0734333992004395,-5.032907485961914,-4.99216890335083,-4.951604843139648,-4.911401748657227,-4.870509624481201,-4.829412937164307,-4.788975715637207,-4.749242305755615,-4.709010601043701,-4.668986797332764,-4.628550052642822,-4.588109970092773,-4.547995567321777,-4.507888317108154,-4.467555999755859,-4.427425861358643,-4.387108325958252,-4.346781253814697,-4.306763648986816,-4.266293048858643,-4.226029872894287,-4.185641288757324,-4.145634174346924,-4.105011940002441,-4.064387321472168,-4.024000644683838,-3.983980417251587,-3.943551778793335,-3.9035065174102783,-3.862889289855957,-3.821875810623169,-3.7813799381256104,-3.741309404373169,-3.701505184173584,-3.6611685752868652,-3.6206655502319336,-3.580556631088257,-3.540269136428833,-3.4995028972625732,-3.459155321121216,-3.4190778732299805,-3.379044532775879,-3.338245391845703,-3.298004150390625,-3.257472276687622,-3.2170374393463135,-3.177187204360962,-3.137134075164795,-3.0962767601013184,-3.0558204650878906,-3.015653371810913,-2.9760069847106934,-2.9357078075408936,-2.895512342453003,-2.855494737625122,-2.8149964809417725,-2.7751121520996094,-2.7347137928009033,-2.693669080734253,-2.653233289718628,-2.612596273422241,-2.5713865756988525,-2.531710386276245,-2.4917893409729004,-2.4511172771453857,-2.4102885723114014,-2.3679795265197754,-2.326831340789795,-2.2871663570404053,-2.246689558029175,-2.2051150798797607,-2.1642327308654785,-2.1228840351104736,-2.0820674896240234,-2.0421719551086426,-2.005993366241455,-1.9656050205230713,-1.9251083135604858,-1.8862859010696411,-1.848771333694458,-1.8089333772659302,-1.7676310539245605,-1.7254421710968018,-1.6835612058639526,-1.6428073644638062,-1.6027330160140991,-1.5606005191802979,-1.5244797468185425,-1.4875404834747314,-1.441367268562317,-1.3999865055084229,-1.3619552850723267,-1.3218353986740112,-1.2849551439285278,-1.2462624311447144,-1.2035598754882812,-1.1581722497940063,-1.1206514835357666,-1.0874625444412231,-1.0448800325393677,-1.0063984394073486,-0.9714915752410889,-0.9219148755073547,-0.8759143352508545,-0.8506758213043213,-0.8099462389945984,-0.7627221345901489,-0.722388505935669,-0.6706609725952148,-0.6252775192260742,-0.5959205031394958,-0.5481067895889282,-0.4952203631401062,-0.47043687105178833,-0.4237411618232727,-0.3935989737510681,-0.35790514945983887,-0.3154461085796356,-0.29079824686050415,-0.22441740334033966,-0.2043038159608841,-0.15028800070285797,-0.10801497101783752,-0.07953101396560669,0.01378125324845314,0.09190519154071808,0.11956816166639328,0.18828006088733673,0.204078808426857,0.29790544509887695],"files":["scales.webp"]},"quats":{"files":["quats.webp"]},