{"version":2,"count":524399,"means":{"mins":[-6.866942566848813,-6.4953944406044934,-4.750006974193868],"maxs":[3.2855160368150225,-2.732926026432048,-4.0942215306672125],"files":["means_l.webp","means_u.webp"]},"scales":{"codebook":[-10,-9.922369956970215,-9.901350021362305,-7.755586624145508,-7.191838264465332,-7.122708797454834,-6.927938938140869,-6.738168716430664,-6.531826019287109,-6.461115837097168,-6.2582268714904785,-6.244404315948486,-6.137654781341553,-6.066393852233887,-5.915334224700928,-5.860697269439697,-5.855667591094971,-5.784127235412598,-5.668155670166016,-5.635956764221191,-5.568798542022705,-5.470125675201416,-5.455930233001709,-5.384106636047363,-5.356265544891357,-5.304904460906982,-5.303421974182129,-5.2315168380737305,-5.168629169464111,-5.09915828704834,-5.037781238555908,-4.982287883758545,-4.935784816741943,-4.875706672668457,-4.829181671142578,-4.7647175788879395,-4.693643093109131,-4.660768985748291,-4.596487998962402,-4.544369220733643,-4.489022731781006,-4.441740989685059,-4.391768932342529,-4.32977294921875,-4.272294044494629,-4.217504978179932,-4.1725921630859375,-4.128909111022949,-4.0740180015563965,-4.01919412612915,-3.966956615447998,-3.9072160720825195,-3.850315570831299,-3.801560878753662,-3.7532875537872314,-3.694563150405884,-3.6366522312164307,-3.58309268951416,-3.5277040004730225,-3.483069658279419,-3.44511342048645,-3.41280460357666,-3.3746469020843506,-3.337459087371826,-3.2984912395477295,-3.2512168884277344,-3.200558662414551,-3.1516454219818115,-3.102640151977539,-3.048985719680786,-2.9954800605773926,-2.94993257522583,-2.9098081588745117,-2.872986078262329,-2.8308236598968506,-2.7844021320343018,-2.742069959640503,-2.704695701599121,-2.675039291381836,-2.643293857574463,-2.605616331100464,-2.5705838203430176,-2.534318685531616,-2.4993884563446045,-2.4657280445098877,-2.4306881427764893,-2.392845869064331,-2.3489232063293457,-2.29742693901062,-2.244617223739624,-2.1917223930358887,-2.139948606491089,-2.0861334800720215,-2.038203477859497,-1.9911043643951416,-1.9485032558441162,-1.9084745645523071,-1.872281789779663,-1.8373000621795654,-1.8064721822738647,-1.7781858444213867,-1.7522501945495605,-1.730542540550232,-1.7125900983810425,-1.6963229179382324,-1.6814130544662476,-1.6664154529571533,-1.6491843461990356,-1.6282579898834229,-1.6075332164764404,-1.5880157947540283,-1.56741464138031,-1.5477755069732666,-1.528461217880249,-1.506436824798584,-1.4816161394119263,-1.4522415399551392,-1.4193607568740845,-1.3811907768249512,-1.3376269340515137,-1.2920750379562378,-1.2487237453460693,-1.2097437381744385,-1.1769816875457764,-1.1491174697875977,-1.1237164735794067,-1.0975931882858276,-1.0689644813537598,-1.0368019342422485,-1.000328540802002,-0.9602028131484985,-0.9187305569648743,-0.8797827363014221,-0.8452972173690796,-0.8171665072441101,-0.7922365069389343,-0.7673998475074768,-0.741152286529541,-0.7143699526786804,-0.6882038712501526,-0.6655808091163635,-0.646905243396759,-0.6307754516601562,-0.614436149597168,-0.5963296890258789,-0.5762307047843933,-0.5542541146278381,-0.5311468243598938,-0.5073871612548828,-0.48544564843177795,-0.4654412567615509,-0.44512176513671875,-0.42430204153060913,-0.4032743573188782,-0.3817606270313263,-0.35995936393737793,-0.3392476439476013,-0.320069283246994,-0.3030637204647064,-0.28839072585105896,-0.27572494745254517,-0.2653479278087616,-0.2548915445804596,-0.2437417060136795,-0.2320580929517746,-0.2190440148115158,-0.20413914322853088,-0.1876184046268463,-0.16878196597099304,-0.14811177551746368,-0.12605071067810059,-0.10316675156354904,-0.0815732330083847,-0.062005024403333664,-0.04413231834769249,-0.026865189895033836,-0.009215448051691055,0.008873420767486095,0.02765035070478916,0.04811348393559456,0.07132925093173981,0.09670313447713852,0.1239619180560112,0.1530383825302124,0.18260718882083893,0.21233201026916504,0.2407798171043396,0.2674429416656494,0.29336467385292053,0.3196226954460144,0.34849080443382263,0.38032811880111694,0.4144349992275238,0.449440062046051,0.4835718274116516,0.5185728073120117,0.55568927526474,0.5949711203575134,0.6353152990341187,0.6753867864608765,0.7132183909416199,0.748091459274292,0.782473623752594,0.8193663358688354,0.8600870370864868,0.9047688245773315,0.9503220319747925,0.9921252131462097,1.0297974348068237,1.0655158758163452,1.1002099514007568,1.1374598741531372,1.1800241470336914,1.2268049716949463,1.2776919603347778,1.3296269178390503,1.383468747138977,1.4368277788162231,1.4908781051635742,1.5422507524490356,1.597030520439148,1.6507614850997925,1.703323483467102,1.757635474205017,1.8109524250030518,1.862984299659729,1.9121630191802979,1.9635621309280396,2.0147552490234375,2.070694923400879,2.121720790863037,2.1769142150878906,2.2389883995056152,2.290292501449585,2.349674940109253,2.4023678302764893,2.4505481719970703,2.504641056060791,2.5570037364959717,2.6151304244995117,2.6665565967559814,2.713332414627075,2.7647206783294678,2.8244142532348633,2.8806509971618652,2.936837673187256,2.986196279525757,3.028286933898926,3.0884454250335693,3.1488850116729736,3.186640739440918,3.261477470397949,3.357198715209961,3.4146363735198975,3.483093738555908,3.6347146034240723],"files":["scales.webp"]},"quats":{"files":["quats.webp"]},