{"version":2,"count":530290,"means":{"mins":[-3.3837346317514005,-4.516737622478215,-1.379658662101944],"maxs":[4.151813659612092,3.5407505443186205,3.0897294225488174],"files":["means_l.webp","means_u.webp"]},"scales":{"codebook":[-9.999300003051758,-9.954798698425293,-9.907464981079102,-9.860393524169922,-9.814471244812012,-9.7684326171875,-9.72297477722168,-9.676410675048828,-9.629801750183105,-9.583921432495117,-9.53780460357666,-9.491825103759766,-9.445525169372559,-9.399249076843262,-9.353307723999023,-9.30788803100586,-9.260945320129395,-9.214174270629883,-9.168514251708984,-9.122613906860352,-9.076546669006348,-9.030426025390625,-8.983661651611328,-8.936168670654297,-8.88967514038086,-8.843974113464355,-8.798016548156738,-8.751991271972656,-8.706926345825195,-8.66007137298584,-8.613301277160645,-8.566405296325684,-8.520024299621582,-8.473889350891113,-8.427484512329102,-8.380115509033203,-8.334399223327637,-8.288094520568848,-8.2420654296875,-8.195310592651367,-8.150008201599121,-8.10270881652832,-8.056591987609863,-8.011034965515137,-7.964620113372803,-7.917369842529297,-7.870412349700928,-7.824626445770264,-7.778319835662842,-7.732950687408447,-7.687304496765137,-7.641430377960205,-7.594973087310791,-7.547543048858643,-7.501425266265869,-7.45556640625,-7.409137725830078,-7.362123012542725,-7.3155598640441895,-7.268912315368652,-7.223288059234619,-7.177565097808838,-7.131993770599365,-7.086273193359375,-7.040487289428711,-6.9940505027771,-6.946739673614502,-6.900184631347656,-6.8534650802612305,-6.807404518127441,-6.761237621307373,-6.715771675109863,-6.669380187988281,-6.622479438781738,-6.575221538543701,-6.528988838195801,-6.482329368591309,-6.43581485748291,-6.389642238616943,-6.344502925872803,-6.299508571624756,-6.253530979156494,-6.207721710205078,-6.162559509277344,-6.119826316833496,-6.079440116882324,-6.0406389236450195,-6.002300262451172,-5.964148998260498,-5.923273086547852,-5.880743026733398,-5.83660888671875,-5.790866374969482,-5.743536949157715,-5.696784496307373,-5.651053428649902,-5.604282855987549,-5.557969570159912,-5.511956691741943,-5.465717315673828,-5.4190850257873535,-5.372876167297363,-5.32697057723999,-5.281428337097168,-5.235362529754639,-5.188724040985107,-5.142679214477539,-5.0964179039001465,-5.049651145935059,-5.002854824066162,-4.956287860870361,-4.909969329833984,-4.863511562347412,-4.817295551300049,-4.771247863769531,-4.725254535675049,-4.6787238121032715,-4.6323676109313965,-4.585872650146484,-4.53963041305542,-4.493596076965332,-4.447137832641602,-4.4007720947265625,-4.354647636413574,-4.3085103034973145,-4.261857986450195,-4.21590518951416,-4.169766902923584,-4.1237664222717285,-4.077688217163086,-4.031650543212891,-3.985279083251953,-3.9389336109161377,-3.892857313156128,-3.8464596271514893,-3.800384283065796,-3.7550668716430664,-3.7091126441955566,-3.6629080772399902,-3.6166415214538574,-3.570091485977173,-3.5239980220794678,-3.4776477813720703,-3.431691884994507,-3.3853533267974854,-3.3392996788024902,-3.2931063175201416,-3.246671199798584,-3.2006726264953613,-3.1544225215911865,-3.1081488132476807,-3.061979293823242,-3.0155694484710693,-2.969503879547119,-2.923388719558716,-2.8767967224121094,-2.8302457332611084,-2.7838754653930664,-2.738166570663452,-2.6922173500061035,-2.645822525024414,-2.5996978282928467,-2.5538275241851807,-2.5074336528778076,-2.4616029262542725,-2.415323495864868,-2.3693346977233887,-2.322749137878418,-2.2758114337921143,-2.2284677028656006,-2.1804039478302,-2.132847309112549,-2.0872318744659424,-2.044347047805786,-2.0055317878723145,-1.957783579826355,-1.9090029001235962,-1.8614983558654785,-1.8147403001785278,-1.7678214311599731,-1.7208634614944458,-1.6755776405334473,-1.6295809745788574,-1.5831552743911743,-1.5361260175704956,-1.4908863306045532,-1.445244550704956,-1.3985605239868164,-1.3527171611785889,-1.3080356121063232,-1.2613869905471802,-1.2154717445373535,-1.1693246364593506,-1.1231871843338013,-1.0764988660812378,-1.0293828248977661,-0.9826061725616455,-0.9341760277748108,-0.88846355676651,-0.8435426354408264,-0.7997959852218628,-0.7521384358406067,-0.7054982781410217,-0.657179057598114,-0.610569417476654,-0.5634282231330872,-0.5168378949165344,-0.4694320857524872,-0.4241274893283844,-0.3771665394306183,-0.33590638637542725,-0.29072093963623047,-0.24237516522407532,-0.193755641579628,-0.14967012405395508,-0.10666796565055847,-0.06390412151813507,-0.014672745950520039,0.03750717267394066,0.08523178100585938,0.13155591487884521,0.17531105875968933,0.2187051922082901,0.2663986384868622,0.3077743947505951,0.3542906939983368,0.4010297358036041,0.45405319333076477,0.5040151476860046,0.5457732677459717,0.5977156758308411,0.638627827167511,0.6847025752067566,0.7378090023994446,0.7839148044586182,0.8272659778594971,0.8701106309890747,0.9196410179138184,0.9621021151542664,1.0078725814819336,1.058454155921936,1.0955710411071777,1.1439920663833618,1.1826109886169434,1.2257126569747925,1.2729876041412354,1.3140144348144531,1.3632279634475708,1.4122087955474854,1.4666731357574463,1.5178577899932861,1.5705422163009644,1.6152827739715576,1.67105233669281,1.6909170150756836,1.793243408203125],"files":["scales.webp"]},"quats":{"files":["quats.webp"]},