{"version":2,"count":557777,"means":{"mins":[1.9224785288349222,-3.458252864021211,-0.8881020619112039],"maxs":[2.8052457794013126,-3.0756944878757198,2.9724243548513396],"files":["means_l.webp","means_u.webp"]},"scales":{"codebook":[-9.999178886413574,-9.965311050415039,-9.924702644348145,-9.885282516479492,-9.845243453979492,-9.805891990661621,-9.766857147216797,-9.728513717651367,-9.689634323120117,-9.65145206451416,-9.61481761932373,-9.576401710510254,-9.53642749786377,-9.497523307800293,-9.458588600158691,-9.419304847717285,-9.379684448242188,-9.34022331237793,-9.300705909729004,-9.262420654296875,-9.225404739379883,-9.18798542022705,-9.149809837341309,-9.10973072052002,-9.070403099060059,-9.031806945800781,-8.993281364440918,-8.955114364624023,-8.916667938232422,-8.878360748291016,-8.838459968566895,-8.800148010253906,-8.761210441589355,-8.722596168518066,-8.684764862060547,-8.646289825439453,-8.607839584350586,-8.569269180297852,-8.530020713806152,-8.491140365600586,-8.452378273010254,-8.413971900939941,-8.37501335144043,-8.336429595947266,-8.297487258911133,-8.258956909179688,-8.220465660095215,-8.18130111694336,-8.143281936645508,-8.104401588439941,-8.064923286437988,-8.025542259216309,-7.98727560043335,-7.948770999908447,-7.910293102264404,-7.871915817260742,-7.832653522491455,-7.793338298797607,-7.755066871643066,-7.716493606567383,-7.677753448486328,-7.638569355010986,-7.599124431610107,-7.560499668121338,-7.521603584289551,-7.483381748199463,-7.445685386657715,-7.407742977142334,-7.368999004364014,-7.330447196960449,-7.291721343994141,-7.252633571624756,-7.213654518127441,-7.175020694732666,-7.136338710784912,-7.097245693206787,-7.058951377868652,-7.02030611038208,-6.981306552886963,-6.942393779754639,-6.904274940490723,-6.865815162658691,-6.827378273010254,-6.788531303405762,-6.749273300170898,-6.710562229156494,-6.671998500823975,-6.63362455368042,-6.594761848449707,-6.556232929229736,-6.517561435699463,-6.478382587432861,-6.439478874206543,-6.400996685028076,-6.3621602058410645,-6.323533058166504,-6.284609794616699,-6.246126174926758,-6.207921981811523,-6.169729232788086,-6.131039142608643,-6.092413902282715,-6.053699493408203,-6.0149922370910645,-5.976522445678711,-5.938047885894775,-5.899011135101318,-5.859814167022705,-5.821094989776611,-5.782363414764404,-5.744082450866699,-5.70643424987793,-5.669704914093018,-5.6344757080078125,-5.601528644561768,-5.569807052612305,-5.537783145904541,-5.504825592041016,-5.470201015472412,-5.434175491333008,-5.396663665771484,-5.358602523803711,-5.320859909057617,-5.28478479385376,-5.251101016998291,-5.218936920166016,-5.18720817565918,-5.155039310455322,-5.120593070983887,-5.084514141082764,-5.046771049499512,-5.008452415466309,-4.969757080078125,-4.931131362915039,-4.892221450805664,-4.853552341461182,-4.815342426300049,-4.777174472808838,-4.738893032073975,-4.70067834854126,-4.6620965003967285,-4.623402118682861,-4.584641933441162,-4.546329021453857,-4.507839202880859,-4.469046592712402,-4.4302144050598145,-4.391524314880371,-4.352451801300049,-4.31378698348999,-4.275339126586914,-4.236735820770264,-4.197524070739746,-4.1586785316467285,-4.119841575622559,-4.081007480621338,-4.042558670043945,-4.003856658935547,-3.9651761054992676,-3.9268264770507812,-3.88847017288208,-3.8501768112182617,-3.8113996982574463,-3.7724058628082275,-3.733391046524048,-3.695225238800049,-3.6573238372802734,-3.6185405254364014,-3.5799362659454346,-3.540816068649292,-3.5016422271728516,-3.463087320327759,-3.424588918685913,-3.386493444442749,-3.3478713035583496,-3.3094282150268555,-3.270761251449585,-3.2307581901550293,-3.191901445388794,-3.153261423110962,-3.114222288131714,-3.076003313064575,-3.03777813911438,-2.999143362045288,-2.9610812664031982,-2.921745777130127,-2.882962703704834,-2.8440113067626953,-2.8062853813171387,-2.7683446407318115,-2.729750633239746,-2.691444158554077,-2.6532864570617676,-2.6140873432159424,-2.57535982131958,-2.5350234508514404,-2.4955623149871826,-2.4563896656036377,-2.4178993701934814,-2.379166603088379,-2.340656280517578,-2.300692319869995,-2.262418031692505,-2.2249557971954346,-2.1846535205841064,-2.143784999847412,-2.1038594245910645,-2.066199779510498,-2.0348572731018066,-2.0039279460906982,-1.9584602117538452,-1.9125186204910278,-1.8733267784118652,-1.8377530574798584,-1.798807144165039,-1.757900595664978,-1.71963632106781,-1.6819844245910645,-1.6437820196151733,-1.6048223972320557,-1.5658828020095825,-1.5348799228668213,-1.4938713312149048,-1.4521251916885376,-1.4109444618225098,-1.371793270111084,-1.3359304666519165,-1.2878563404083252,-1.2519245147705078,-1.2161555290222168,-1.1828417778015137,-1.147495985031128,-1.1104692220687866,-1.0646557807922363,-1.0237505435943604,-0.9806838035583496,-0.9454907774925232,-0.9162184000015259,-0.8748536109924316,-0.8242028951644897,-0.7763129472732544,-0.7479787468910217,-0.7116388082504272,-0.6908892393112183,-0.644676923751831,-0.611726701259613,-0.5660833120346069,-0.5281539559364319,-0.4792398512363434,-0.4439948797225952,-0.39204445481300354,-0.37157946825027466,-0.3239588737487793,-0.2938931882381439,-0.17902590334415436,-0.1344924420118332],"files":["scales.webp"]},"quats":{"files":["quats.webp"]},