{"version":2,"count":609921,"means":{"mins":[-2.553325880619008,-3.0560760942307255,-1.9405251270221429],"maxs":[1.8779186401010066,3.219459227043748,1.6384477105428983],"files":["means_l.webp","means_u.webp"]},"scales":{"codebook":[-9.998198509216309,-9.971512794494629,-9.92975902557373,-9.884358406066895,-9.839777946472168,-9.796936988830566,-9.755291938781738,-9.713336944580078,-9.67236042022705,-9.630402565002441,-9.590719223022461,-9.550240516662598,-9.50951099395752,-9.469029426574707,-9.428770065307617,-9.388091087341309,-9.34717845916748,-9.306452751159668,-9.264777183532715,-9.223064422607422,-9.18228530883789,-9.142131805419922,-9.102039337158203,-9.062053680419922,-9.021533012390137,-8.980724334716797,-8.939709663391113,-8.898286819458008,-8.857223510742188,-8.816169738769531,-8.774873733520508,-8.73483657836914,-8.69350814819336,-8.652032852172852,-8.611753463745117,-8.570926666259766,-8.529290199279785,-8.488391876220703,-8.448262214660645,-8.407689094543457,-8.36778450012207,-8.327716827392578,-8.286867141723633,-8.244916915893555,-8.203842163085938,-8.162591934204102,-8.12188720703125,-8.0813627243042,-8.040740966796875,-7.999934196472168,-7.959971904754639,-7.919378757476807,-7.878725051879883,-7.837861061096191,-7.79655647277832,-7.7557783126831055,-7.714475631713867,-7.673835277557373,-7.632513999938965,-7.5914306640625,-7.550695419311523,-7.509822845458984,-7.468340873718262,-7.427398681640625,-7.386769771575928,-7.345647811889648,-7.305241107940674,-7.264720916748047,-7.22338342666626,-7.183210372924805,-7.14240837097168,-7.102039813995361,-7.061065673828125,-7.020389080047607,-6.9791741371154785,-6.9382171630859375,-6.897706985473633,-6.8572163581848145,-6.815684795379639,-6.7752227783203125,-6.734954357147217,-6.694297790527344,-6.653956413269043,-6.613095283508301,-6.572402477264404,-6.531692981719971,-6.491147994995117,-6.450088977813721,-6.409120082855225,-6.3684258460998535,-6.327495574951172,-6.286553382873535,-6.245582103729248,-6.204678535461426,-6.163814544677734,-6.123218536376953,-6.081824779510498,-6.040658950805664,-6.000186920166016,-5.959272861480713,-5.918298721313477,-5.877752780914307,-5.837159156799316,-5.796258926391602,-5.7554426193237305,-5.714290618896484,-5.673582553863525,-5.632739067077637,-5.591791152954102,-5.551222324371338,-5.509925365447998,-5.4693922996521,-5.428884029388428,-5.388331413269043,-5.347726821899414,-5.307122230529785,-5.2669291496276855,-5.22653341293335,-5.186424732208252,-5.145670413970947,-5.104488372802734,-5.063117980957031,-5.021812915802002,-4.9809441566467285,-4.940238952636719,-4.899582862854004,-4.858583450317383,-4.8181023597717285,-4.777369022369385,-4.736368656158447,-4.695702075958252,-4.654582977294922,-4.613275527954102,-4.572522163391113,-4.531668663024902,-4.490581512451172,-4.449497222900391,-4.408246994018555,-4.367544651031494,-4.327367305755615,-4.2877960205078125,-4.247974395751953,-4.207444667816162,-4.166296482086182,-4.1253342628479,-4.084413528442383,-4.043644428253174,-4.002753734588623,-3.9623055458068848,-3.9212141036987305,-3.8801772594451904,-3.839162588119507,-3.798086404800415,-3.7579782009124756,-3.717747688293457,-3.6770212650299072,-3.6361162662506104,-3.5949809551239014,-3.5543477535247803,-3.513699531555176,-3.472632646560669,-3.4320106506347656,-3.391371726989746,-3.350707769393921,-3.309638500213623,-3.2685546875,-3.227292060852051,-3.1871323585510254,-3.146669864654541,-3.1060972213745117,-3.0650670528411865,-3.024303436279297,-2.983503818511963,-2.9424455165863037,-2.9013843536376953,-2.861055612564087,-2.8206779956817627,-2.7802035808563232,-2.740034341812134,-2.698822498321533,-2.6577630043029785,-2.6175222396850586,-2.5773227214813232,-2.5364034175872803,-2.4949700832366943,-2.453200340270996,-2.412440299987793,-2.3720638751983643,-2.331029176712036,-2.289454460144043,-2.2495055198669434,-2.2096502780914307,-2.1698157787323,-2.1296255588531494,-2.088209629058838,-2.0472798347473145,-2.0081889629364014,-1.9657026529312134,-1.9229973554611206,-1.8811609745025635,-1.8395384550094604,-1.798708438873291,-1.7591222524642944,-1.718276858329773,-1.6760722398757935,-1.6356604099273682,-1.5939280986785889,-1.55256187915802,-1.5140928030014038,-1.4756267070770264,-1.4361932277679443,-1.3980741500854492,-1.3542654514312744,-1.3102781772613525,-1.2671337127685547,-1.2265671491622925,-1.1876059770584106,-1.1483391523361206,-1.1081278324127197,-1.067787528038025,-1.0328117609024048,-0.9889624118804932,-0.9456189870834351,-0.9011123180389404,-0.8604875206947327,-0.8222848773002625,-0.7840865850448608,-0.7427464127540588,-0.6950696110725403,-0.6600420475006104,-0.6155002117156982,-0.5739083886146545,-0.5362752676010132,-0.49499234557151794,-0.45694437623023987,-0.420378178358078,-0.3775200843811035,-0.3310803174972534,-0.2903309464454651,-0.2541514039039612,-0.21591685712337494,-0.17076362669467926,-0.12693867087364197,-0.09621107578277588,-0.04403388127684593,-0.004031024873256683,0.037872664630413055,0.0752534419298172,0.12370464205741882,0.1716671735048294,0.20995374023914337,0.24103964865207672,0.27619320154190063,0.32661500573158264,0.3618232011795044,0.3999093174934387],"files":["scales.webp"]},"quats":{"files":["quats.webp"]},