{"version":2,"count":524519,"means":{"mins":[-7.5847856691352815,-7.5988444962195,-6.925536798310804],"maxs":[7.589005555167607,7.5876708362151595,7.593529766858175],"files":["means_l.webp","means_u.webp"]},"scales":{"codebook":[-9.9985933303833,-9.954345703125,-9.893756866455078,-9.83066463470459,-9.769378662109375,-9.710774421691895,-9.652813911437988,-9.593391418457031,-9.535526275634766,-9.477198600769043,-9.419611930847168,-9.361478805541992,-9.303576469421387,-9.247142791748047,-9.18990707397461,-9.132104873657227,-9.074289321899414,-9.016475677490234,-8.958521842956543,-8.899913787841797,-8.840579986572266,-8.781341552734375,-8.721768379211426,-8.66397762298584,-8.606908798217773,-8.549221992492676,-8.491772651672363,-8.432584762573242,-8.373847961425781,-8.315764427185059,-8.25743293762207,-8.200136184692383,-8.141942024230957,-8.084678649902344,-8.026820182800293,-7.968738555908203,-7.910704612731934,-7.852074146270752,-7.793684482574463,-7.734883785247803,-7.676309585571289,-7.618542671203613,-7.560537815093994,-7.503712177276611,-7.445736885070801,-7.388508319854736,-7.3299946784973145,-7.273219108581543,-7.214927673339844,-7.155755519866943,-7.097223281860352,-7.038082599639893,-6.980471134185791,-6.9205708503723145,-6.862315654754639,-6.8057756423950195,-6.747762203216553,-6.690680980682373,-6.632912635803223,-6.574952125549316,-6.516234397888184,-6.4593825340271,-6.401255130767822,-6.343049049377441,-6.284975528717041,-6.2268805503845215,-6.168497562408447,-6.110393047332764,-6.052540302276611,-5.9944071769714355,-5.935641288757324,-5.87736177444458,-5.818392753601074,-5.7596025466918945,-5.701175212860107,-5.643574237823486,-5.585369110107422,-5.526344299316406,-5.467864513397217,-5.410511016845703,-5.351561546325684,-5.293668746948242,-5.235441207885742,-5.178616046905518,-5.120981216430664,-5.062975883483887,-5.005407333374023,-4.9478840827941895,-4.8896965980529785,-4.831607341766357,-4.7738776206970215,-4.718345642089844,-4.662503242492676,-4.610081672668457,-4.560815811157227,-4.512100696563721,-4.463858127593994,-4.413236618041992,-4.359742641448975,-4.303510665893555,-4.246817588806152,-4.189296722412109,-4.132172584533691,-4.075178146362305,-4.017666816711426,-3.959580898284912,-3.9015233516693115,-3.8434641361236572,-3.7849485874176025,-3.7265753746032715,-3.6679635047912598,-3.6094980239868164,-3.551670789718628,-3.494155168533325,-3.436969518661499,-3.3794806003570557,-3.3217098712921143,-3.263806104660034,-3.2058937549591064,-3.1481571197509766,-3.0904603004455566,-3.032599687576294,-2.974734306335449,-2.916731357574463,-2.8583760261535645,-2.800605058670044,-2.742866277694702,-2.6845133304595947,-2.6264050006866455,-2.568528890609741,-2.51016902923584,-2.452345848083496,-2.3943545818328857,-2.3359110355377197,-2.277798891067505,-2.2193710803985596,-2.160440683364868,-2.1026906967163086,-2.0499229431152344,-2.0043296813964844,-1.9425090551376343,-1.8801813125610352,-1.8191536664962769,-1.759550929069519,-1.7007169723510742,-1.642637014389038,-1.5851036310195923,-1.5269635915756226,-1.4684019088745117,-1.4103283882141113,-1.3514430522918701,-1.2923284769058228,-1.2346786260604858,-1.1770294904708862,-1.1184505224227905,-1.059775471687317,-1.0012003183364868,-0.943566083908081,-0.8864784836769104,-0.8290697336196899,-0.7714369297027588,-0.7134619951248169,-0.6550367474555969,-0.5951114892959595,-0.5369799733161926,-0.4800454378128052,-0.422662615776062,-0.3636638820171356,-0.3048880696296692,-0.24723409116268158,-0.1901729702949524,-0.13370846211910248,-0.07404650002717972,-0.014908617362380028,0.04172725975513458,0.09845416992902756,0.15737363696098328,0.2147492915391922,0.2729804515838623,0.3307032883167267,0.3913872241973877,0.44837185740470886,0.5027458071708679,0.5623788237571716,0.6208145022392273,0.676479160785675,0.7366709113121033,0.7972590327262878,0.856249988079071,0.9131097793579102,0.970177173614502,1.0312451124191284,1.0922272205352783,1.1491425037384033,1.2053297758102417,1.261949896812439,1.323047399520874,1.38267982006073,1.4422125816345215,1.501886010169983,1.5619012117385864,1.6192421913146973,1.6779847145080566,1.735092282295227,1.7922974824905396,1.84830641746521,1.9061744213104248,1.9612951278686523,2.021111249923706,2.0783851146698,2.1363940238952637,2.195244073867798,2.2555220127105713,2.312443733215332,2.3684310913085938,2.4248106479644775,2.480821371078491,2.5356218814849854,2.597729206085205,2.6575028896331787,2.715949296951294,2.77314829826355,2.830928325653076,2.8888022899627686,2.947004556655884,3.000746011734009,3.0581541061401367,3.113744020462036,3.1772522926330566,3.2363107204437256,3.2968087196350098,3.3521478176116943,3.4064762592315674,3.4592666625976562,3.519256591796875,3.5782110691070557,3.6328446865081787,3.693974733352661,3.7509467601776123,3.8107457160949707,3.863576889038086,3.9204370975494385,3.9761476516723633,4.038423538208008,4.100418567657471,4.160790920257568,4.210172653198242,4.266698837280273,4.321799278259277,4.3766021728515625,4.4147748947143555,4.505131721496582,4.547693252563477,4.634157657623291,4.697977066040039,4.805911064147949],"files":["scales.webp"]},"quats":{"files":["quats.webp"]},