{"version":2,"count":725075,"means":{"mins":[-2.6723161139830767,-3.0560533789267916,-1.8794117880662013],"maxs":[1.8779188588376763,3.219525180641489,1.782692838061914],"files":["means_l.webp","means_u.webp"]},"scales":{"codebook":[-9.9981689453125,-9.972805976867676,-9.930688858032227,-9.882183074951172,-9.836464881896973,-9.793695449829102,-9.753138542175293,-9.712200164794922,-9.669808387756348,-9.628399848937988,-9.58733081817627,-9.54536247253418,-9.50406551361084,-9.462785720825195,-9.419569969177246,-9.378070831298828,-9.33674430847168,-9.295509338378906,-9.254403114318848,-9.213824272155762,-9.17212963104248,-9.131254196166992,-9.090314865112305,-9.05005931854248,-9.009096145629883,-8.967222213745117,-8.925538063049316,-8.883288383483887,-8.84139633178711,-8.79831314086914,-8.756460189819336,-8.715544700622559,-8.675281524658203,-8.634512901306152,-8.593536376953125,-8.55210018157959,-8.510040283203125,-8.468564987182617,-8.427902221679688,-8.387322425842285,-8.346640586853027,-8.305109024047852,-8.263126373291016,-8.220579147338867,-8.178421020507812,-8.136445045471191,-8.095115661621094,-8.054437637329102,-8.013915061950684,-7.972406387329102,-7.930144309997559,-7.888842582702637,-7.848123550415039,-7.806944370269775,-7.7651801109313965,-7.722894668579102,-7.6808552742004395,-7.6392741203308105,-7.598076343536377,-7.556777477264404,-7.516749858856201,-7.4756245613098145,-7.4342145919799805,-7.392416477203369,-7.350814342498779,-7.309379577636719,-7.2681965827941895,-7.226463794708252,-7.185501575469971,-7.144927501678467,-7.103875637054443,-7.06207275390625,-7.02073335647583,-6.980051517486572,-6.938445568084717,-6.896857738494873,-6.855186462402344,-6.813262939453125,-6.771770477294922,-6.7309346199035645,-6.690007209777832,-6.649083137512207,-6.6078715324401855,-6.566330909729004,-6.524232864379883,-6.482101917266846,-6.440241813659668,-6.398723602294922,-6.357768535614014,-6.316925525665283,-6.275744438171387,-6.234630107879639,-6.1930718421936035,-6.1516008377075195,-6.11058235168457,-6.069391250610352,-6.028344631195068,-5.987154006958008,-5.945196628570557,-5.903545379638672,-5.8615193367004395,-5.819971561431885,-5.778749465942383,-5.7383270263671875,-5.699182510375977,-5.662498950958252,-5.628172397613525,-5.5945634841918945,-5.560523509979248,-5.525012016296387,-5.486908435821533,-5.447353839874268,-5.407005310058594,-5.36597204208374,-5.324625015258789,-5.283094882965088,-5.241784572601318,-5.200557231903076,-5.159376621246338,-5.117935657501221,-5.076537132263184,-5.035094738006592,-4.994009494781494,-4.952373504638672,-4.911011695861816,-4.8698554039001465,-4.828588485717773,-4.787102699279785,-4.745901584625244,-4.7041544914245605,-4.662959575653076,-4.6217217445373535,-4.580611228942871,-4.540204048156738,-4.500621318817139,-4.462748050689697,-4.426677227020264,-4.392390251159668,-4.358670711517334,-4.324211597442627,-4.287665843963623,-4.249190330505371,-4.209029197692871,-4.168182849884033,-4.126747131347656,-4.085453510284424,-4.044007778167725,-4.002522945404053,-3.9610798358917236,-3.9192631244659424,-3.8780012130737305,-3.836381196975708,-3.795149803161621,-3.7540886402130127,-3.7130768299102783,-3.6716220378875732,-3.6299009323120117,-3.5885798931121826,-3.5471315383911133,-3.5060083866119385,-3.464812755584717,-3.423880100250244,-3.382521390914917,-3.3410027027130127,-3.2992451190948486,-3.257700204849243,-3.21671724319458,-3.1754400730133057,-3.134082555770874,-3.0928196907043457,-3.0509276390075684,-3.009661912918091,-2.9690606594085693,-2.927849054336548,-2.8871378898620605,-2.84692645072937,-2.806490898132324,-2.767662525177002,-2.73180890083313,-2.6972107887268066,-2.663440465927124,-2.628539800643921,-2.5920474529266357,-2.5535166263580322,-2.513777017593384,-2.472907543182373,-2.4329562187194824,-2.3909664154052734,-2.3493850231170654,-2.3086018562316895,-2.2671945095062256,-2.224973201751709,-2.183793544769287,-2.1430654525756836,-2.1012346744537354,-2.0591609477996826,-2.0172932147979736,-1.9743143320083618,-1.934456706047058,-1.8940268754959106,-1.852213740348816,-1.8109790086746216,-1.7683911323547363,-1.7258726358413696,-1.6847691535949707,-1.6455618143081665,-1.6068346500396729,-1.5658435821533203,-1.522581696510315,-1.4793674945831299,-1.4364120960235596,-1.393835425376892,-1.353220820426941,-1.313990592956543,-1.272873044013977,-1.2323260307312012,-1.190585732460022,-1.1471973657608032,-1.1042639017105103,-1.0623927116394043,-1.024401307106018,-0.984097957611084,-0.9398159384727478,-0.8947030901908875,-0.8483171463012695,-0.8074713349342346,-0.7722676396369934,-0.7389899492263794,-0.6949248313903809,-0.650676965713501,-0.60988450050354,-0.5718385577201843,-0.5285826921463013,-0.4848628640174866,-0.44602811336517334,-0.4010680019855499,-0.35944944620132446,-0.31652775406837463,-0.27736347913742065,-0.23718929290771484,-0.16814281046390533,-0.1441608965396881,-0.1155548021197319,-0.06918056309223175,-0.034863442182540894,0.0028850410599261522,0.04155496507883072,0.08456221222877502,0.14267969131469727,0.1745060384273529,0.21190901100635529,0.27808043360710144,0.34215638041496277,0.36480647325515747,0.4344712793827057,0.5495564937591553],"files":["scales.webp"]},"quats":{"files":["quats.webp"]},