{"version":2,"count":638162,"means":{"mins":[-3.6141257680668684,-3.462847406743419,-1.1264758520598501],"maxs":[-3.383742266120502,3.267446020301083,2.986363592090642],"files":["means_l.webp","means_u.webp"]},"scales":{"codebook":[-9.99882698059082,-9.954987525939941,-9.910049438476562,-9.866844177246094,-9.824287414550781,-9.782486915588379,-9.739028930664062,-9.694867134094238,-9.651150703430176,-9.60764217376709,-9.56468677520752,-9.521879196166992,-9.478730201721191,-9.43608283996582,-9.392854690551758,-9.349701881408691,-9.307700157165527,-9.265233993530273,-9.221458435058594,-9.178682327270508,-9.135456085205078,-9.093530654907227,-9.04995059967041,-9.006132125854492,-8.961673736572266,-8.91720962524414,-8.873565673828125,-8.83130168914795,-8.788752555847168,-8.746119499206543,-8.702824592590332,-8.658599853515625,-8.615205764770508,-8.571246147155762,-8.529733657836914,-8.486919403076172,-8.443338394165039,-8.400279998779297,-8.357556343078613,-8.313851356506348,-8.26996898651123,-8.22712516784668,-8.18492603302002,-8.1417818069458,-8.098200798034668,-8.05540943145752,-8.012041091918945,-7.968031883239746,-7.924351215362549,-7.881092071533203,-7.836955547332764,-7.793887138366699,-7.751262664794922,-7.708219051361084,-7.664699077606201,-7.621710300445557,-7.57858943939209,-7.534754753112793,-7.491819858551025,-7.4488630294799805,-7.405084133148193,-7.361137390136719,-7.318404197692871,-7.275364398956299,-7.233343601226807,-7.190356254577637,-7.146775722503662,-7.103443145751953,-7.06022310256958,-7.016901969909668,-6.9733147621154785,-6.930300235748291,-6.887347221374512,-6.8447957038879395,-6.801863193511963,-6.75840950012207,-6.715112209320068,-6.67173433303833,-6.628506183624268,-6.584938049316406,-6.541629314422607,-6.4981889724731445,-6.455041885375977,-6.411987781524658,-6.368722915649414,-6.325320720672607,-6.281996726989746,-6.238731384277344,-6.1955695152282715,-6.152071952819824,-6.10850715637207,-6.065537929534912,-6.022477626800537,-5.979651927947998,-5.936591148376465,-5.893344402313232,-5.849934101104736,-5.80648136138916,-5.7634758949279785,-5.720548629760742,-5.677303791046143,-5.634273052215576,-5.591054439544678,-5.54802942276001,-5.505473613739014,-5.4621901512146,-5.419224262237549,-5.376224517822266,-5.333644866943359,-5.29208517074585,-5.251717567443848,-5.2132368087768555,-5.176967144012451,-5.141451835632324,-5.105669021606445,-5.068082809448242,-5.0283403396606445,-4.98670768737793,-4.944145202636719,-4.901355743408203,-4.858504772186279,-4.815916538238525,-4.7728071212768555,-4.729342937469482,-4.686013221740723,-4.642457008361816,-4.599178791046143,-4.555762767791748,-4.512297630310059,-4.468736171722412,-4.425357818603516,-4.382048606872559,-4.338748455047607,-4.294998645782471,-4.251811981201172,-4.2084550857543945,-4.1657633781433105,-4.122637748718262,-4.080361843109131,-4.038377285003662,-3.9973337650299072,-3.958684206008911,-3.922481060028076,-3.8867037296295166,-3.850968837738037,-3.8136205673217773,-3.775446891784668,-3.73747181892395,-3.699970006942749,-3.6635608673095703,-3.627819776535034,-3.591986894607544,-3.5541908740997314,-3.515125274658203,-3.4735889434814453,-3.4313712120056152,-3.388605833053589,-3.34546160697937,-3.3023908138275146,-3.259880781173706,-3.2169055938720703,-3.1743416786193848,-3.1310977935791016,-3.0882344245910645,-3.0447580814361572,-3.001108407974243,-2.957676649093628,-2.9145350456237793,-2.871220588684082,-2.828246831893921,-2.784895181655884,-2.7420706748962402,-2.698399782180786,-2.655513048171997,-2.6121573448181152,-2.5689241886138916,-2.5255630016326904,-2.4825565814971924,-2.440030336380005,-2.396043539047241,-2.3522253036499023,-2.3086092472076416,-2.2652859687805176,-2.2216830253601074,-2.179020404815674,-2.13555645942688,-2.0926454067230225,-2.049175262451172,-2.0066983699798584,-1.9636577367782593,-1.9205111265182495,-1.8778778314590454,-1.834654450416565,-1.7927557229995728,-1.7510650157928467,-1.7085984945297241,-1.6646316051483154,-1.6210979223251343,-1.5775225162506104,-1.5325363874435425,-1.4877091646194458,-1.4444178342819214,-1.4032950401306152,-1.3616621494293213,-1.3201109170913696,-1.2737582921981812,-1.2291102409362793,-1.1846996545791626,-1.1416428089141846,-1.0978105068206787,-1.0521695613861084,-1.0154122114181519,-0.9728500247001648,-0.9254493713378906,-0.8796740770339966,-0.8366395831108093,-0.7933616042137146,-0.7498419880867004,-0.7113865613937378,-0.6681439876556396,-0.6235950589179993,-0.5757575035095215,-0.5366761684417725,-0.4975828528404236,-0.4545315206050873,-0.4055649936199188,-0.3641314208507538,-0.3270004987716675,-0.281272292137146,-0.2252345085144043,-0.18443378806114197,-0.1429406702518463,-0.10970573127269745,-0.0750637799501419,-0.021157167851924896,0.03225460276007652,0.06700956076383591,0.1160179153084755,0.15241025388240814,0.20740382373332977,0.24739272892475128,0.2811998128890991,0.3274690806865692,0.36064937710762024,0.39808663725852966,0.4562031030654907,0.5127296447753906,0.5577301979064941,0.589631974697113,0.6408267617225647,0.7338102459907532,0.7426872849464417,0.8381736874580383,0.9531010389328003,0.9738211631774902,1.0152268409729004],"files":["scales.webp"]},"quats":{"files":["quats.webp"]},