{"version":2,"count":524335,"means":{"mins":[-6.839028507167048,-6.342825761317058,-4.7179125984837444],"maxs":[-5.302848938308128,-4.9449473496038525,-4.094222865974639],"files":["means_l.webp","means_u.webp"]},"scales":{"codebook":[-10,-9.911859512329102,-7.755586624145508,-7.191838264465332,-7.122708797454834,-6.927938938140869,-6.738168716430664,-6.531826019287109,-6.461115837097168,-6.248376846313477,-6.137654781341553,-6.066393852233887,-5.915334224700928,-5.860697269439697,-5.855667591094971,-5.784127235412598,-5.668155670166016,-5.635956764221191,-5.577006816864014,-5.564246654510498,-5.465694427490234,-5.374381065368652,-5.3044352531433105,-5.2315168380737305,-5.168781280517578,-5.09915828704834,-5.044283390045166,-5.022546291351318,-4.970274925231934,-4.928605079650879,-4.87544059753418,-4.806897163391113,-4.7571539878845215,-4.693531513214111,-4.661114692687988,-4.602330684661865,-4.554032325744629,-4.488438606262207,-4.441740989685059,-4.398510932922363,-4.340564727783203,-4.300592422485352,-4.263504505157471,-4.238925933837891,-4.1904730796813965,-4.129191875457764,-4.080915927886963,-4.035185813903809,-3.9818150997161865,-3.926398277282715,-3.882780075073242,-3.8445584774017334,-3.804719924926758,-3.7621841430664062,-3.714252233505249,-3.674717903137207,-3.636564016342163,-3.6012308597564697,-3.561953544616699,-3.522172212600708,-3.482670307159424,-3.450623035430908,-3.4255905151367188,-3.4071755409240723,-3.387272834777832,-3.3580384254455566,-3.3333640098571777,-3.306647300720215,-3.274661064147949,-3.2393910884857178,-3.204228162765503,-3.175436019897461,-3.1593964099884033,-3.1407551765441895,-3.1148898601531982,-3.0891993045806885,-3.065737724304199,-3.04533314704895,-3.0254311561584473,-3.0103909969329834,-3.0040383338928223,-2.9937939643859863,-2.9815099239349365,-2.9594218730926514,-2.9335501194000244,-2.9031319618225098,-2.870267391204834,-2.8383378982543945,-2.7996513843536377,-2.7621877193450928,-2.732196569442749,-2.703465461730957,-2.6780691146850586,-2.65842604637146,-2.638824462890625,-2.617882251739502,-2.599217176437378,-2.575809955596924,-2.5503318309783936,-2.524611711502075,-2.501973867416382,-2.4851324558258057,-2.470097064971924,-2.449448585510254,-2.428497791290283,-2.406489610671997,-2.3904919624328613,-2.379087448120117,-2.3644421100616455,-2.3450403213500977,-2.319835662841797,-2.2972612380981445,-2.277169942855835,-2.256314516067505,-2.235110282897949,-2.218430757522583,-2.2049360275268555,-2.1901535987854004,-2.1694633960723877,-2.1456825733184814,-2.1234066486358643,-2.1040923595428467,-2.0846915245056152,-2.0595920085906982,-2.0306289196014404,-2.0009384155273438,-1.97679603099823,-1.9540373086929321,-1.9333361387252808,-1.9117467403411865,-1.8889689445495605,-1.865557312965393,-1.8386831283569336,-1.8077634572982788,-1.776692271232605,-1.746150016784668,-1.7176495790481567,-1.6883381605148315,-1.6592459678649902,-1.6306077241897583,-1.6055066585540771,-1.5849831104278564,-1.5676079988479614,-1.5521066188812256,-1.5352044105529785,-1.5175131559371948,-1.5005502700805664,-1.481906771659851,-1.459905743598938,-1.4366357326507568,-1.4106594324111938,-1.3806960582733154,-1.3451319932937622,-1.3078926801681519,-1.27170729637146,-1.2371882200241089,-1.2050973176956177,-1.1743234395980835,-1.146567940711975,-1.1220062971115112,-1.0976530313491821,-1.0744593143463135,-1.0524719953536987,-1.0281941890716553,-1.0013256072998047,-0.9703688621520996,-0.935034453868866,-0.8966206312179565,-0.858039140701294,-0.8218955397605896,-0.7879977226257324,-0.7566227912902832,-0.7253566980361938,-0.6918484568595886,-0.6573565006256104,-0.6222664713859558,-0.5880535840988159,-0.5566174387931824,-0.5264374017715454,-0.49653443694114685,-0.4665558338165283,-0.43451789021492004,-0.3999563753604889,-0.362516313791275,-0.3216332197189331,-0.2760109305381775,-0.2281225025653839,-0.17968285083770752,-0.13242758810520172,-0.08797593414783478,-0.04770776256918907,-0.010680790059268475,0.024846818298101425,0.06090456619858742,0.0994841456413269,0.1407371312379837,0.1858496069908142,0.23389475047588348,0.2847454249858856,0.3357563018798828,0.3863212764263153,0.4371051490306854,0.48809731006622314,0.5395971536636353,0.5892082452774048,0.637929379940033,0.6841109991073608,0.7285851240158081,0.7698748111724854,0.8118570446968079,0.8549501299858093,0.9017782211303711,0.949494481086731,0.9961689114570618,1.0389894247055054,1.0818332433700562,1.1234025955200195,1.1671160459518433,1.2126548290252686,1.261252999305725,1.3116071224212646,1.3626428842544556,1.4117134809494019,1.4615298509597778,1.514711618423462,1.5670510530471802,1.617833137512207,1.672630786895752,1.72420334815979,1.7758538722991943,1.8222899436950684,1.8736598491668701,1.9258508682250977,1.9770864248275757,2.030508518218994,2.085972309112549,2.1386878490448,2.197087287902832,2.2523305416107178,2.30116868019104,2.3417294025421143,2.386442184448242,2.442986488342285,2.5002338886260986,2.549104928970337,2.6035778522491455,2.6717758178710938,2.7195122241973877,2.7611703872680664,2.809652805328369,2.86146879196167,2.8952455520629883,2.965489387512207,3.012235164642334,3.045367479324341,3.1035280227661133],"files":["scales.webp"]},"quats":{"files":["quats.webp"]},