{"version":2,"count":554851,"means":{"mins":[2.6694958155859703,-4.263088664549434,-0.9102890714389227],"maxs":[3.0245955035158425,-4.173188854516596,-0.031168174900525047],"files":["means_l.webp","means_u.webp"]},"scales":{"codebook":[-9.998699188232422,-9.974775314331055,-9.936264991760254,-9.895687103271484,-9.858957290649414,-9.823272705078125,-9.78711986541748,-9.75147533416748,-9.715462684631348,-9.679970741271973,-9.643655776977539,-9.60728645324707,-9.572209358215332,-9.53641128540039,-9.501788139343262,-9.466390609741211,-9.431010246276855,-9.395522117614746,-9.359369277954102,-9.324006080627441,-9.288241386413574,-9.252991676330566,-9.217434883117676,-9.182007789611816,-9.147136688232422,-9.112065315246582,-9.076094627380371,-9.040724754333496,-9.005375862121582,-8.970293998718262,-8.934554100036621,-8.89966106414795,-8.863572120666504,-8.828048706054688,-8.792436599731445,-8.756306648254395,-8.720934867858887,-8.68510627746582,-8.64945125579834,-8.614042282104492,-8.578971862792969,-8.543970108032227,-8.508684158325195,-8.473502159118652,-8.438116073608398,-8.401816368103027,-8.366772651672363,-8.33010196685791,-8.29434871673584,-8.258809089660645,-8.223694801330566,-8.188299179077148,-8.152680397033691,-8.11691951751709,-8.081850051879883,-8.046517372131348,-8.010574340820312,-7.974532127380371,-7.938960552215576,-7.903997898101807,-7.868690490722656,-7.833773136138916,-7.7976460456848145,-7.762174129486084,-7.726604461669922,-7.691467761993408,-7.6561174392700195,-7.620816707611084,-7.585127353668213,-7.549717426300049,-7.514273166656494,-7.479050636291504,-7.4427690505981445,-7.40725564956665,-7.371252536773682,-7.335686683654785,-7.300274848937988,-7.265336036682129,-7.229768753051758,-7.194177150726318,-7.158945560455322,-7.12520694732666,-7.093221664428711,-7.063142776489258,-7.033712863922119,-7.0042338371276855,-6.97387170791626,-6.9414238929748535,-6.908300876617432,-6.873660087585449,-6.8382978439331055,-6.803194999694824,-6.767181396484375,-6.73165225982666,-6.696256637573242,-6.660394668579102,-6.624790191650391,-6.589034080505371,-6.553083896636963,-6.517467021942139,-6.482265472412109,-6.44718074798584,-6.411462783813477,-6.376505374908447,-6.3408522605896,-6.305451393127441,-6.270806312561035,-6.236382007598877,-6.202706336975098,-6.1706929206848145,-6.140230655670166,-6.111265659332275,-6.0818986892700195,-6.051602363586426,-6.019596099853516,-5.98588228225708,-5.951071739196777,-5.915853023529053,-5.880349159240723,-5.844898700714111,-5.8093461990356445,-5.7736921310424805,-5.7384352684021,-5.703006267547607,-5.667649745941162,-5.631964206695557,-5.5963521003723145,-5.5608391761779785,-5.52522087097168,-5.489803791046143,-5.45444917678833,-5.419382572174072,-5.3839802742004395,-5.348567485809326,-5.313007354736328,-5.277605056762695,-5.242037773132324,-5.206644058227539,-5.1711106300354,-5.1360344886779785,-5.100442409515381,-5.064716815948486,-5.0292887687683105,-4.993515491485596,-4.957959175109863,-4.9226250648498535,-4.8877177238464355,-4.8536200523376465,-4.821737766265869,-4.792250156402588,-4.765193462371826,-4.740320205688477,-4.716164588928223,-4.691106796264648,-4.663895130157471,-4.6339263916015625,-4.601731777191162,-4.567722320556641,-4.532889366149902,-4.497833728790283,-4.4620866775512695,-4.4264044761657715,-4.390947341918945,-4.356015682220459,-4.320513725280762,-4.285349369049072,-4.250120162963867,-4.214817047119141,-4.1791768074035645,-4.143394947052002,-4.10775899887085,-4.072004318237305,-4.036290645599365,-4.0007643699646,-3.9655838012695312,-3.930091381072998,-3.8939497470855713,-3.857863187789917,-3.822301149368286,-3.786987781524658,-3.7520222663879395,-3.716646671295166,-3.6803739070892334,-3.644758462905884,-3.6098973751068115,-3.574755907058716,-3.5382766723632812,-3.502805471420288,-3.4679434299468994,-3.432992935180664,-3.39753794670105,-3.3626811504364014,-3.327359437942505,-3.290544033050537,-3.255781412124634,-3.220428943634033,-3.1847822666168213,-3.1495115756988525,-3.113245964050293,-3.07732892036438,-3.040471076965332,-3.004181146621704,-2.9705705642700195,-2.935527801513672,-2.9006545543670654,-2.866279125213623,-2.8327431678771973,-2.7961313724517822,-2.7599573135375977,-2.721961736679077,-2.6855828762054443,-2.650289535522461,-2.6123476028442383,-2.5793776512145996,-2.544583797454834,-2.509255886077881,-2.472815752029419,-2.43459415435791,-2.399616003036499,-2.3641035556793213,-2.329411029815674,-2.295875310897827,-2.2603673934936523,-2.224637985229492,-2.188627243041992,-2.152949333190918,-2.1148154735565186,-2.0828773975372314,-2.0501201152801514,-2.017868995666504,-1.9795877933502197,-1.9441863298416138,-1.9107033014297485,-1.8740675449371338,-1.8311553001403809,-1.7944917678833008,-1.7581987380981445,-1.7283737659454346,-1.6903629302978516,-1.6605784893035889,-1.630765438079834,-1.593526005744934,-1.552958369255066,-1.504480004310608,-1.4746495485305786,-1.4355350732803345,-1.405908465385437,-1.3730089664459229,-1.334022879600525,-1.2975208759307861,-1.2619273662567139,-1.2242867946624756,-1.1907597780227661,-1.1083166599273682,-1.0747897624969482,-0.944756269454956],"files":["scales.webp"]},"quats":{"files":["quats.webp"]},