{"version":2,"count":527791,"means":{"mins":[3.1588985812334682,1.6256960214298621,-1.334804967047262],"maxs":[3.620908841586752,4.231591172150758,3.188621095711232],"files":["means_l.webp","means_u.webp"]},"scales":{"codebook":[-9.999133110046387,-9.954730987548828,-9.912002563476562,-9.868195533752441,-9.822425842285156,-9.77731704711914,-9.732967376708984,-9.688915252685547,-9.644706726074219,-9.601546287536621,-9.558661460876465,-9.51473617553711,-9.469913482666016,-9.425078392028809,-9.38016128540039,-9.335074424743652,-9.290457725524902,-9.246256828308105,-9.200904846191406,-9.15433406829834,-9.109737396240234,-9.066956520080566,-9.02342700958252,-8.978645324707031,-8.93498420715332,-8.891249656677246,-8.846935272216797,-8.802248001098633,-8.757489204406738,-8.712868690490723,-8.667765617370605,-8.623798370361328,-8.579301834106445,-8.533824920654297,-8.48999309539795,-8.445758819580078,-8.401324272155762,-8.358442306518555,-8.314469337463379,-8.270036697387695,-8.225282669067383,-8.180603981018066,-8.134546279907227,-8.089398384094238,-8.044913291931152,-8.000866889953613,-7.956661701202393,-7.91257381439209,-7.867981910705566,-7.824002265930176,-7.779183864593506,-7.73532247543335,-7.691314697265625,-7.646987438201904,-7.603468418121338,-7.558191776275635,-7.512907028198242,-7.468727111816406,-7.424615383148193,-7.380796909332275,-7.33634090423584,-7.292317867279053,-7.247859001159668,-7.203557014465332,-7.15909481048584,-7.113964557647705,-7.0696330070495605,-7.024627685546875,-6.981265544891357,-6.9364800453186035,-6.892316818237305,-6.847414493560791,-6.802377223968506,-6.757301330566406,-6.713038444519043,-6.668896675109863,-6.625673294067383,-6.58119010925293,-6.536811351776123,-6.492178440093994,-6.447425842285156,-6.40308952331543,-6.358664035797119,-6.314521312713623,-6.270431995391846,-6.226877212524414,-6.182991027832031,-6.138807773590088,-6.0944318771362305,-6.050439834594727,-6.006375312805176,-5.962315082550049,-5.91866397857666,-5.876637935638428,-5.837001800537109,-5.799832344055176,-5.763696193695068,-5.727529525756836,-5.688639163970947,-5.647510528564453,-5.604727745056152,-5.561465740203857,-5.51755952835083,-5.472904205322266,-5.427558898925781,-5.382680416107178,-5.338176727294922,-5.294009685516357,-5.249711990356445,-5.205759048461914,-5.161300182342529,-5.117043495178223,-5.072622776031494,-5.028326988220215,-4.9839067459106445,-4.939306735992432,-4.895401954650879,-4.851136684417725,-4.806861877441406,-4.762852668762207,-4.718562126159668,-4.674292087554932,-4.629975318908691,-4.5862040519714355,-4.542646408081055,-4.500097751617432,-4.459029674530029,-4.420245170593262,-4.383401393890381,-4.347428321838379,-4.310299396514893,-4.270664215087891,-4.22949743270874,-4.187472343444824,-4.1457366943359375,-4.1055803298950195,-4.0673909187316895,-4.030763149261475,-3.994168758392334,-3.9562973976135254,-3.916289806365967,-3.874490976333618,-3.8313028812408447,-3.7872531414031982,-3.74306321144104,-3.698707342147827,-3.6543421745300293,-3.6099472045898438,-3.56555438041687,-3.5212526321411133,-3.4770195484161377,-3.4328205585479736,-3.388512372970581,-3.344224214553833,-3.299882411956787,-3.2553629875183105,-3.2113497257232666,-3.166829824447632,-3.122244358062744,-3.077906608581543,-3.033175468444824,-2.9888675212860107,-2.94464111328125,-2.9010913372039795,-2.857110023498535,-2.812168598175049,-2.767099142074585,-2.722268581390381,-2.6775755882263184,-2.633824110031128,-2.5893754959106445,-2.546125650405884,-2.5021584033966064,-2.457429885864258,-2.4130678176879883,-2.368093967437744,-2.3237175941467285,-2.2792274951934814,-2.234480857849121,-2.1896002292633057,-2.1453287601470947,-2.1007370948791504,-2.056347370147705,-2.011793375015259,-1.9684277772903442,-1.9250216484069824,-1.8810909986495972,-1.836719274520874,-1.7921980619430542,-1.7481062412261963,-1.705583095550537,-1.6627554893493652,-1.6183565855026245,-1.5733314752578735,-1.5281405448913574,-1.484619140625,-1.439622402191162,-1.3948997259140015,-1.3506518602371216,-1.3066836595535278,-1.261391282081604,-1.2152702808380127,-1.1698496341705322,-1.1270846128463745,-1.0828505754470825,-1.0397849082946777,-0.99699866771698,-0.94971764087677,-0.9022156596183777,-0.8578885793685913,-0.8138281106948853,-0.7671632170677185,-0.7213305234909058,-0.6782839894294739,-0.6369242072105408,-0.5958958268165588,-0.5493544340133667,-0.5027614831924438,-0.4584261178970337,-0.41557884216308594,-0.3743247985839844,-0.3314882218837738,-0.2887674868106842,-0.24122802913188934,-0.20015472173690796,-0.1505853533744812,-0.10744654387235641,-0.06682954728603363,-0.020952144637703896,0.03171663358807564,0.07807276397943497,0.1206025555729866,0.1631051003932953,0.20763280987739563,0.25493502616882324,0.2938941717147827,0.3334159255027771,0.3788019120693207,0.43058648705482483,0.47523021697998047,0.5148643255233765,0.5641182065010071,0.6037502884864807,0.6529977321624756,0.6974738240242004,0.7410464882850647,0.7886481285095215,0.8227525353431702,0.8593488931655884,0.9035971164703369,0.9713459610939026,1.003158688545227,1.058876633644104,1.2217243909835815,1.2521753311157227,1.3167647123336792],"files":["scales.webp"]},"quats":{"files":["quats.webp"]},