{"version":2,"count":525213,"means":{"mins":[-7.571450139668198,-7.576819490793048,-6.925536798310804],"maxs":[7.44543873339499,-3.0123131976578827,7.593529766858175],"files":["means_l.webp","means_u.webp"]},"scales":{"codebook":[-9.998512268066406,-9.941405296325684,-9.883015632629395,-9.824483871459961,-9.767751693725586,-9.71068000793457,-9.652836799621582,-9.593591690063477,-9.535890579223633,-9.47878360748291,-9.42082691192627,-9.363378524780273,-9.306812286376953,-9.2490816116333,-9.191337585449219,-9.1337890625,-9.07730770111084,-9.020227432250977,-8.962425231933594,-8.90406608581543,-8.847037315368652,-8.788308143615723,-8.729860305786133,-8.671626091003418,-8.613804817199707,-8.556589126586914,-8.499395370483398,-8.441990852355957,-8.385223388671875,-8.32803726196289,-8.269659042358398,-8.21175765991211,-8.153788566589355,-8.095486640930176,-8.038694381713867,-7.981322288513184,-7.922990322113037,-7.864135265350342,-7.806319236755371,-7.749054431915283,-7.692184925079346,-7.63458776473999,-7.577709197998047,-7.520042419433594,-7.462826251983643,-7.406219482421875,-7.348475456237793,-7.29044246673584,-7.231179714202881,-7.173216819763184,-7.114823818206787,-7.056676387786865,-6.999293804168701,-6.942934036254883,-6.8867692947387695,-6.828606605529785,-6.7704854011535645,-6.712460517883301,-6.653845310211182,-6.595428466796875,-6.536576747894287,-6.4784111976623535,-6.419991970062256,-6.362265110015869,-6.305597305297852,-6.247985363006592,-6.190051555633545,-6.131450653076172,-6.07424259185791,-6.01752233505249,-5.960653781890869,-5.903017520904541,-5.845432281494141,-5.786807537078857,-5.729565143585205,-5.671731472015381,-5.6139817237854,-5.556628704071045,-5.4995927810668945,-5.44209098815918,-5.384148120880127,-5.325765132904053,-5.266956806182861,-5.208775520324707,-5.152026653289795,-5.094655990600586,-5.036701202392578,-4.978260517120361,-4.92009973526001,-4.861794471740723,-4.803110122680664,-4.7456278800964355,-4.687367916107178,-4.6295552253723145,-4.5714569091796875,-4.515803337097168,-4.461487770080566,-4.410243511199951,-4.361710071563721,-4.3146185874938965,-4.267700672149658,-4.218654632568359,-4.166495323181152,-4.111580848693848,-4.0552167892456055,-3.998016119003296,-3.9409663677215576,-3.8834002017974854,-3.8259239196777344,-3.768824815750122,-3.7116527557373047,-3.6548831462860107,-3.597585439682007,-3.5403947830200195,-3.482297420501709,-3.42433762550354,-3.36647629737854,-3.308628559112549,-3.250943899154663,-3.1933071613311768,-3.1362531185150146,-3.0783164501190186,-3.02010440826416,-2.9616546630859375,-2.9038009643554688,-2.8458364009857178,-2.7884185314178467,-2.7311840057373047,-2.673532485961914,-2.6154909133911133,-2.5578019618988037,-2.4997942447662354,-2.441969633102417,-2.384120464324951,-2.3262693881988525,-2.268342971801758,-2.2110936641693115,-2.1527762413024902,-2.0942494869232178,-2.0383522510528564,-1.9855815172195435,-1.9260032176971436,-1.8672682046890259,-1.809019684791565,-1.7511037588119507,-1.6931228637695312,-1.6360840797424316,-1.5788720846176147,-1.5213199853897095,-1.4632543325424194,-1.4053778648376465,-1.347798228263855,-1.2904362678527832,-1.23287832736969,-1.174941062927246,-1.117351770401001,-1.0593557357788086,-1.0019052028656006,-0.9433262944221497,-0.8857288360595703,-0.8279885053634644,-0.770791232585907,-0.7151148915290833,-0.6580921411514282,-0.6000251173973083,-0.5417348146438599,-0.4850025773048401,-0.4273657500743866,-0.36886584758758545,-0.31107398867607117,-0.25309693813323975,-0.19381912052631378,-0.13654610514640808,-0.07978188991546631,-0.023025812581181526,0.03534361347556114,0.09430372714996338,0.1540602445602417,0.21138958632946014,0.26396095752716064,0.3180100917816162,0.374347060918808,0.43270817399024963,0.4909069240093231,0.5502921342849731,0.6080407500267029,0.668968141078949,0.7250093817710876,0.78188556432724,0.8393319249153137,0.8986310958862305,0.9526674747467041,1.0134862661361694,1.0735820531845093,1.1279352903366089,1.1804580688476562,1.2400538921356201,1.30693519115448,1.3641932010650635,1.4233291149139404,1.4735877513885498,1.5289682149887085,1.5851789712905884,1.6459280252456665,1.7078821659088135,1.7681305408477783,1.8339240550994873,1.8911584615707397,1.9455169439315796,2.005434274673462,2.0634117126464844,2.1242902278900146,2.181361436843872,2.2358791828155518,2.28739595413208,2.34702730178833,2.405456304550171,2.4621145725250244,2.5211992263793945,2.585285186767578,2.6418402194976807,2.6935079097747803,2.7508177757263184,2.813359260559082,2.876495122909546,2.933755874633789,2.9845051765441895,3.042625904083252,3.094359874725342,3.152564287185669,3.2082149982452393,3.265836000442505,3.3206093311309814,3.382345199584961,3.446087121963501,3.500772714614868,3.5524165630340576,3.610185146331787,3.666008472442627,3.7245049476623535,3.7813565731048584,3.843242645263672,3.9012343883514404,3.95184326171875,4.02971887588501,4.081284523010254,4.140683650970459,4.191279888153076,4.25309944152832,4.304279804229736,4.348937034606934,4.40172004699707,4.502929210662842,4.553733825683594,4.659262180328369,4.713098526000977],"files":["scales.webp"]},"quats":{"files":["quats.webp"]},