{"version":2,"count":559987,"means":{"mins":[-3.5296238288141324,-3.462836706592173,-1.0576413525732147],"maxs":[-3.3837420720270943,-2.3970472702738874,2.9345427322308635],"files":["means_l.webp","means_u.webp"]},"scales":{"codebook":[-9.999044418334961,-9.960140228271484,-9.919137954711914,-9.87803840637207,-9.837660789489746,-9.797372817993164,-9.756404876708984,-9.715631484985352,-9.67603874206543,-9.635396957397461,-9.595510482788086,-9.55585765838623,-9.51765251159668,-9.4774751663208,-9.43557357788086,-9.394718170166016,-9.352706909179688,-9.31214714050293,-9.272577285766602,-9.2319917678833,-9.192120552062988,-9.152737617492676,-9.112049102783203,-9.072202682495117,-9.030183792114258,-8.98967456817627,-8.949681282043457,-8.908777236938477,-8.870015144348145,-8.83055591583252,-8.790858268737793,-8.751283645629883,-8.710609436035156,-8.670564651489258,-8.629620552062988,-8.587852478027344,-8.546907424926758,-8.506701469421387,-8.465978622436523,-8.426313400268555,-8.38632869720459,-8.345638275146484,-8.306063652038574,-8.265986442565918,-8.225044250488281,-8.184494972229004,-8.143172264099121,-8.103141784667969,-8.064026832580566,-8.024617195129395,-7.984609127044678,-7.943866729736328,-7.903426170349121,-7.862689018249512,-7.822666168212891,-7.783132553100586,-7.7429070472717285,-7.701975345611572,-7.661365032196045,-7.620509147644043,-7.580118179321289,-7.5404486656188965,-7.500597953796387,-7.460207462310791,-7.419384479522705,-7.378478527069092,-7.337824821472168,-7.297215461730957,-7.256404876708984,-7.216348171234131,-7.176401138305664,-7.136138439178467,-7.096160888671875,-7.055933475494385,-7.015734672546387,-6.97580623626709,-6.93497896194458,-6.894702911376953,-6.854438781738281,-6.814062595367432,-6.7734856605529785,-6.7329840660095215,-6.692826271057129,-6.652967929840088,-6.613006114959717,-6.572485446929932,-6.532793998718262,-6.492372989654541,-6.452083110809326,-6.412082672119141,-6.371565341949463,-6.3311991691589355,-6.290775299072266,-6.250369071960449,-6.2100090980529785,-6.169496059417725,-6.129134178161621,-6.089138031005859,-6.049110412597656,-6.008607864379883,-5.968288898468018,-5.9281535148620605,-5.887678146362305,-5.847590446472168,-5.807684898376465,-5.767445087432861,-5.727212905883789,-5.687071800231934,-5.647090435028076,-5.606698513031006,-5.567013740539551,-5.5271759033203125,-5.488308429718018,-5.451443672180176,-5.416421413421631,-5.382826328277588,-5.349751949310303,-5.315577030181885,-5.279651165008545,-5.2419233322143555,-5.202812194824219,-5.162841320037842,-5.122875213623047,-5.082796096801758,-5.042617321014404,-5.002073764801025,-4.9620442390441895,-4.922054767608643,-4.882072448730469,-4.841948986053467,-4.801449775695801,-4.761094570159912,-4.721009731292725,-4.681519508361816,-4.641624927520752,-4.602978229522705,-4.566425800323486,-4.531867504119873,-4.498818397521973,-4.465311527252197,-4.430929183959961,-4.395121097564697,-4.356936454772949,-4.317349910736084,-4.277183532714844,-4.236775875091553,-4.1959147453308105,-4.155856609344482,-4.11557674407959,-4.075259685516357,-4.034874439239502,-3.994811773300171,-3.955150604248047,-3.9152557849884033,-3.8752145767211914,-3.8346099853515625,-3.794307231903076,-3.7539138793945312,-3.7132091522216797,-3.6724321842193604,-3.632547616958618,-3.5928499698638916,-3.5523769855499268,-3.5122289657592773,-3.471874952316284,-3.431767225265503,-3.3910152912139893,-3.3506312370300293,-3.30973219871521,-3.269590139389038,-3.2302420139312744,-3.1911230087280273,-3.150559425354004,-3.110112428665161,-3.0695979595184326,-3.0292158126831055,-2.9889140129089355,-2.9485981464385986,-2.9090235233306885,-2.8695361614227295,-2.829641580581665,-2.7886011600494385,-2.7486610412597656,-2.708400249481201,-2.667818546295166,-2.6269707679748535,-2.585566282272339,-2.5463013648986816,-2.5061874389648438,-2.4664559364318848,-2.4233970642089844,-2.381981134414673,-2.341693878173828,-2.3046584129333496,-2.2647902965545654,-2.2225589752197266,-2.184540271759033,-2.144906520843506,-2.101414918899536,-2.056960105895996,-2.013782501220703,-1.980480432510376,-1.942888617515564,-1.9040782451629639,-1.8622987270355225,-1.824408769607544,-1.785104513168335,-1.7419748306274414,-1.7013381719589233,-1.6597051620483398,-1.6183842420578003,-1.5765444040298462,-1.5369551181793213,-1.4974002838134766,-1.4579410552978516,-1.4153048992156982,-1.372464656829834,-1.3341012001037598,-1.2929648160934448,-1.2536377906799316,-1.2204439640045166,-1.1811531782150269,-1.1343566179275513,-1.0864524841308594,-1.0473164319992065,-1.0071464776992798,-0.9620122313499451,-0.9275882840156555,-0.8840466141700745,-0.8495672941207886,-0.80769282579422,-0.7732803225517273,-0.7260532379150391,-0.6765620112419128,-0.6489905714988708,-0.6133670210838318,-0.5718231201171875,-0.5356078743934631,-0.496135413646698,-0.44911909103393555,-0.40905919671058655,-0.36797067523002625,-0.32895806431770325,-0.2806430160999298,-0.24936197698116302,-0.2115659862756729,-0.16084744036197662,-0.1115221232175827,-0.07464152574539185,-0.002682303311303258,0.05209818482398987,0.08004114776849747,0.10819359123706818,0.16730137169361115,0.18750199675559998,0.27827051281929016],"files":["scales.webp"]},"quats":{"files":["quats.webp"]},