{"version":2,"count":441812,"means":{"mins":[-2.537716891542177,-3.783944596297344,-1.5235717797812836],"maxs":[4.953294332575273,4.632685112002414,3.189871278788367],"files":["means_l.webp","means_u.webp"]},"scales":{"codebook":[-9.998985290527344,-9.957783699035645,-9.910741806030273,-9.863150596618652,-9.815881729125977,-9.768975257873535,-9.723994255065918,-9.679707527160645,-9.633045196533203,-9.587423324584961,-9.541162490844727,-9.495851516723633,-9.449172019958496,-9.40333366394043,-9.356951713562012,-9.311078071594238,-9.26580810546875,-9.220117568969727,-9.173511505126953,-9.127829551696777,-9.082582473754883,-9.036151885986328,-8.990802764892578,-8.94528579711914,-8.899679183959961,-8.854585647583008,-8.80891227722168,-8.763299942016602,-8.717219352722168,-8.67076301574707,-8.624608039855957,-8.578815460205078,-8.533085823059082,-8.486716270446777,-8.440939903259277,-8.394418716430664,-8.348081588745117,-8.303170204162598,-8.257347106933594,-8.210894584655762,-8.164233207702637,-8.119482040405273,-8.074321746826172,-8.029630661010742,-7.984621524810791,-7.9384660720825195,-7.890859127044678,-7.843914985656738,-7.798106670379639,-7.752939224243164,-7.708308696746826,-7.662725448608398,-7.616088390350342,-7.569418430328369,-7.522955417633057,-7.477713108062744,-7.433029651641846,-7.386868476867676,-7.339848041534424,-7.293828964233398,-7.2477850914001465,-7.201382160186768,-7.155695915222168,-7.110978603363037,-7.067044258117676,-7.024478912353516,-6.983991622924805,-6.945893287658691,-6.908628463745117,-6.869853496551514,-6.829178810119629,-6.785462856292725,-6.742055416107178,-6.697829246520996,-6.651826858520508,-6.605292797088623,-6.55880880355835,-6.513967037200928,-6.467660427093506,-6.42075252532959,-6.374698162078857,-6.329578876495361,-6.284341335296631,-6.238054275512695,-6.191529750823975,-6.14578104019165,-6.099597454071045,-6.0536394119262695,-6.0074143409729,-5.962075710296631,-5.916091442108154,-5.870874404907227,-5.825814247131348,-5.78010368347168,-5.734158039093018,-5.687512397766113,-5.641892433166504,-5.596613883972168,-5.550810813903809,-5.504828453063965,-5.458442687988281,-5.412895679473877,-5.366891860961914,-5.3215837478637695,-5.275856971740723,-5.2297515869140625,-5.18390417098999,-5.138140678405762,-5.091558456420898,-5.044604778289795,-4.998502731323242,-4.9534010887146,-4.907477855682373,-4.861580848693848,-4.81544303894043,-4.769118309020996,-4.722744464874268,-4.6768693923950195,-4.63151741027832,-4.585629940032959,-4.5399556159973145,-4.493907928466797,-4.448170185089111,-4.402093410491943,-4.356602668762207,-4.311180591583252,-4.265422821044922,-4.219427585601807,-4.173888206481934,-4.1277899742126465,-4.081561088562012,-4.03562068939209,-3.989598512649536,-3.943666696548462,-3.8979451656341553,-3.8519818782806396,-3.8060457706451416,-3.760235548019409,-3.714052200317383,-3.668250322341919,-3.6229121685028076,-3.577157497406006,-3.5314135551452637,-3.485982894897461,-3.439847469329834,-3.3935563564300537,-3.3476736545562744,-3.301976442337036,-3.256941795349121,-3.211399793624878,-3.165569543838501,-3.1200053691864014,-3.074789047241211,-3.029996156692505,-2.9873242378234863,-2.946699857711792,-2.908581018447876,-2.8710997104644775,-2.832756280899048,-2.792229175567627,-2.7497611045837402,-2.705498218536377,-2.6598761081695557,-2.614579439163208,-2.5695831775665283,-2.524165630340576,-2.4785830974578857,-2.4330031871795654,-2.3864002227783203,-2.339958667755127,-2.2938222885131836,-2.2479374408721924,-2.2008259296417236,-2.1526315212249756,-2.102900743484497,-2.053250551223755,-2.008296251296997,-1.9681479930877686,-1.9257539510726929,-1.8817390203475952,-1.836609125137329,-1.7911351919174194,-1.7450881004333496,-1.6993619203567505,-1.653053641319275,-1.6067646741867065,-1.5612684488296509,-1.515041470527649,-1.469862937927246,-1.4246017932891846,-1.3797993659973145,-1.3339815139770508,-1.2875090837478638,-1.241919755935669,-1.1966595649719238,-1.150195837020874,-1.1039793491363525,-1.0574668645858765,-1.0105979442596436,-0.9650103449821472,-0.919824481010437,-0.8744106292724609,-0.8283126950263977,-0.7821776866912842,-0.7366123795509338,-0.6910456418991089,-0.6445231437683105,-0.5992494225502014,-0.553244411945343,-0.5064395070075989,-0.46001753211021423,-0.4146476686000824,-0.3673321604728699,-0.3229701519012451,-0.27711763978004456,-0.23160772025585175,-0.18637198209762573,-0.14249974489212036,-0.0983692854642868,-0.052288968116045,-0.006825786549597979,0.04006890207529068,0.08731207251548767,0.13551560044288635,0.17896203696727753,0.2284693717956543,0.276027649641037,0.3227866291999817,0.37001192569732666,0.41341671347618103,0.4561633765697479,0.5029094815254211,0.5518512725830078,0.6000744104385376,0.6394661664962769,0.6812466382980347,0.7249137759208679,0.7761586904525757,0.8219334483146667,0.8662160038948059,0.9194412231445312,0.9650399088859558,1.0094043016433716,1.0542949438095093,1.101275086402893,1.1484860181808472,1.1897050142288208,1.220513939857483,1.2744401693344116,1.3168030977249146,1.3690998554229736,1.410306453704834,1.4637227058410645,1.5171551704406738,1.5542278289794922,1.6971192359924316],"files":["scales.webp"]},"quats":{"files":["quats.webp"]},