{"version":2,"count":532934,"means":{"mins":[-4.074302850714023,-4.771139504460854,-0.9756199863276485],"maxs":[2.2174329346282833,-3.892148463925108,3.073837087173241],"files":["means_l.webp","means_u.webp"]},"scales":{"codebook":[-9.999317169189453,-9.95383071899414,-9.906810760498047,-9.8597993850708,-9.813342094421387,-9.766672134399414,-9.719998359680176,-9.67367172241211,-9.627923965454102,-9.583663940429688,-9.541963577270508,-9.502676010131836,-9.46430492401123,-9.426839828491211,-9.387041091918945,-9.346073150634766,-9.304522514343262,-9.26205062866211,-9.220865249633789,-9.181342124938965,-9.1430082321167,-9.104690551757812,-9.064916610717773,-9.02200984954834,-8.977453231811523,-8.930681228637695,-8.884137153625488,-8.838139533996582,-8.79104232788086,-8.744537353515625,-8.697861671447754,-8.651314735412598,-8.606179237365723,-8.561585426330566,-8.519610404968262,-8.479130744934082,-8.441191673278809,-8.402762413024902,-8.363286972045898,-8.32176399230957,-8.27833366394043,-8.234163284301758,-8.187931060791016,-8.14108657836914,-8.094408988952637,-8.048441886901855,-8.002460479736328,-7.956904888153076,-7.910221099853516,-7.863595008850098,-7.816051959991455,-7.769172668457031,-7.7226243019104,-7.676130294799805,-7.629787445068359,-7.583897113800049,-7.537125587463379,-7.490692138671875,-7.444243907928467,-7.39732027053833,-7.350302696228027,-7.3039045333862305,-7.257397174835205,-7.210096836090088,-7.163811683654785,-7.1177263259887695,-7.071184158325195,-7.025532245635986,-6.979597091674805,-6.9343180656433105,-6.88713264465332,-6.839942455291748,-6.792518138885498,-6.745458126068115,-6.699090480804443,-6.653072834014893,-6.606724262237549,-6.560256481170654,-6.514219284057617,-6.467662811279297,-6.421446323394775,-6.374054431915283,-6.326574802398682,-6.2787699699401855,-6.232255935668945,-6.186452388763428,-6.140841007232666,-6.094615936279297,-6.048266887664795,-6.002207279205322,-5.955634593963623,-5.909430503845215,-5.8632330894470215,-5.816298007965088,-5.769978046417236,-5.723511219024658,-5.677374839782715,-5.630337715148926,-5.584078311920166,-5.537068843841553,-5.490077972412109,-5.443178653717041,-5.3964762687683105,-5.351197242736816,-5.30501651763916,-5.258072853088379,-5.210916042327881,-5.163844585418701,-5.117438793182373,-5.072284698486328,-5.028478145599365,-4.988292217254639,-4.949446201324463,-4.911460876464844,-4.8719024658203125,-4.830221652984619,-4.787003040313721,-4.743089199066162,-4.697843551635742,-4.651706218719482,-4.604785919189453,-4.558335304260254,-4.511172294616699,-4.465111255645752,-4.418150424957275,-4.371561527252197,-4.325019836425781,-4.278494358062744,-4.232137203216553,-4.185634613037109,-4.13942289352417,-4.0934319496154785,-4.047106742858887,-4.000577449798584,-3.954132318496704,-3.9080514907836914,-3.862163782119751,-3.815991163253784,-3.7691268920898438,-3.722835063934326,-3.6762583255767822,-3.6295204162597656,-3.5832273960113525,-3.5372374057769775,-3.4912502765655518,-3.4450035095214844,-3.398465871810913,-3.352236747741699,-3.3059608936309814,-3.2595787048339844,-3.2128028869628906,-3.166123151779175,-3.119750499725342,-3.07350492477417,-3.0273261070251465,-2.981147050857544,-2.9346768856048584,-2.8880414962768555,-2.841848850250244,-2.795626401901245,-2.7494466304779053,-2.7033133506774902,-2.6567862033843994,-2.610039472579956,-2.5631167888641357,-2.5160462856292725,-2.469888925552368,-2.423405647277832,-2.3777072429656982,-2.331864356994629,-2.2853684425354004,-2.2384650707244873,-2.190432071685791,-2.141982078552246,-2.09391713142395,-2.0494401454925537,-2.0080089569091797,-1.9618005752563477,-1.915270447731018,-1.868399739265442,-1.8219377994537354,-1.7754544019699097,-1.729283094406128,-1.682906150817871,-1.6359150409698486,-1.5891040563583374,-1.5424442291259766,-1.495375633239746,-1.4487309455871582,-1.4030001163482666,-1.3570036888122559,-1.3107552528381348,-1.2639490365982056,-1.217070460319519,-1.17082941532135,-1.1248841285705566,-1.0778173208236694,-1.0324572324752808,-0.9856117963790894,-0.940761148929596,-0.8934951424598694,-0.8473559021949768,-0.8006145358085632,-0.7543680667877197,-0.7087801098823547,-0.6641355752944946,-0.6159228682518005,-0.5682344436645508,-0.51991206407547,-0.4728280305862427,-0.4285320043563843,-0.38102221488952637,-0.33430105447769165,-0.2863314151763916,-0.23466509580612183,-0.19092722237110138,-0.14597547054290771,-0.10200117528438568,-0.05712408199906349,-0.01244335900992155,0.039307851344347,0.08901945501565933,0.13257449865341187,0.17926891148090363,0.22535498440265656,0.27565672993659973,0.316449373960495,0.3581137955188751,0.41166621446609497,0.45998379588127136,0.5016144514083862,0.5525433421134949,0.5923782587051392,0.645523190498352,0.6952473521232605,0.7395044565200806,0.7899133563041687,0.8358762860298157,0.8748915195465088,0.9218910336494446,0.9754376411437988,1.013565182685852,1.0693522691726685,1.1093724966049194,1.172807216644287,1.215386986732483,1.2449792623519897,1.307608723640442,1.3361722230911255,1.3864270448684692,1.4290028810501099,1.5030235052108765,1.5435857772827148,1.5774556398391724,1.6163336038589478,1.8539516925811768],"files":["scales.webp"]},"quats":{"files":["quats.webp"]},