{"version":2,"count":526097,"means":{"mins":[3.024595874132433,-4.91606065304314,-0.9814778540841087],"maxs":[3.4464977974226403,-4.259232008471651,3.059512365877905],"files":["means_l.webp","means_u.webp"]},"scales":{"codebook":[-9.999617576599121,-9.98969554901123,-9.971867561340332,-9.944181442260742,-9.908269882202148,-9.867833137512207,-9.82468318939209,-9.78092098236084,-9.736242294311523,-9.69269847869873,-9.649660110473633,-9.605743408203125,-9.561209678649902,-9.516160011291504,-9.471090316772461,-9.426401138305664,-9.38254165649414,-9.338419914245605,-9.29525089263916,-9.250603675842285,-9.206925392150879,-9.162589073181152,-9.11800479888916,-9.072985649108887,-9.028748512268066,-8.984272956848145,-8.939529418945312,-8.895444869995117,-8.85152530670166,-8.808433532714844,-8.764634132385254,-8.72189712524414,-8.677594184875488,-8.634093284606934,-8.590437889099121,-8.546133041381836,-8.50139331817627,-8.45680046081543,-8.412995338439941,-8.369470596313477,-8.326706886291504,-8.281229972839355,-8.237406730651855,-8.194052696228027,-8.14999008178711,-8.105384826660156,-8.061211585998535,-8.017786979675293,-7.974625110626221,-7.933189392089844,-7.89392614364624,-7.857498645782471,-7.822796821594238,-7.786715507507324,-7.747712135314941,-7.706501483917236,-7.663886547088623,-7.619098663330078,-7.574711322784424,-7.5302348136901855,-7.486992835998535,-7.44381046295166,-7.3995184898376465,-7.355134010314941,-7.3112359046936035,-7.266512870788574,-7.221652507781982,-7.1777238845825195,-7.13395881652832,-7.0899505615234375,-7.045614719390869,-7.0013346672058105,-6.957342624664307,-6.91424560546875,-6.870007038116455,-6.825504302978516,-6.780940532684326,-6.736788272857666,-6.692806720733643,-6.648481369018555,-6.604506015777588,-6.560746192932129,-6.516970634460449,-6.473023891448975,-6.428457260131836,-6.383537292480469,-6.3398542404174805,-6.296086311340332,-6.251733779907227,-6.207642555236816,-6.163070201873779,-6.119052410125732,-6.075549125671387,-6.031432628631592,-5.98695182800293,-5.9430623054504395,-5.899425983428955,-5.855659008026123,-5.81185245513916,-5.767818927764893,-5.723849773406982,-5.679167747497559,-5.634781360626221,-5.591219425201416,-5.547482490539551,-5.503331184387207,-5.459272384643555,-5.4149885177612305,-5.370960235595703,-5.326907157897949,-5.283133506774902,-5.239151954650879,-5.195276260375977,-5.151578426361084,-5.107725143432617,-5.063236236572266,-5.019010543823242,-4.974501609802246,-4.9310712814331055,-4.888695240020752,-4.847933292388916,-4.809489727020264,-4.7743821144104,-4.7419281005859375,-4.711239337921143,-4.680656433105469,-4.648059368133545,-4.612740516662598,-4.573681354522705,-4.532786846160889,-4.490012168884277,-4.446789264678955,-4.403372764587402,-4.359682083129883,-4.315500259399414,-4.270669937133789,-4.226451396942139,-4.182537078857422,-4.138522148132324,-4.094348430633545,-4.050697326660156,-4.006791591644287,-3.9629874229431152,-3.918677568435669,-3.8741486072540283,-3.8295133113861084,-3.7856597900390625,-3.7417218685150146,-3.697573661804199,-3.6539554595947266,-3.6098899841308594,-3.566063642501831,-3.5218493938446045,-3.4773380756378174,-3.4336462020874023,-3.389775514602661,-3.346095085144043,-3.302039861679077,-3.2578306198120117,-3.2134056091308594,-3.1690897941589355,-3.124922037124634,-3.0798723697662354,-3.0361664295196533,-2.99210262298584,-2.948249101638794,-2.9047582149505615,-2.8608617782592773,-2.8175649642944336,-2.7763190269470215,-2.736078977584839,-2.6994149684906006,-2.663613796234131,-2.6270956993103027,-2.5885910987854004,-2.5477561950683594,-2.50665283203125,-2.4641003608703613,-2.421407461166382,-2.37762451171875,-2.3321425914764404,-2.2875900268554688,-2.2427048683166504,-2.1978065967559814,-2.1523008346557617,-2.107905626296997,-2.067606210708618,-2.0315001010894775,-1.9992166757583618,-1.945752739906311,-1.896448016166687,-1.8512978553771973,-1.8059313297271729,-1.7621771097183228,-1.7181471586227417,-1.675317645072937,-1.6311336755752563,-1.5852596759796143,-1.539833903312683,-1.4960732460021973,-1.4522888660430908,-1.4095585346221924,-1.367798924446106,-1.3236091136932373,-1.279638409614563,-1.2347359657287598,-1.1899760961532593,-1.1455963850021362,-1.103267788887024,-1.057328701019287,-1.0106215476989746,-0.9645988345146179,-0.9234275221824646,-0.8784093260765076,-0.8346315622329712,-0.792356550693512,-0.7516209483146667,-0.7073858380317688,-0.6644734740257263,-0.6204462647438049,-0.5784763693809509,-0.5341812372207642,-0.49096450209617615,-0.4445894956588745,-0.3919374346733093,-0.3508531451225281,-0.30876874923706055,-0.2637016475200653,-0.2222641557455063,-0.1881437450647354,-0.15635648369789124,-0.12784487009048462,-0.08787089586257935,-0.031486980617046356,0.006039018277078867,0.048546288162469864,0.08219685405492783,0.12631703913211823,0.17328055202960968,0.2134314626455307,0.25028422474861145,0.29786089062690735,0.3535853326320648,0.39311105012893677,0.43683233857154846,0.5033726096153259,0.5376648902893066,0.5682947635650635,0.6136954426765442,0.6673704385757446,0.7100712656974792,0.7556709051132202,0.8247451186180115,0.9214372038841248,1.019724726676941,1.23276686668396],"files":["scales.webp"]},"quats":{"files":["quats.webp"]},