{"version":2,"count":269750,"means":{"mins":[6.070725887393995,5.968529199665747,-4.792251565856456],"maxs":[6.807615284210442,6.777034525442378,-4.285558892376042],"files":["means_l.webp","means_u.webp"]},"scales":{"codebook":[-10,-9.922369956970215,-9.901350021362305,-7.755586624145508,-7.191838264465332,-7.122708797454834,-6.927938938140869,-6.738168716430664,-6.531826019287109,-6.461115837097168,-6.249728679656982,-6.137654781341553,-6.066393852233887,-5.915334224700928,-5.858625888824463,-5.784127235412598,-5.668155670166016,-5.635956764221191,-5.569936752319336,-5.470125675201416,-5.455930233001709,-5.384106636047363,-5.356265544891357,-5.304316520690918,-5.2315168380737305,-5.173825263977051,-5.163149356842041,-5.09915828704834,-5.037101745605469,-4.969986915588379,-4.910854816436768,-4.868514537811279,-4.8059282302856445,-4.758989334106445,-4.693522930145264,-4.661988735198975,-4.616076469421387,-4.575947284698486,-4.544490814208984,-4.487215518951416,-4.419130802154541,-4.373200416564941,-4.333940505981445,-4.301146507263184,-4.257802486419678,-4.207067012786865,-4.171762466430664,-4.139246463775635,-4.118238925933838,-4.081119537353516,-4.034724235534668,-4.001765727996826,-3.972111940383911,-3.930539608001709,-3.8869669437408447,-3.837298631668091,-3.7891998291015625,-3.739344358444214,-3.685224771499634,-3.643848180770874,-3.6047751903533936,-3.5696778297424316,-3.5349106788635254,-3.5028321743011475,-3.476378917694092,-3.450568914413452,-3.423748254776001,-3.3929097652435303,-3.3521194458007812,-3.2995693683624268,-3.2640249729156494,-3.2397055625915527,-3.214526653289795,-3.188985824584961,-3.1561801433563232,-3.115441083908081,-3.07442569732666,-3.0389463901519775,-3.004992961883545,-2.9761176109313965,-2.951575756072998,-2.9320228099823,-2.906338930130005,-2.874777317047119,-2.839354991912842,-2.8054451942443848,-2.7671022415161133,-2.7278902530670166,-2.693680763244629,-2.658343553543091,-2.624208927154541,-2.591212034225464,-2.5548319816589355,-2.5190343856811523,-2.487377643585205,-2.4609668254852295,-2.437666416168213,-2.4144043922424316,-2.387821912765503,-2.3602185249328613,-2.337480306625366,-2.312115430831909,-2.2848613262176514,-2.257338523864746,-2.2308642864227295,-2.2039976119995117,-2.1781325340270996,-2.1486191749572754,-2.1146304607391357,-2.073964834213257,-2.031304121017456,-1.9883700609207153,-1.9480634927749634,-1.9060256481170654,-1.8640756607055664,-1.824066400527954,-1.7878828048706055,-1.7522512674331665,-1.7225390672683716,-1.6964106559753418,-1.6718443632125854,-1.6488580703735352,-1.6264692544937134,-1.6020874977111816,-1.5751030445098877,-1.5455751419067383,-1.5135421752929688,-1.4806207418441772,-1.44767427444458,-1.4170517921447754,-1.3884334564208984,-1.3618407249450684,-1.3347432613372803,-1.3046913146972656,-1.2734521627426147,-1.2413227558135986,-1.2059509754180908,-1.169538974761963,-1.1361417770385742,-1.1073538064956665,-1.0845520496368408,-1.064576506614685,-1.0483787059783936,-1.0326570272445679,-1.0157568454742432,-0.9955829977989197,-0.9738376140594482,-0.9517374634742737,-0.9289673566818237,-0.9063999056816101,-0.8851674795150757,-0.8634431958198547,-0.8402658700942993,-0.8147541880607605,-0.7875633835792542,-0.7570473551750183,-0.7227826714515686,-0.6876466274261475,-0.6525170207023621,-0.6189980506896973,-0.5876519083976746,-0.5565629601478577,-0.5244489312171936,-0.49312037229537964,-0.4627527594566345,-0.4353909194469452,-0.4104546308517456,-0.38566717505455017,-0.35999712347984314,-0.33094561100006104,-0.2977113127708435,-0.2621714174747467,-0.225953608751297,-0.19188852608203888,-0.16217635571956635,-0.1370992213487625,-0.11625334620475769,-0.09872527420520782,-0.08236731588840485,-0.0651569589972496,-0.04550858959555626,-0.022918879985809326,0.0031378320418298244,0.032028406858444214,0.06288745254278183,0.09510592371225357,0.12741711735725403,0.15873906016349792,0.18922573328018188,0.218917116522789,0.2490418553352356,0.27967679500579834,0.309401273727417,0.33715978264808655,0.362998366355896,0.38944897055625916,0.4198431372642517,0.4563925266265869,0.4984356164932251,0.5463647246360779,0.597130298614502,0.6489701271057129,0.7014885544776917,0.7531633377075195,0.8032527565956116,0.8502963781356812,0.8924692869186401,0.9301772713661194,0.9627588391304016,0.9933223724365234,1.0255166292190552,1.0608683824539185,1.0986751317977905,1.1409438848495483,1.187130093574524,1.235571265220642,1.2846499681472778,1.3328120708465576,1.3760573863983154,1.4167391061782837,1.4630897045135498,1.5093921422958374,1.5595957040786743,1.6094897985458374,1.6635446548461914,1.718269944190979,1.7727184295654297,1.826015591621399,1.8735742568969727,1.9302046298980713,1.9903382062911987,2.041179656982422,2.090519666671753,2.140428066253662,2.201536178588867,2.247896909713745,2.299133062362671,2.3446178436279297,2.4005677700042725,2.4607460498809814,2.5172972679138184,2.5746994018554688,2.6302924156188965,2.6833410263061523,2.7329413890838623,2.7916483879089355,2.8486764430999756,2.896151304244995,2.958846092224121,3.026557445526123,3.0648674964904785,3.101280927658081,3.1823456287384033,3.269221782684326,3.37935209274292,3.650960683822632],"files":["scales.webp"]},"quats":{"files":["quats.webp"]},