{"version":2,"count":542250,"means":{"mins":[-2.5377030206473394,-1.48299796072365,-1.2407627629516162],"maxs":[1.4912755881859021,1.6255467275936515,-0.8512513427287416],"files":["means_l.webp","means_u.webp"]},"scales":{"codebook":[-9.998620986938477,-9.961222648620605,-9.920825958251953,-9.881574630737305,-9.844100952148438,-9.808342933654785,-9.77129077911377,-9.734298706054688,-9.697032928466797,-9.65902328491211,-9.620890617370605,-9.582701683044434,-9.543936729431152,-9.505569458007812,-9.467851638793945,-9.429834365844727,-9.392451286315918,-9.354557991027832,-9.317234992980957,-9.27941608428955,-9.241279602050781,-9.20412826538086,-9.16660213470459,-9.128947257995605,-9.088932991027832,-9.04987907409668,-9.011900901794434,-8.973644256591797,-8.936333656311035,-8.89767074584961,-8.860321998596191,-8.823705673217773,-8.785564422607422,-8.74879264831543,-8.71201229095459,-8.67357349395752,-8.634710311889648,-8.596494674682617,-8.558579444885254,-8.520055770874023,-8.481916427612305,-8.444713592529297,-8.40639591217041,-8.36820125579834,-8.329754829406738,-8.29218864440918,-8.254931449890137,-8.217880249023438,-8.179847717285156,-8.14205265045166,-8.103891372680664,-8.066682815551758,-8.02989387512207,-7.993032932281494,-7.956165313720703,-7.920673847198486,-7.887596607208252,-7.855942249298096,-7.825301170349121,-7.793595790863037,-7.7599639892578125,-7.724222183227539,-7.686967849731445,-7.6487507820129395,-7.610715389251709,-7.572886943817139,-7.53580379486084,-7.498239040374756,-7.460539817810059,-7.422492980957031,-7.3851637840271,-7.348799228668213,-7.313622951507568,-7.280675411224365,-7.24931001663208,-7.21823263168335,-7.186457633972168,-7.153347969055176,-7.1174821853637695,-7.080914497375488,-7.043900489807129,-7.005831718444824,-6.967029571533203,-6.928388595581055,-6.890210151672363,-6.852883815765381,-6.815563201904297,-6.777368545532227,-6.739704132080078,-6.70172643661499,-6.663839817047119,-6.6259050369262695,-6.588408946990967,-6.5501508712768555,-6.512187480926514,-6.4742889404296875,-6.4367170333862305,-6.399413585662842,-6.361440181732178,-6.323205947875977,-6.285195827484131,-6.247487545013428,-6.210532188415527,-6.175016403198242,-6.141303539276123,-6.109583377838135,-6.078534126281738,-6.046940326690674,-6.013695240020752,-5.978493690490723,-5.942017078399658,-5.904886245727539,-5.8674468994140625,-5.8297505378723145,-5.791987419128418,-5.754101753234863,-5.716376304626465,-5.678513050079346,-5.640944480895996,-5.603854179382324,-5.567392826080322,-5.532382965087891,-5.499592304229736,-5.468564987182617,-5.438229560852051,-5.4075927734375,-5.376877307891846,-5.3461761474609375,-5.3160881996154785,-5.285478115081787,-5.2536725997924805,-5.219942569732666,-5.1845808029174805,-5.148281097412109,-5.110808372497559,-5.073314189910889,-5.035411834716797,-4.997661113739014,-4.95984411239624,-4.922229766845703,-4.884766101837158,-4.846823692321777,-4.809250354766846,-4.771128177642822,-4.733260631561279,-4.695349216461182,-4.65770149230957,-4.62007999420166,-4.583286762237549,-4.547773838043213,-4.514255523681641,-4.482882976531982,-4.45335054397583,-4.424002170562744,-4.39523983001709,-4.366039752960205,-4.336334228515625,-4.3053297996521,-4.272657871246338,-4.237982273101807,-4.201430320739746,-4.164223670959473,-4.126261234283447,-4.088295936584473,-4.050616264343262,-4.012846946716309,-3.9752936363220215,-3.937678575515747,-3.899501323699951,-3.8613719940185547,-3.823930263519287,-3.7867908477783203,-3.748706817626953,-3.7094838619232178,-3.67160964012146,-3.6338956356048584,-3.5962913036346436,-3.5591185092926025,-3.521273136138916,-3.483896017074585,-3.446589469909668,-3.408590316772461,-3.370206356048584,-3.331526517868042,-3.2949700355529785,-3.258288621902466,-3.218356132507324,-3.179914712905884,-3.142703056335449,-3.105341672897339,-3.067568778991699,-3.0299432277679443,-2.9926648139953613,-2.9553394317626953,-2.916126251220703,-2.8795433044433594,-2.8416574001312256,-2.8014400005340576,-2.7615280151367188,-2.7226974964141846,-2.6862101554870605,-2.649400472640991,-2.613431215286255,-2.5744948387145996,-2.533724546432495,-2.4955670833587646,-2.460414171218872,-2.4241647720336914,-2.3869664669036865,-2.350407123565674,-2.3106703758239746,-2.2694284915924072,-2.229670763015747,-2.191113233566284,-2.1530375480651855,-2.118215560913086,-2.0820529460906982,-2.0419793128967285,-2.0004708766937256,-1.9642268419265747,-1.9245213270187378,-1.8914039134979248,-1.8543697595596313,-1.8148175477981567,-1.7756538391113281,-1.7376543283462524,-1.7001595497131348,-1.6666640043258667,-1.6293232440948486,-1.5910569429397583,-1.5476115942001343,-1.5099010467529297,-1.4744212627410889,-1.4321776628494263,-1.3951255083084106,-1.3584380149841309,-1.3156384229660034,-1.2897067070007324,-1.244347333908081,-1.2004122734069824,-1.1745966672897339,-1.1282570362091064,-1.091840147972107,-1.058362603187561,-1.0152844190597534,-0.9842687845230103,-0.9532474279403687,-0.9194188714027405,-0.8702899813652039,-0.823840320110321,-0.8056465983390808,-0.6573082804679871,-0.6407545804977417,-0.5396811962127686,-0.4718638062477112,-0.33499547839164734],"files":["scales.webp"]},"quats":{"files":["quats.webp"]},