{"version":2,"count":524347,"means":{"mins":[-4.7781754602470565,-4.742517730293606,-1.3503153961421726],"maxs":[3.7839182334006223,3.482756601484857,3.174926297107165],"files":["means_l.webp","means_u.webp"]},"scales":{"codebook":[-9.999093055725098,-9.956292152404785,-9.908965110778809,-9.860207557678223,-9.812090873718262,-9.764778137207031,-9.716504096984863,-9.669629096984863,-9.621301651000977,-9.57462215423584,-9.528532981872559,-9.48186206817627,-9.43504810333252,-9.386913299560547,-9.339520454406738,-9.293645858764648,-9.247788429260254,-9.200488090515137,-9.152231216430664,-9.104962348937988,-9.058414459228516,-9.01166820526123,-8.964205741882324,-8.917250633239746,-8.869425773620605,-8.821587562561035,-8.774303436279297,-8.729010581970215,-8.685047149658203,-8.64460277557373,-8.605228424072266,-8.567411422729492,-8.528149604797363,-8.487726211547852,-8.443004608154297,-8.396942138671875,-8.348848342895508,-8.302732467651367,-8.256712913513184,-8.209453582763672,-8.162517547607422,-8.116206169128418,-8.0696439743042,-8.02273941040039,-7.975269317626953,-7.928128242492676,-7.88110876083374,-7.835077285766602,-7.787333965301514,-7.74018669128418,-7.6927947998046875,-7.646036624908447,-7.5989274978637695,-7.550538539886475,-7.503477573394775,-7.456235408782959,-7.4093241691589355,-7.361907482147217,-7.314465522766113,-7.26567268371582,-7.21842622756958,-7.172181129455566,-7.124837398529053,-7.0768141746521,-7.028931140899658,-6.982254981994629,-6.9365234375,-6.890379905700684,-6.843344688415527,-6.7962846755981445,-6.748983383178711,-6.703690528869629,-6.660364627838135,-6.620204448699951,-6.581602573394775,-6.543491363525391,-6.502584934234619,-6.4595112800598145,-6.414873123168945,-6.369471073150635,-6.323506832122803,-6.276591777801514,-6.2296223640441895,-6.18204927444458,-6.13487434387207,-6.08832311630249,-6.040829181671143,-5.993651866912842,-5.946685791015625,-5.899639129638672,-5.853163242340088,-5.805582523345947,-5.758701801300049,-5.712294101715088,-5.665391445159912,-5.618140697479248,-5.570704460144043,-5.522833347320557,-5.474841117858887,-5.4276323318481445,-5.381008148193359,-5.333403587341309,-5.2855634689331055,-5.238927841186523,-5.192117214202881,-5.145511150360107,-5.098967552185059,-5.052208423614502,-5.004781246185303,-4.956820487976074,-4.909356594085693,-4.8623576164245605,-4.815150260925293,-4.767799377441406,-4.72065544128418,-4.673622131347656,-4.62656831741333,-4.580214977264404,-4.533219814300537,-4.48613166809082,-4.438731670379639,-4.391838550567627,-4.345036506652832,-4.297914505004883,-4.250759124755859,-4.203282833099365,-4.155750751495361,-4.108030319213867,-4.0610527992248535,-4.013988494873047,-3.96745228767395,-3.9199395179748535,-3.872499704360962,-3.825511932373047,-3.7788310050964355,-3.7318336963653564,-3.6852614879608154,-3.638221263885498,-3.5909321308135986,-3.543332576751709,-3.4958510398864746,-3.448918581008911,-3.4016153812408447,-3.3547186851501465,-3.3081183433532715,-3.261308193206787,-3.214311122894287,-3.167085886001587,-3.1195626258850098,-3.072232961654663,-3.0251035690307617,-2.9778995513916016,-2.9307706356048584,-2.8839893341064453,-2.8368725776672363,-2.789710283279419,-2.7427003383636475,-2.695977210998535,-2.6497983932495117,-2.6046149730682373,-2.5619869232177734,-2.5214786529541016,-2.482604742050171,-2.4437899589538574,-2.403801918029785,-2.3619465827941895,-2.318478584289551,-2.2747561931610107,-2.231215000152588,-2.189929246902466,-2.1500306129455566,-2.1107983589172363,-2.072089195251465,-2.0348846912384033,-2.0007967948913574,-1.9506675004959106,-1.900307297706604,-1.8506934642791748,-1.801943063735962,-1.7540401220321655,-1.7072880268096924,-1.6608984470367432,-1.6143038272857666,-1.5670315027236938,-1.5201395750045776,-1.47301185131073,-1.4259600639343262,-1.3785514831542969,-1.3311346769332886,-1.2846840620040894,-1.238079309463501,-1.1914341449737549,-1.1445677280426025,-1.0964391231536865,-1.049308180809021,-1.0024535655975342,-0.956240177154541,-0.9092115163803101,-0.8614615201950073,-0.8134697675704956,-0.7663691639900208,-0.7185115218162537,-0.6723747849464417,-0.6250025033950806,-0.5784521102905273,-0.5317123532295227,-0.48390576243400574,-0.43677663803100586,-0.3902188539505005,-0.3440391719341278,-0.29709577560424805,-0.2497672140598297,-0.20197263360023499,-0.15544933080673218,-0.10896574705839157,-0.06147418171167374,-0.013569695875048637,0.033963948488235474,0.08144848793745041,0.12681631743907928,0.17705073952674866,0.22465172410011292,0.2679550349712372,0.31447115540504456,0.36089277267456055,0.40802037715911865,0.4536910653114319,0.5016059279441833,0.552424967288971,0.5979971885681152,0.6453414559364319,0.6905946731567383,0.744120717048645,0.7908221483230591,0.8361390829086304,0.8811981081962585,0.9239197373390198,0.9722606539726257,1.0204219818115234,1.0649664402008057,1.1186085939407349,1.1681352853775024,1.2134276628494263,1.259527564048767,1.2960143089294434,1.3491826057434082,1.4041897058486938,1.4531497955322266,1.4931836128234863,1.542680263519287,1.6010863780975342,1.6671266555786133,1.7098298072814941,1.7726775407791138,1.804810643196106,2.0164196491241455],"files":["scales.webp"]},"quats":{"files":["quats.webp"]},