{"version":2,"count":492339,"means":{"mins":[3.285580986326079,-6.517114498954696,-4.800483322740006],"maxs":[6.807615284210442,6.776558143674929,-3.7127917963438235],"files":["means_l.webp","means_u.webp"]},"scales":{"codebook":[-10,-9.922369956970215,-9.901350021362305,-7.755586624145508,-7.191838264465332,-7.122708797454834,-6.927938938140869,-6.738168716430664,-6.531826019287109,-6.461115837097168,-6.2582268714904785,-6.244404315948486,-6.137654781341553,-6.066393852233887,-5.915334224700928,-5.858481407165527,-5.784127235412598,-5.659696102142334,-5.568423748016357,-5.470125675201416,-5.455930233001709,-5.384106636047363,-5.356265544891357,-5.304490566253662,-5.2315168380737305,-5.168331146240234,-5.09915828704834,-5.054301738739014,-5.033002853393555,-4.982287883758545,-4.934871196746826,-4.882386207580566,-4.838032245635986,-4.776888370513916,-4.738754749298096,-4.686207294464111,-4.632716178894043,-4.576761722564697,-4.530653476715088,-4.467941761016846,-4.408895492553711,-4.365372657775879,-4.313029766082764,-4.255745887756348,-4.202077388763428,-4.140135288238525,-4.081157684326172,-4.036089897155762,-3.9921205043792725,-3.9571621417999268,-3.9203619956970215,-3.8727118968963623,-3.8152387142181396,-3.7587265968322754,-3.7053213119506836,-3.6547787189483643,-3.596285820007324,-3.54166841506958,-3.489928722381592,-3.4360222816467285,-3.380605459213257,-3.3248839378356934,-3.272186756134033,-3.2201321125030518,-3.165099620819092,-3.1092212200164795,-3.056593179702759,-3.002819538116455,-2.9520766735076904,-2.906388998031616,-2.8642497062683105,-2.8242199420928955,-2.7798664569854736,-2.7321667671203613,-2.6762607097625732,-2.625868082046509,-2.5821242332458496,-2.549232244491577,-2.5235049724578857,-2.501953125,-2.4850528240203857,-2.4685893058776855,-2.4483299255371094,-2.4317994117736816,-2.4136133193969727,-2.3893799781799316,-2.3643157482147217,-2.3359668254852295,-2.302932024002075,-2.268756866455078,-2.2336642742156982,-2.195047378540039,-2.1591625213623047,-2.124333620071411,-2.0897932052612305,-2.063366651535034,-2.041250467300415,-2.0203216075897217,-1.9957976341247559,-1.9689439535140991,-1.9396082162857056,-1.9028395414352417,-1.8623608350753784,-1.8211997747421265,-1.783127784729004,-1.7476857900619507,-1.7175132036209106,-1.687846064567566,-1.6565775871276855,-1.6233474016189575,-1.5888677835464478,-1.5522421598434448,-1.5157229900360107,-1.4811460971832275,-1.4451026916503906,-1.4077271223068237,-1.3691792488098145,-1.3298074007034302,-1.2896956205368042,-1.2469308376312256,-1.2010096311569214,-1.1540837287902832,-1.1095008850097656,-1.0676209926605225,-1.030863881111145,-1.000921368598938,-0.9738798141479492,-0.9474911689758301,-0.9200568795204163,-0.8896709680557251,-0.8568961024284363,-0.8236629366874695,-0.790038526058197,-0.757729709148407,-0.7265814542770386,-0.694049060344696,-0.6605043411254883,-0.6251564025878906,-0.5872247815132141,-0.5483981370925903,-0.5086724162101746,-0.4692542552947998,-0.43156513571739197,-0.3955538868904114,-0.36104270815849304,-0.32760089635849,-0.2955373227596283,-0.2655241787433624,-0.2384287565946579,-0.21431760489940643,-0.19104334712028503,-0.16901999711990356,-0.14778661727905273,-0.12813282012939453,-0.10976383090019226,-0.0920925885438919,-0.07390830665826797,-0.05438126623630524,-0.03314032033085823,-0.010356400161981583,0.01304689608514309,0.03674361854791641,0.0617934986948967,0.08728031814098358,0.11211744695901871,0.13655926287174225,0.1602422446012497,0.1836169958114624,0.20613516867160797,0.2269635945558548,0.2452317625284195,0.26055535674095154,0.27361300587654114,0.2848464846611023,0.29579660296440125,0.307377427816391,0.3198806345462799,0.3334639370441437,0.34834718704223633,0.364676833152771,0.38278087973594666,0.40257731080055237,0.42422932386398315,0.4469316601753235,0.4701521098613739,0.49320197105407715,0.5158512592315674,0.538956880569458,0.5638227462768555,0.5907600522041321,0.6198626160621643,0.6500186920166016,0.681520938873291,0.7148981094360352,0.7504914402961731,0.7866472601890564,0.8220682740211487,0.8547618985176086,0.8844444155693054,0.9122387170791626,0.9394444227218628,0.9664572477340698,0.9952043294906616,1.0256203413009644,1.0584290027618408,1.091813325881958,1.1262966394424438,1.1622568368911743,1.1996135711669922,1.2400676012039185,1.2836936712265015,1.328332781791687,1.3720037937164307,1.4142335653305054,1.4573421478271484,1.5004929304122925,1.5443170070648193,1.5879052877426147,1.630797266960144,1.6743179559707642,1.719728946685791,1.768170952796936,1.817264199256897,1.8712072372436523,1.9236361980438232,1.9788451194763184,2.036351203918457,2.090646505355835,2.1506216526031494,2.201732635498047,2.250708818435669,2.302448272705078,2.3548026084899902,2.410350799560547,2.4698705673217773,2.5238327980041504,2.5741353034973145,2.6330642700195312,2.6917619705200195,2.744152307510376,2.7969934940338135,2.857913017272949,2.91038179397583,2.956912040710449,3.008373498916626,3.0719051361083984,3.116264581680298,3.1949985027313232,3.258049964904785,3.30643367767334,3.349787712097168,3.38655424118042,3.6885764598846436,3.7437469959259033,3.7948598861694336,3.833932638168335],"files":["scales.webp"]},"quats":{"files":["quats.webp"]},