{"version":2,"count":524805,"means":{"mins":[-4.7781548603835216,-4.742545129126245,-1.2619399684610069],"maxs":[-2.5384314346338965,-3.4628618726876574,3.119499918960284],"files":["means_l.webp","means_u.webp"]},"scales":{"codebook":[-9.999126434326172,-9.952574729919434,-9.904806137084961,-9.858216285705566,-9.812280654907227,-9.765036582946777,-9.717665672302246,-9.670177459716797,-9.62369441986084,-9.579082489013672,-9.532746315002441,-9.485503196716309,-9.43751049041748,-9.389376640319824,-9.342628479003906,-9.294050216674805,-9.245821952819824,-9.19920539855957,-9.152311325073242,-9.105339050292969,-9.057888984680176,-9.010024070739746,-8.962430000305176,-8.915850639343262,-8.869394302368164,-8.822586059570312,-8.776697158813477,-8.73011589050293,-8.68310546875,-8.634772300720215,-8.586627960205078,-8.539885520935059,-8.49329948425293,-8.445966720581055,-8.399419784545898,-8.352785110473633,-8.305642127990723,-8.25784969329834,-8.212986946105957,-8.166526794433594,-8.118779182434082,-8.070033073425293,-8.023432731628418,-7.976528167724609,-7.930234909057617,-7.883518695831299,-7.836498260498047,-7.789103031158447,-7.741706371307373,-7.693201065063477,-7.645552635192871,-7.598022937774658,-7.551066875457764,-7.5036115646362305,-7.456470489501953,-7.409544467926025,-7.3641557693481445,-7.317286491394043,-7.270188331604004,-7.222176551818848,-7.174908638000488,-7.127797603607178,-7.081195831298828,-7.0350422859191895,-6.987590312957764,-6.940168380737305,-6.892908573150635,-6.8447065353393555,-6.797314643859863,-6.751461029052734,-6.704471588134766,-6.657425880432129,-6.610154151916504,-6.563117027282715,-6.516743183135986,-6.469613552093506,-6.422752857208252,-6.3761305809021,-6.3303961753845215,-6.286192893981934,-6.24456262588501,-6.204960823059082,-6.166797637939453,-6.128147602081299,-6.087059497833252,-6.04353666305542,-5.997399806976318,-5.951022624969482,-5.903676509857178,-5.8562541007995605,-5.80996036529541,-5.763067245483398,-5.716747283935547,-5.670035362243652,-5.6230149269104,-5.576623916625977,-5.529550552368164,-5.4814982414245605,-5.433380126953125,-5.386138439178467,-5.339626312255859,-5.292518615722656,-5.245068073272705,-5.197611331939697,-5.151070594787598,-5.104300498962402,-5.0575079917907715,-5.011074066162109,-4.964440822601318,-4.917518615722656,-4.870171070098877,-4.822597980499268,-4.775474548339844,-4.7282304763793945,-4.68085241317749,-4.633913993835449,-4.58711051940918,-4.540318965911865,-4.493320941925049,-4.4458160400390625,-4.39847993850708,-4.351151943206787,-4.3044257164001465,-4.257659435272217,-4.211022853851318,-4.164312839508057,-4.116978168487549,-4.0704874992370605,-4.024782180786133,-3.9813315868377686,-3.9403960704803467,-3.9024546146392822,-3.8687198162078857,-3.8369922637939453,-3.80480694770813,-3.7700347900390625,-3.7311227321624756,-3.6895828247070312,-3.645308017730713,-3.599569797515869,-3.5530993938446045,-3.506253480911255,-3.459304094314575,-3.4123129844665527,-3.3650684356689453,-3.3182387351989746,-3.2703654766082764,-3.2233593463897705,-3.176422357559204,-3.1291651725769043,-3.082103967666626,-3.035104274749756,-2.988345146179199,-2.9421355724334717,-2.8976364135742188,-2.855214834213257,-2.8151602745056152,-2.7762837409973145,-2.7385568618774414,-2.7005906105041504,-2.662342071533203,-2.6236093044281006,-2.5855014324188232,-2.5470902919769287,-2.507458209991455,-2.46553635597229,-2.421558380126953,-2.3757143020629883,-2.328721523284912,-2.2819437980651855,-2.2350502014160156,-2.186826229095459,-2.138871431350708,-2.091883420944214,-2.046095371246338,-2.004122257232666,-1.9570602178573608,-1.9090408086776733,-1.8612390756607056,-1.8139137029647827,-1.766709804534912,-1.7197262048721313,-1.672971487045288,-1.6258221864700317,-1.579446792602539,-1.5320743322372437,-1.4849157333374023,-1.4375760555267334,-1.390541911125183,-1.3443571329116821,-1.2977275848388672,-1.250406265258789,-1.2031530141830444,-1.1559303998947144,-1.1089626550674438,-1.0605930089950562,-1.0129587650299072,-0.9661610126495361,-0.9190750122070312,-0.8720478415489197,-0.8243116736412048,-0.7769426107406616,-0.7310847043991089,-0.6840783953666687,-0.6372019052505493,-0.5898939371109009,-0.5416133999824524,-0.49332091212272644,-0.4458561837673187,-0.39950844645500183,-0.35264456272125244,-0.3072108030319214,-0.26080089807510376,-0.21249796450138092,-0.16540589928627014,-0.12064260989427567,-0.07329259067773819,-0.028964480385184288,0.015320958569645882,0.062355346977710724,0.10865024477243423,0.1593853086233139,0.21179451048374176,0.26075899600982666,0.30444836616516113,0.3538860082626343,0.39868637919425964,0.444584459066391,0.4849742352962494,0.5331246852874756,0.5836305618286133,0.6337866187095642,0.6807884573936462,0.7262763381004333,0.7749443650245667,0.824642539024353,0.8700308799743652,0.9123719930648804,0.9549884796142578,0.9957605004310608,1.0449509620666504,1.0835464000701904,1.1256524324417114,1.1815121173858643,1.2354774475097656,1.2897642850875854,1.3606752157211304,1.388634443283081,1.4142403602600098,1.472510576248169,1.5301392078399658,1.597596526145935,1.781379222869873,1.8892158269882202,1.9366512298583984,2.000437021255493],"files":["scales.webp"]},"quats":{"files":["quats.webp"]},