{"version":2,"count":541854,"means":{"mins":[1.9224804116671774,-3.892147841321548,-1.095697709547163],"maxs":[4.292609244994606,-3.0756946639528273,2.973205956325139],"files":["means_l.webp","means_u.webp"]},"scales":{"codebook":[-9.9992036819458,-9.962260246276855,-9.918621063232422,-9.877484321594238,-9.838080406188965,-9.798760414123535,-9.757794380187988,-9.715112686157227,-9.670086860656738,-9.624082565307617,-9.577315330505371,-9.53005313873291,-9.483119010925293,-9.437372207641602,-9.392786026000977,-9.34970474243164,-9.308384895324707,-9.268481254577637,-9.229561805725098,-9.190306663513184,-9.149335861206055,-9.105840682983398,-9.060293197631836,-9.013601303100586,-8.966833114624023,-8.919621467590332,-8.873767852783203,-8.82953929901123,-8.786263465881348,-8.74586296081543,-8.707137107849121,-8.668510437011719,-8.627660751342773,-8.586684226989746,-8.544158935546875,-8.498987197875977,-8.450719833374023,-8.402908325195312,-8.355878829956055,-8.308704376220703,-8.261674880981445,-8.214958190917969,-8.167072296142578,-8.11987590789795,-8.072789192199707,-8.025267601013184,-7.978670120239258,-7.9323248863220215,-7.884114742279053,-7.835512161254883,-7.788304328918457,-7.741762638092041,-7.695404529571533,-7.648250102996826,-7.60087776184082,-7.553781032562256,-7.5072808265686035,-7.460899353027344,-7.413842678070068,-7.365971565246582,-7.319610118865967,-7.273565292358398,-7.227006912231445,-7.179778575897217,-7.132436752319336,-7.085930824279785,-7.038876533508301,-6.9919514656066895,-6.944901943206787,-6.898940086364746,-6.853707790374756,-6.811522483825684,-6.773223400115967,-6.739628314971924,-6.711771488189697,-6.686708927154541,-6.661498546600342,-6.633115291595459,-6.599153995513916,-6.560446739196777,-6.518291473388672,-6.473145008087158,-6.427448272705078,-6.381782531738281,-6.337254524230957,-6.2953081130981445,-6.256072044372559,-6.21912145614624,-6.18320894241333,-6.146562099456787,-6.110058784484863,-6.073521614074707,-6.035953044891357,-5.996490955352783,-5.954113483428955,-5.909800052642822,-5.864607334136963,-5.817788600921631,-5.77072286605835,-5.7233195304870605,-5.67592191696167,-5.629266738891602,-5.5829267501831055,-5.536572456359863,-5.4892144203186035,-5.441949844360352,-5.394928932189941,-5.347559452056885,-5.300098896026611,-5.252719402313232,-5.205967426300049,-5.158504009246826,-5.110779762268066,-5.063994884490967,-5.0182294845581055,-4.973489761352539,-4.930935382843018,-4.8903279304504395,-4.851399898529053,-4.81285285949707,-4.77358865737915,-4.731729984283447,-4.687215805053711,-4.6410088539123535,-4.594456195831299,-4.547689437866211,-4.500864028930664,-4.454124927520752,-4.407167434692383,-4.360040187835693,-4.313807964324951,-4.267200469970703,-4.220082759857178,-4.173076152801514,-4.126419544219971,-4.079637050628662,-4.032479763031006,-3.984912872314453,-3.9379971027374268,-3.891087770462036,-3.844635009765625,-3.7983033657073975,-3.7529027462005615,-3.708404302597046,-3.6662821769714355,-3.626178026199341,-3.5875918865203857,-3.5492663383483887,-3.5102734565734863,-3.4703171253204346,-3.431713819503784,-3.3933823108673096,-3.355365037918091,-3.3161873817443848,-3.2752790451049805,-3.232337474822998,-3.1871819496154785,-3.140373468399048,-3.0938451290130615,-3.0466036796569824,-2.999488353729248,-2.9522242546081543,-2.9053115844726562,-2.858360767364502,-2.811993360519409,-2.766354560852051,-2.7225799560546875,-2.6809804439544678,-2.641774892807007,-2.6065635681152344,-2.5733015537261963,-2.5409462451934814,-2.506589889526367,-2.4698410034179688,-2.4305076599121094,-2.387834072113037,-2.342766761779785,-2.2950830459594727,-2.2479851245880127,-2.2001898288726807,-2.153583288192749,-2.1094894409179688,-2.0702240467071533,-2.035696268081665,-2.0040106773376465,-1.9611817598342896,-1.9178495407104492,-1.872279167175293,-1.8250176906585693,-1.7775688171386719,-1.7299634218215942,-1.6835861206054688,-1.636749029159546,-1.5907186269760132,-1.542803406715393,-1.495694637298584,-1.4491020441055298,-1.4014424085617065,-1.355587363243103,-1.3095571994781494,-1.2651294469833374,-1.2173449993133545,-1.1700445413589478,-1.1224814653396606,-1.0725098848342896,-1.0279282331466675,-0.9824490547180176,-0.9364898800849915,-0.8895094394683838,-0.8435088396072388,-0.7962378263473511,-0.742399275302887,-0.6981867551803589,-0.6486037969589233,-0.606535017490387,-0.5650400519371033,-0.5153816938400269,-0.461508184671402,-0.4178064167499542,-0.3629465699195862,-0.3107755184173584,-0.26794466376304626,-0.22340644896030426,-0.1684623807668686,-0.12729544937610626,-0.08603819459676743,-0.045073073357343674,0.000276884384220466,0.0549706406891346,0.11281254142522812,0.1543375700712204,0.20415425300598145,0.23846352100372314,0.2904174029827118,0.3371027112007141,0.38020989298820496,0.4265400767326355,0.473839670419693,0.5218569040298462,0.5738663673400879,0.6229754090309143,0.6754772067070007,0.7145516872406006,0.7790482640266418,0.8106094598770142,0.862774133682251,0.8889195919036865,0.9285305142402649,1.0135481357574463,1.0379537343978882,1.123032569885254,1.185389518737793,1.2165766954421997,1.459198236465454,1.7558692693710327,1.983367919921875],"files":["scales.webp"]},"quats":{"files":["quats.webp"]},