{"version":2,"count":530592,"means":{"mins":[-4.522653061487347,0.4232338325703349,-0.7994839131931051],"maxs":[1.922409419464644,2.841369140206102,3.0468401755438097],"files":["means_l.webp","means_u.webp"]},"scales":{"codebook":[-9.998741149902344,-9.95264720916748,-9.903152465820312,-9.855696678161621,-9.803662300109863,-9.755016326904297,-9.706648826599121,-9.660920143127441,-9.615344047546387,-9.570155143737793,-9.52306842803955,-9.475275039672852,-9.427214622497559,-9.379615783691406,-9.333208084106445,-9.285466194152832,-9.231982231140137,-9.183329582214355,-9.136308670043945,-9.090237617492676,-9.044105529785156,-8.99679183959961,-8.949529647827148,-8.90231704711914,-8.85595703125,-8.80577278137207,-8.755807876586914,-8.706160545349121,-8.659856796264648,-8.613937377929688,-8.56926155090332,-8.521921157836914,-8.47231388092041,-8.423720359802246,-8.375322341918945,-8.328484535217285,-8.28030014038086,-8.232544898986816,-8.184686660766602,-8.137330055236816,-8.089962005615234,-8.045639991760254,-8.00139331817627,-7.960109710693359,-7.920621871948242,-7.8811140060424805,-7.84044885635376,-7.798327445983887,-7.754624366760254,-7.707322120666504,-7.658741474151611,-7.611151695251465,-7.564599990844727,-7.516272068023682,-7.4671711921691895,-7.418728351593018,-7.37129545211792,-7.324582576751709,-7.277812957763672,-7.230258464813232,-7.183104991912842,-7.134215354919434,-7.086177349090576,-7.038407325744629,-6.990256309509277,-6.942205905914307,-6.8951005935668945,-6.847554683685303,-6.800514221191406,-6.753164768218994,-6.706737518310547,-6.661171913146973,-6.617537975311279,-6.576622486114502,-6.537225246429443,-6.498433589935303,-6.4590935707092285,-6.419185161590576,-6.379288196563721,-6.340384483337402,-6.303447723388672,-6.267911434173584,-6.2332634925842285,-6.198431491851807,-6.16210412979126,-6.12309455871582,-6.080737590789795,-6.036237716674805,-5.990084171295166,-5.942781448364258,-5.895163536071777,-5.8478102684021,-5.800046443939209,-5.752851486206055,-5.70550012588501,-5.658097743988037,-5.6106977462768555,-5.564314842224121,-5.5198750495910645,-5.477365970611572,-5.4371161460876465,-5.397834777832031,-5.358304500579834,-5.31698751449585,-5.273466110229492,-5.228226184844971,-5.181700706481934,-5.1347975730896,-5.0875959396362305,-5.041272163391113,-4.996905326843262,-4.9550580978393555,-4.915359020233154,-4.876552104949951,-4.836972236633301,-4.796248912811279,-4.754238605499268,-4.712430953979492,-4.672219753265381,-4.634085655212402,-4.597995281219482,-4.562933921813965,-4.527612686157227,-4.491382122039795,-4.452785491943359,-4.411882400512695,-4.367899417877197,-4.321793556213379,-4.275568008422852,-4.228201389312744,-4.180637359619141,-4.132783889770508,-4.084342956542969,-4.036157608032227,-3.988755702972412,-3.9413459300994873,-3.8936221599578857,-3.8455772399902344,-3.7984259128570557,-3.7509586811065674,-3.702702045440674,-3.6553356647491455,-3.608170747756958,-3.560722589492798,-3.51244854927063,-3.4641690254211426,-3.4179117679595947,-3.372884750366211,-3.329663038253784,-3.2888455390930176,-3.2503769397735596,-3.21117901802063,-3.1698009967803955,-3.1271121501922607,-3.0819754600524902,-3.0348947048187256,-2.986692428588867,-2.938760757446289,-2.8910460472106934,-2.843549966812134,-2.7955400943756104,-2.7460203170776367,-2.697603940963745,-2.6507341861724854,-2.6050729751586914,-2.5578417778015137,-2.509533166885376,-2.4608943462371826,-2.413059949874878,-2.365429162979126,-2.317249059677124,-2.2696449756622314,-2.220734119415283,-2.173739194869995,-2.1266047954559326,-2.0782339572906494,-2.0331943035125732,-1.990342617034912,-1.9397003650665283,-1.8910003900527954,-1.8427305221557617,-1.7960275411605835,-1.7481107711791992,-1.6992706060409546,-1.6494075059890747,-1.601745843887329,-1.5544836521148682,-1.5059137344360352,-1.4567314386367798,-1.4080555438995361,-1.361164927482605,-1.3142399787902832,-1.267179250717163,-1.2182519435882568,-1.1700506210327148,-1.1219123601913452,-1.0745737552642822,-1.0278599262237549,-0.9804168343544006,-0.9344449043273926,-0.888443648815155,-0.8429293632507324,-0.7957628965377808,-0.747146487236023,-0.6971117258071899,-0.6496181488037109,-0.6013397574424744,-0.5537143349647522,-0.506818950176239,-0.4568209648132324,-0.406600683927536,-0.35982316732406616,-0.31526243686676025,-0.2650255560874939,-0.21247708797454834,-0.16394777595996857,-0.11929432302713394,-0.0732201486825943,-0.02938225120306015,0.020693548023700714,0.06689845770597458,0.12033268064260483,0.1613961160182953,0.20583970844745636,0.2520992159843445,0.3033621907234192,0.36161187291145325,0.4104228615760803,0.4529724419116974,0.4927656352519989,0.5478935837745667,0.5994849801063538,0.6378473043441772,0.6926933526992798,0.7329346537590027,0.7784394025802612,0.8310734033584595,0.8780474066734314,0.9274083375930786,0.9697801470756531,1.0185757875442505,1.0739704370498657,1.1239718198776245,1.1674617528915405,1.224839687347412,1.2599953413009644,1.310497522354126,1.3646897077560425,1.385062575340271,1.4560354948043823,1.4861834049224854,1.5474132299423218,1.6212702989578247,1.6738371849060059,2.0840208530426025,2.1683361530303955],"files":["scales.webp"]},"quats":{"files":["quats.webp"]},