{"version":2,"count":680692,"means":{"mins":[-4.889846609218537,-3.892147607845113,-1.1750602332611824],"maxs":[2.4995558222156564,5.10653225646262,3.1087801645351663],"files":["means_l.webp","means_u.webp"]},"scales":{"codebook":[-9.998332977294922,-9.953497886657715,-9.897822380065918,-9.843711853027344,-9.791033744812012,-9.740263938903809,-9.688302993774414,-9.635048866271973,-9.581849098205566,-9.528919219970703,-9.47701644897461,-9.424334526062012,-9.372199058532715,-9.321624755859375,-9.270660400390625,-9.219965934753418,-9.170891761779785,-9.124748229980469,-9.08029556274414,-9.037108421325684,-8.99368667602539,-8.948905944824219,-8.901000022888184,-8.850406646728516,-8.798097610473633,-8.746089935302734,-8.693672180175781,-8.642065048217773,-8.59034252166748,-8.538188934326172,-8.48646354675293,-8.435158729553223,-8.38219165802002,-8.330046653747559,-8.277667045593262,-8.22514820098877,-8.173377990722656,-8.12109661102295,-8.068906784057617,-8.017346382141113,-7.964292526245117,-7.911902904510498,-7.859687328338623,-7.807021617889404,-7.75590181350708,-7.706142902374268,-7.657994747161865,-7.611687183380127,-7.567028045654297,-7.5236992835998535,-7.4805474281311035,-7.4348978996276855,-7.387379169464111,-7.337148666381836,-7.285648345947266,-7.233913421630859,-7.182178497314453,-7.130744934082031,-7.080427646636963,-7.033199787139893,-6.98901891708374,-6.945889949798584,-6.902980327606201,-6.857868194580078,-6.810837745666504,-6.761385917663574,-6.710099220275879,-6.6578803062438965,-6.6059417724609375,-6.553491592407227,-6.500942707061768,-6.448449611663818,-6.396124839782715,-6.344992160797119,-6.294512748718262,-6.246548652648926,-6.202467918395996,-6.162062168121338,-6.12533712387085,-6.090159893035889,-6.054239749908447,-6.015908241271973,-5.974698066711426,-5.931248664855957,-5.887956142425537,-5.846902370452881,-5.808008670806885,-5.77105188369751,-5.734589099884033,-5.697160720825195,-5.65839147567749,-5.6178364753723145,-5.577107906341553,-5.5369086265563965,-5.497986316680908,-5.459959030151367,-5.421748638153076,-5.3824028968811035,-5.341015815734863,-5.296713829040527,-5.249748229980469,-5.200495719909668,-5.15032958984375,-5.101680278778076,-5.055179119110107,-5.011143684387207,-4.968667507171631,-4.927789688110352,-4.888269901275635,-4.850498199462891,-4.815364360809326,-4.782167434692383,-4.749434471130371,-4.715855598449707,-4.680364608764648,-4.6427412033081055,-4.602993011474609,-4.56134557723999,-4.5162811279296875,-4.468662261962891,-4.41942024230957,-4.368268013000488,-4.316246032714844,-4.26432991027832,-4.21225118637085,-4.160406589508057,-4.108479022979736,-4.055882930755615,-4.0032243728637695,-3.9506163597106934,-3.898620128631592,-3.845874071121216,-3.793548583984375,-3.741182327270508,-3.689279556274414,-3.637052059173584,-3.584643602371216,-3.532604217529297,-3.4810495376586914,-3.4289374351501465,-3.378075122833252,-3.328338861465454,-3.282102584838867,-3.2386314868927,-3.197780132293701,-3.159698963165283,-3.1224746704101562,-3.0840704441070557,-3.0440237522125244,-3.0016186237335205,-2.955474376678467,-2.9059226512908936,-2.8531436920166016,-2.801098346710205,-2.74855899810791,-2.695884943008423,-2.6439101696014404,-2.5911705493927,-2.5386385917663574,-2.486780881881714,-2.435546875,-2.3837430477142334,-2.330150604248047,-2.277529716491699,-2.2246105670928955,-2.172353982925415,-2.1200828552246094,-2.0677261352539062,-2.0146405696868896,-1.9626083374023438,-1.912243366241455,-1.8612796068191528,-1.8103748559951782,-1.7582128047943115,-1.705554723739624,-1.6534125804901123,-1.602016568183899,-1.5490657091140747,-1.4962055683135986,-1.4435930252075195,-1.3907822370529175,-1.3383926153182983,-1.2859865427017212,-1.2344721555709839,-1.182652235031128,-1.1305876970291138,-1.0773990154266357,-1.0249017477035522,-0.9726778864860535,-0.9227048754692078,-0.8711488842964172,-0.8193226456642151,-0.7685673832893372,-0.717407763004303,-0.665070116519928,-0.6127139925956726,-0.5592506527900696,-0.5058744549751282,-0.4541679322719574,-0.4020879864692688,-0.3503084182739258,-0.2997002899646759,-0.24963104724884033,-0.19906683266162872,-0.1503947675228119,-0.10410327464342117,-0.06098483130335808,-0.01787346601486206,0.026770126074552536,0.07328981161117554,0.12283169478178024,0.17251056432724,0.22369611263275146,0.2748391032218933,0.32564783096313477,0.37640824913978577,0.42979156970977783,0.48388412594795227,0.5358688831329346,0.588047981262207,0.6365498900413513,0.6863511800765991,0.74110347032547,0.7938560843467712,0.8497989773750305,0.9049786925315857,0.957451581954956,1.0089399814605713,1.0526738166809082,1.098979115486145,1.1516340970993042,1.2054412364959717,1.2693095207214355,1.326790452003479,1.377062439918518,1.4274253845214844,1.4848629236221313,1.5252389907836914,1.5740718841552734,1.6289820671081543,1.685223937034607,1.734500765800476,1.777716040611267,1.8282392024993896,1.875014305114746,1.926274061203003,1.9957634210586548,2.0502166748046875,2.1671528816223145,2.2195563316345215,2.4254627227783203,2.4717588424682617,2.50871205329895,2.655474901199341,2.752117872238159,3.2886650562286377],"files":["scales.webp"]},"quats":{"files":["quats.webp"]},