{"version":2,"count":537562,"means":{"mins":[-4.6623997329249205,-4.259229851921416,-1.4728391086673311],"maxs":[4.28838135652717,-2.88832456223073,3.4415396468728914],"files":["means_l.webp","means_u.webp"]},"scales":{"codebook":[-9.999234199523926,-9.958986282348633,-9.91208267211914,-9.865509986877441,-9.81963062286377,-9.774613380432129,-9.729528427124023,-9.684866905212402,-9.639488220214844,-9.593514442443848,-9.548304557800293,-9.503047943115234,-9.457686424255371,-9.41217041015625,-9.366847038269043,-9.321404457092285,-9.275545120239258,-9.230469703674316,-9.185842514038086,-9.13975715637207,-9.09389591217041,-9.04871654510498,-9.004179000854492,-8.958834648132324,-8.913244247436523,-8.867815017700195,-8.823482513427734,-8.778769493103027,-8.733044624328613,-8.687068939208984,-8.640832901000977,-8.595370292663574,-8.54959487915039,-8.505109786987305,-8.460273742675781,-8.416254043579102,-8.370598793029785,-8.325313568115234,-8.280998229980469,-8.236236572265625,-8.191083908081055,-8.144795417785645,-8.100497245788574,-8.055481910705566,-8.009943008422852,-7.964181423187256,-7.918559551239014,-7.872044563293457,-7.826913833618164,-7.781876564025879,-7.735223770141602,-7.690920352935791,-7.646265506744385,-7.601001262664795,-7.55588960647583,-7.510840892791748,-7.465755939483643,-7.421350479125977,-7.375765323638916,-7.330673694610596,-7.2845258712768555,-7.2379021644592285,-7.1922688484191895,-7.146981716156006,-7.102533340454102,-7.058346748352051,-7.012800693511963,-6.967265605926514,-6.92245626449585,-6.876931667327881,-6.831749439239502,-6.786413192749023,-6.741132736206055,-6.695876598358154,-6.649844169616699,-6.604724407196045,-6.558837413787842,-6.513056755065918,-6.468784809112549,-6.423532962799072,-6.378681659698486,-6.334129810333252,-6.288997650146484,-6.243643760681152,-6.198538303375244,-6.151876449584961,-6.106259822845459,-6.060591697692871,-6.014954090118408,-5.969783782958984,-5.925097942352295,-5.880858898162842,-5.835731506347656,-5.789841651916504,-5.743625164031982,-5.698439598083496,-5.6531782150268555,-5.607848167419434,-5.563397407531738,-5.518739700317383,-5.473041534423828,-5.428489685058594,-5.383094310760498,-5.337398052215576,-5.2922821044921875,-5.246588230133057,-5.201868057250977,-5.1570258140563965,-5.110743045806885,-5.065575122833252,-5.0203375816345215,-4.975490093231201,-4.93046236038208,-4.884839057922363,-4.839111328125,-4.7940568923950195,-4.749222755432129,-4.703763008117676,-4.658566951751709,-4.612780570983887,-4.566889762878418,-4.521773815155029,-4.4766035079956055,-4.431494235992432,-4.387063026428223,-4.342006683349609,-4.297209739685059,-4.252005100250244,-4.206061363220215,-4.160170555114746,-4.114864826202393,-4.0703277587890625,-4.0248122215271,-3.979872226715088,-3.934990406036377,-3.8902909755706787,-3.8450496196746826,-3.799621105194092,-3.7535758018493652,-3.708033800125122,-3.662353754043579,-3.6173689365386963,-3.571988582611084,-3.5270493030548096,-3.4821062088012695,-3.4368340969085693,-3.39147686958313,-3.3461501598358154,-3.300828695297241,-3.2556850910186768,-3.2109122276306152,-3.1661088466644287,-3.1209030151367188,-3.0754098892211914,-3.0299558639526367,-2.9849131107330322,-2.9394917488098145,-2.894453287124634,-2.849472761154175,-2.804439067840576,-2.7590620517730713,-2.713658094406128,-2.6685478687286377,-2.6236863136291504,-2.578573703765869,-2.533482074737549,-2.4885096549987793,-2.4433584213256836,-2.3982887268066406,-2.352754592895508,-2.3073959350585938,-2.261596441268921,-2.2153964042663574,-2.168442964553833,-2.122098207473755,-2.078263998031616,-2.0390775203704834,-2.0041558742523193,-1.95428466796875,-1.905898928642273,-1.8581631183624268,-1.8110219240188599,-1.7655034065246582,-1.7194031476974487,-1.6737136840820312,-1.6286433935165405,-1.5831249952316284,-1.537851095199585,-1.4931012392044067,-1.4484524726867676,-1.4034075736999512,-1.3581385612487793,-1.3116995096206665,-1.2663992643356323,-1.2201801538467407,-1.1748117208480835,-1.1308685541152954,-1.085900902748108,-1.0402125120162964,-0.9959545135498047,-0.9501828551292419,-0.905789315700531,-0.8624528646469116,-0.8173410892486572,-0.7708237767219543,-0.7233580946922302,-0.6771201491355896,-0.6320767402648926,-0.5858178734779358,-0.5396115183830261,-0.4953482449054718,-0.4488425850868225,-0.40527963638305664,-0.3608302175998688,-0.31537023186683655,-0.2702195346355438,-0.22445757687091827,-0.18364466726779938,-0.1398928016424179,-0.09039900451898575,-0.039355095475912094,0.0050613731145858765,0.043584227561950684,0.09363029897212982,0.13359501957893372,0.18142271041870117,0.22384990751743317,0.27006271481513977,0.3191836476325989,0.3632122576236725,0.40993592143058777,0.4543527066707611,0.5025022029876709,0.5485122203826904,0.5953511595726013,0.634587287902832,0.6802040934562683,0.7246806621551514,0.7625353932380676,0.8092179298400879,0.8521344661712646,0.9090819358825684,0.952142596244812,0.9986873269081116,1.0415799617767334,1.0926313400268555,1.1265182495117188,1.1724368333816528,1.2075313329696655,1.2721112966537476,1.3135192394256592,1.3688468933105469,1.386080026626587,1.4562840461730957,1.4784338474273682,1.5342278480529785],"files":["scales.webp"]},"quats":{"files":["quats.webp"]},