{"version":2,"count":533248,"means":{"mins":[-2.5377082976408767,1.625689078024713,-1.335662384280608],"maxs":[3.6209014921604203,4.20751151853545,3.1892008789498676],"files":["means_l.webp","means_u.webp"]},"scales":{"codebook":[-9.998924255371094,-9.956180572509766,-9.910422325134277,-9.864558219909668,-9.819060325622559,-9.77530288696289,-9.730502128601074,-9.686260223388672,-9.641226768493652,-9.596171379089355,-9.552239418029785,-9.507119178771973,-9.462905883789062,-9.418848037719727,-9.375526428222656,-9.330954551696777,-9.285492897033691,-9.240804672241211,-9.195795059204102,-9.150659561157227,-9.106590270996094,-9.062520027160645,-9.018057823181152,-8.974311828613281,-8.93000316619873,-8.88440227508545,-8.84031867980957,-8.795092582702637,-8.751012802124023,-8.706108093261719,-8.66096019744873,-8.6162748336792,-8.57153606414795,-8.52662181854248,-8.481330871582031,-8.435856819152832,-8.39067268371582,-8.344996452331543,-8.300145149230957,-8.256402015686035,-8.212388038635254,-8.168722152709961,-8.125021934509277,-8.079801559448242,-8.034926414489746,-7.990932941436768,-7.946661472320557,-7.902128219604492,-7.857913494110107,-7.812764644622803,-7.76663064956665,-7.721965789794922,-7.6767497062683105,-7.632240295410156,-7.587973594665527,-7.543167591094971,-7.498897552490234,-7.453901290893555,-7.41016149520874,-7.36500883102417,-7.319884300231934,-7.2745232582092285,-7.229226589202881,-7.183984756469727,-7.139891624450684,-7.0956220626831055,-7.0503411293029785,-7.005998611450195,-6.960751533508301,-6.915963172912598,-6.8704118728637695,-6.825690269470215,-6.78139591217041,-6.737398147583008,-6.692652702331543,-6.647307872772217,-6.60212516784668,-6.557214260101318,-6.512528419494629,-6.467654228210449,-6.424036026000977,-6.379598140716553,-6.335263252258301,-6.290647506713867,-6.245782375335693,-6.201376914978027,-6.1568098068237305,-6.112063407897949,-6.067317485809326,-6.023278713226318,-5.978818893432617,-5.9337382316589355,-5.888691425323486,-5.844347953796387,-5.800341606140137,-5.755336284637451,-5.709532737731934,-5.664526462554932,-5.619956016540527,-5.575377464294434,-5.530914783477783,-5.4864397048950195,-5.44237756729126,-5.397766590118408,-5.3528313636779785,-5.307887554168701,-5.263248443603516,-5.2187089920043945,-5.173869609832764,-5.128804683685303,-5.084003448486328,-5.039139747619629,-4.994625568389893,-4.949960708618164,-4.905247688293457,-4.8609795570373535,-4.816854953765869,-4.772430419921875,-4.727785587310791,-4.6829915046691895,-4.637359619140625,-4.59224271774292,-4.548027038574219,-4.503870487213135,-4.459174633026123,-4.4143500328063965,-4.369609832763672,-4.324570178985596,-4.280073642730713,-4.235283374786377,-4.190777778625488,-4.1466383934021,-4.102524280548096,-4.058099269866943,-4.015020847320557,-3.973602056503296,-3.9340133666992188,-3.896010160446167,-3.8588132858276367,-3.8220276832580566,-3.7828481197357178,-3.7420127391815186,-3.699814796447754,-3.6565186977386475,-3.6125214099884033,-3.5680594444274902,-3.5233705043792725,-3.4786441326141357,-3.43351411819458,-3.388753890991211,-3.344536781311035,-3.2999930381774902,-3.2555408477783203,-3.2111151218414307,-3.1664650440216064,-3.121657133102417,-3.0767860412597656,-3.0316128730773926,-2.98748779296875,-2.9431111812591553,-2.897944927215576,-2.8533108234405518,-2.8083736896514893,-2.7632839679718018,-2.7191059589385986,-2.6750144958496094,-2.6307764053344727,-2.5856010913848877,-2.5405354499816895,-2.495328426361084,-2.4512035846710205,-2.4066150188446045,-2.3625333309173584,-2.3180336952209473,-2.272740602493286,-2.22786545753479,-2.1832287311553955,-2.1381590366363525,-2.092944622039795,-2.0482707023620605,-2.0058650970458984,-1.9612337350845337,-1.9163711071014404,-1.8711533546447754,-1.826058030128479,-1.781915545463562,-1.7388277053833008,-1.6969391107559204,-1.6568500995635986,-1.6183784008026123,-1.581299901008606,-1.5447523593902588,-1.5070384740829468,-1.466009497642517,-1.424238920211792,-1.3804200887680054,-1.3362551927566528,-1.291792631149292,-1.2480825185775757,-1.203277349472046,-1.157341480255127,-1.1125788688659668,-1.0691120624542236,-1.0245779752731323,-0.9784285426139832,-0.9318985939025879,-0.8872479200363159,-0.8420143127441406,-0.7971624135971069,-0.753369927406311,-0.711024284362793,-0.6675974130630493,-0.6239534616470337,-0.5799176692962646,-0.5347939729690552,-0.48828402161598206,-0.4437464773654938,-0.40018364787101746,-0.3559175133705139,-0.3113791048526764,-0.26348477602005005,-0.21828478574752808,-0.17329639196395874,-0.13027827441692352,-0.08534793555736542,-0.036523960530757904,0.009573557414114475,0.052742473781108856,0.09447194635868073,0.13508976995944977,0.18069371581077576,0.22301965951919556,0.2680349051952362,0.3157308101654053,0.3588801622390747,0.40880316495895386,0.46079593896865845,0.5014299154281616,0.5415178537368774,0.5755611062049866,0.6203011870384216,0.6710827350616455,0.7193390727043152,0.7694154977798462,0.8283727169036865,0.871028482913971,0.9026975035667419,0.9462699294090271,0.9836685061454773,1.0489784479141235,1.0870894193649292,1.1179759502410889,1.1541489362716675,1.2679697275161743,1.3081257343292236,1.392202615737915],"files":["scales.webp"]},"quats":{"files":["quats.webp"]},