{"version":2,"count":524493,"means":{"mins":[3.2857186510676906,4.569784036538065,-4.715558461783228],"maxs":[5.933009211084944,6.546401174497181,-3.56476771187806],"files":["means_l.webp","means_u.webp"]},"scales":{"codebook":[-10,-9.922369956970215,-9.901350021362305,-7.755586624145508,-7.191838264465332,-7.122708797454834,-6.927938938140869,-6.738168716430664,-6.531826019287109,-6.461115837097168,-6.249077796936035,-6.137654781341553,-6.066393852233887,-5.915334224700928,-5.858522891998291,-5.784127235412598,-5.668155670166016,-5.635956764221191,-5.569006443023682,-5.465665817260742,-5.373169898986816,-5.304904460906982,-5.303421974182129,-5.2315168380737305,-5.1691107749938965,-5.09915828704834,-5.037333965301514,-4.982287883758545,-4.935818195343018,-4.88291597366333,-4.838644027709961,-4.775944232940674,-4.738754749298096,-4.693582534790039,-4.661380290985107,-4.616236686706543,-4.576423645019531,-4.530517578125,-4.480591773986816,-4.420140266418457,-4.36490535736084,-4.314992904663086,-4.256557464599609,-4.203035831451416,-4.150821685791016,-4.101752758026123,-4.0587568283081055,-4.009802341461182,-3.94691801071167,-3.89536452293396,-3.8766281604766846,-3.8407015800476074,-3.797494411468506,-3.753603935241699,-3.694078207015991,-3.637073040008545,-3.5835001468658447,-3.5348293781280518,-3.4894657135009766,-3.437986135482788,-3.3975892066955566,-3.366170644760132,-3.340606212615967,-3.309018135070801,-3.2699666023254395,-3.219700574874878,-3.1655519008636475,-3.113560438156128,-3.063939094543457,-3.0147030353546143,-2.974790096282959,-2.9393229484558105,-2.898998737335205,-2.8563408851623535,-2.8125479221343994,-2.7703752517700195,-2.7350146770477295,-2.703112840652466,-2.6754438877105713,-2.6436192989349365,-2.603090286254883,-2.5670664310455322,-2.533439874649048,-2.4994897842407227,-2.466846466064453,-2.438349962234497,-2.4153685569763184,-2.395707607269287,-2.3800246715545654,-2.3643958568573,-2.3449454307556152,-2.3191676139831543,-2.288693904876709,-2.2572805881500244,-2.230792760848999,-2.204038381576538,-2.175949811935425,-2.146775722503662,-2.11885142326355,-2.088994264602661,-2.060168981552124,-2.033831834793091,-2.010493516921997,-1.9915326833724976,-1.9752825498580933,-1.960351586341858,-1.943464756011963,-1.9213330745697021,-1.8959931135177612,-1.8679252862930298,-1.8396496772766113,-1.8140774965286255,-1.7900745868682861,-1.762874960899353,-1.73125422000885,-1.6940468549728394,-1.652219533920288,-1.6037592887878418,-1.5521186590194702,-1.5030248165130615,-1.4601792097091675,-1.4244505167007446,-1.3946388959884644,-1.3715633153915405,-1.3554285764694214,-1.3438072204589844,-1.333181619644165,-1.3226397037506104,-1.3141061067581177,-1.308428168296814,-1.3010473251342773,-1.2899900674819946,-1.2749212980270386,-1.2536906003952026,-1.2268011569976807,-1.1972925662994385,-1.1662189960479736,-1.1359713077545166,-1.1085262298583984,-1.0817023515701294,-1.0528327226638794,-1.0217207670211792,-0.9901828169822693,-0.9578500390052795,-0.923505961894989,-0.8867149353027344,-0.8501056432723999,-0.8167936205863953,-0.7863742113113403,-0.7603638768196106,-0.7397295236587524,-0.722625195980072,-0.7080936431884766,-0.6961482763290405,-0.6856099367141724,-0.6754573583602905,-0.6633586287498474,-0.6502242088317871,-0.6346271634101868,-0.6187554001808167,-0.6027830839157104,-0.5853273868560791,-0.5665969848632812,-0.545985996723175,-0.5233782529830933,-0.4984738826751709,-0.47178635001182556,-0.4467621445655823,-0.4245091676712036,-0.4032268226146698,-0.38181808590888977,-0.3581090569496155,-0.3302403390407562,-0.2988404631614685,-0.2648982107639313,-0.22915099561214447,-0.19261004030704498,-0.15715329349040985,-0.12443581223487854,-0.09537424892187119,-0.07015584409236908,-0.047352902591228485,-0.025431673973798752,-0.0029432859737426043,0.020233578979969025,0.04484378546476364,0.07016115635633469,0.09632418304681778,0.12367209792137146,0.15375398099422455,0.18718120455741882,0.2237820327281952,0.26266607642173767,0.301215797662735,0.3383883535861969,0.3730873763561249,0.4039326310157776,0.4309024512767792,0.454965204000473,0.47865065932273865,0.5027717351913452,0.5287337899208069,0.5564108490943909,0.5857313275337219,0.6171731352806091,0.6537200808525085,0.6944680213928223,0.7387987971305847,0.7868615984916687,0.8359519243240356,0.8842403888702393,0.9289847016334534,0.971996545791626,1.0150858163833618,1.058855414390564,1.1048909425735474,1.1528773307800293,1.2036409378051758,1.2562624216079712,1.3071787357330322,1.359689712524414,1.4112697839736938,1.462159514427185,1.513917088508606,1.5631372928619385,1.615253210067749,1.6698565483093262,1.7256934642791748,1.7741892337799072,1.8261626958847046,1.8831102848052979,1.9364739656448364,1.9941644668579102,2.0453927516937256,2.096574068069458,2.1409125328063965,2.187100648880005,2.2393815517425537,2.2969768047332764,2.359663248062134,2.4115304946899414,2.4596638679504395,2.5034689903259277,2.560136556625366,2.615968942642212,2.6682581901550293,2.714174509048462,2.7681894302368164,2.7997214794158936,2.883140802383423,2.9265148639678955,2.9755589962005615,3.085062265396118,3.1308774948120117,3.2239537239074707,3.288245916366577],"files":["scales.webp"]},"quats":{"files":["quats.webp"]},