{"version":2,"count":691536,"means":{"mins":[3.024595874132433,-4.7686670078597295,-0.9711685689132846],"maxs":[4.590786225188985,-3.8921597485474484,3.361537439371448],"files":["means_l.webp","means_u.webp"]},"scales":{"codebook":[-9.998355865478516,-9.96058464050293,-9.91260814666748,-9.86491584777832,-9.818538665771484,-9.771829605102539,-9.725855827331543,-9.680049896240234,-9.634490966796875,-9.589455604553223,-9.5438232421875,-9.497885704040527,-9.452978134155273,-9.406853675842285,-9.361934661865234,-9.31636905670166,-9.271260261535645,-9.225077629089355,-9.179168701171875,-9.134944915771484,-9.088519096374512,-9.042502403259277,-8.996526718139648,-8.950549125671387,-8.906106948852539,-8.860407829284668,-8.815513610839844,-8.769784927368164,-8.724289894104004,-8.67861270904541,-8.632987976074219,-8.587640762329102,-8.5433988571167,-8.500279426574707,-8.45913028717041,-8.419647216796875,-8.38179874420166,-8.343870162963867,-8.304545402526855,-8.26308822631836,-8.220843315124512,-8.176359176635742,-8.130989074707031,-8.085268020629883,-8.039302825927734,-7.99420690536499,-7.950159072875977,-7.9038166999816895,-7.857909679412842,-7.812783718109131,-7.767370700836182,-7.7209391593933105,-7.675338268280029,-7.629948616027832,-7.583423614501953,-7.537852764129639,-7.492795467376709,-7.447490692138672,-7.40187931060791,-7.355584621429443,-7.3101806640625,-7.266112327575684,-7.221414089202881,-7.176141738891602,-7.129374027252197,-7.083322048187256,-7.037328720092773,-6.991884708404541,-6.94600248336792,-6.900435924530029,-6.855400085449219,-6.809780120849609,-6.763750076293945,-6.717373847961426,-6.6711955070495605,-6.625352382659912,-6.579963207244873,-6.534598350524902,-6.48935604095459,-6.444110870361328,-6.398324966430664,-6.352259635925293,-6.306515693664551,-6.26125955581665,-6.2161478996276855,-6.170984268188477,-6.125929355621338,-6.0801825523376465,-6.0343194007873535,-5.988964080810547,-5.9435014724731445,-5.897983551025391,-5.852566719055176,-5.807274341583252,-5.761847019195557,-5.716180801391602,-5.670387268066406,-5.624869346618652,-5.579253673553467,-5.533778667449951,-5.488348960876465,-5.442809104919434,-5.397186279296875,-5.351531028747559,-5.306052207946777,-5.260694980621338,-5.214858531951904,-5.169373512268066,-5.1239142417907715,-5.07841682434082,-5.03338098526001,-4.988524913787842,-4.943301200866699,-4.8979291915893555,-4.852422714233398,-4.8069610595703125,-4.760915279388428,-4.714990139007568,-4.669035911560059,-4.6236748695373535,-4.578516006469727,-4.533023834228516,-4.487642288208008,-4.44244909286499,-4.397041320800781,-4.351922988891602,-4.306475639343262,-4.260348796844482,-4.214986801147461,-4.169280052185059,-4.123534202575684,-4.078152656555176,-4.032132148742676,-3.98649263381958,-3.941192150115967,-3.89607310295105,-3.8506834506988525,-3.8044519424438477,-3.7586400508880615,-3.7128853797912598,-3.6671783924102783,-3.622260332107544,-3.576413631439209,-3.5307934284210205,-3.4848580360412598,-3.438603639602661,-3.3929460048675537,-3.3473379611968994,-3.3022751808166504,-3.2570035457611084,-3.2110822200775146,-3.164973497390747,-3.119577646255493,-3.074129343032837,-3.0285122394561768,-2.982520580291748,-2.9367990493774414,-2.8912835121154785,-2.8460845947265625,-2.801022529602051,-2.755495548248291,-2.7100589275360107,-2.6645638942718506,-2.619023561477661,-2.5730674266815186,-2.5274035930633545,-2.482318639755249,-2.436905860900879,-2.391568899154663,-2.3456180095672607,-2.2996716499328613,-2.254441022872925,-2.2087185382843018,-2.162184000015259,-2.1165378093719482,-2.0713930130004883,-2.0284881591796875,-1.9880059957504272,-1.9394603967666626,-1.8917309045791626,-1.8459268808364868,-1.8001031875610352,-1.7545892000198364,-1.7092101573944092,-1.6637357473373413,-1.618034839630127,-1.5724495649337769,-1.527368426322937,-1.4817880392074585,-1.435570478439331,-1.388900637626648,-1.343096137046814,-1.2966254949569702,-1.2509900331497192,-1.2060940265655518,-1.1608195304870605,-1.1155929565429688,-1.0699539184570312,-1.0239839553833008,-0.9793589115142822,-0.9343221187591553,-0.8894468545913696,-0.844804048538208,-0.800254762172699,-0.7547168135643005,-0.7097100019454956,-0.6633128523826599,-0.6176599264144897,-0.5735651254653931,-0.5287028551101685,-0.4799636900424957,-0.4343748390674591,-0.38870492577552795,-0.34298110008239746,-0.29703012108802795,-0.24940353631973267,-0.2031634896993637,-0.1613215059041977,-0.12028581649065018,-0.07587960362434387,-0.0316573902964592,0.0161115825176239,0.06478177756071091,0.11299604177474976,0.16292661428451538,0.212545707821846,0.26132386922836304,0.30013149976730347,0.34220069646835327,0.39211589097976685,0.4373820424079895,0.4821341037750244,0.5246174335479736,0.5737192034721375,0.6141611337661743,0.661733090877533,0.709027886390686,0.7498219013214111,0.7923952341079712,0.8477417230606079,0.8904892802238464,0.9355149865150452,0.9773526787757874,1.0054502487182617,1.0657801628112793,1.124213457107544,1.177230954170227,1.2122719287872314,1.253038763999939,1.2942020893096924,1.358577013015747,1.4542312622070312,1.4936304092407227,1.533718228340149,1.5750315189361572,1.6193969249725342],"files":["scales.webp"]},"quats":{"files":["quats.webp"]},