{"version":2,"count":534915,"means":{"mins":[-3.7653598515283546,-4.169982288003387,-1.2950373510440696],"maxs":[-2.5377210376962176,-3.799937931281754,2.9094723176125634],"files":["means_l.webp","means_u.webp"]},"scales":{"codebook":[-9.999198913574219,-9.954893112182617,-9.910579681396484,-9.866067886352539,-9.821484565734863,-9.77564811706543,-9.730207443237305,-9.68537425994873,-9.641170501708984,-9.598355293273926,-9.55556583404541,-9.51132869720459,-9.466803550720215,-9.423785209655762,-9.380434036254883,-9.341103553771973,-9.302860260009766,-9.266278266906738,-9.229193687438965,-9.1904935836792,-9.149545669555664,-9.107250213623047,-9.063984870910645,-9.02089786529541,-8.978170394897461,-8.937792778015137,-8.900101661682129,-8.863058090209961,-8.826215744018555,-8.787757873535156,-8.747309684753418,-8.704800605773926,-8.66156005859375,-8.618083953857422,-8.573816299438477,-8.529027938842773,-8.484329223632812,-8.440383911132812,-8.396077156066895,-8.351686477661133,-8.307072639465332,-8.263924598693848,-8.217939376831055,-8.173006057739258,-8.12828254699707,-8.084235191345215,-8.040327072143555,-7.995410919189453,-7.9507036209106445,-7.905725479125977,-7.86124849319458,-7.817966938018799,-7.774845123291016,-7.732734203338623,-7.691583156585693,-7.652556896209717,-7.616330146789551,-7.579206466674805,-7.541904926300049,-7.501691818237305,-7.45976448059082,-7.416075706481934,-7.3713531494140625,-7.32631778717041,-7.281022071838379,-7.235838890075684,-7.191065311431885,-7.147395133972168,-7.102546215057373,-7.057496070861816,-7.012999534606934,-6.968445301055908,-6.92421293258667,-6.88018274307251,-6.835343360900879,-6.790831089019775,-6.746614933013916,-6.702666759490967,-6.658686637878418,-6.614465236663818,-6.569849014282227,-6.525359630584717,-6.480602264404297,-6.435983657836914,-6.392083644866943,-6.349063873291016,-6.307490348815918,-6.267731666564941,-6.230323314666748,-6.193989276885986,-6.156890869140625,-6.1181111335754395,-6.076772689819336,-6.0339484214782715,-5.9903998374938965,-5.945826053619385,-5.901128768920898,-5.856529712677002,-5.812222957611084,-5.768326759338379,-5.724663257598877,-5.681283950805664,-5.638701438903809,-5.598073482513428,-5.559779644012451,-5.522933006286621,-5.486135959625244,-5.448206901550293,-5.408712387084961,-5.3679633140563965,-5.327031135559082,-5.287372589111328,-5.250139236450195,-5.213888168334961,-5.17709493637085,-5.138900279998779,-5.098261833190918,-5.0552191734313965,-5.011789798736572,-4.967575550079346,-4.923430919647217,-4.878603458404541,-4.834563255310059,-4.789958953857422,-4.745323181152344,-4.700701713562012,-4.655994415283203,-4.611220359802246,-4.566313743591309,-4.521602630615234,-4.477024078369141,-4.432765960693359,-4.388359546661377,-4.3444929122924805,-4.303112030029297,-4.263473987579346,-4.225376129150391,-4.188866138458252,-4.1518778800964355,-4.1129279136657715,-4.072414398193359,-4.030135154724121,-3.9865901470184326,-3.94234561920166,-3.8973629474639893,-3.852839469909668,-3.807863235473633,-3.7630269527435303,-3.718477487564087,-3.674398183822632,-3.6305367946624756,-3.58622670173645,-3.541041612625122,-3.4966185092926025,-3.4521381855010986,-3.407501697540283,-3.3627243041992188,-3.3177108764648438,-3.2733423709869385,-3.230058193206787,-3.1877477169036865,-3.1469433307647705,-3.108933210372925,-3.074568510055542,-3.0424365997314453,-3.0109710693359375,-2.9792425632476807,-2.946098566055298,-2.9099156856536865,-2.870187520980835,-2.828685998916626,-2.7848942279815674,-2.740563154220581,-2.6964480876922607,-2.651942253112793,-2.608072280883789,-2.5628790855407715,-2.518587589263916,-2.4743993282318115,-2.4296936988830566,-2.385859489440918,-2.343108654022217,-2.30085825920105,-2.2616188526153564,-2.22452449798584,-2.1882150173187256,-2.150566339492798,-2.111534357070923,-2.071413040161133,-2.03147029876709,-1.9927215576171875,-1.9447107315063477,-1.8978314399719238,-1.8515712022781372,-1.8067277669906616,-1.7618434429168701,-1.716444730758667,-1.6728538274765015,-1.6290568113327026,-1.5849026441574097,-1.5394153594970703,-1.4956822395324707,-1.4521946907043457,-1.408944845199585,-1.3647632598876953,-1.318683385848999,-1.2731376886367798,-1.2289929389953613,-1.1843111515045166,-1.1399118900299072,-1.0969481468200684,-1.0516656637191772,-1.0056084394454956,-0.9612108469009399,-0.916936457157135,-0.870441734790802,-0.8255993723869324,-0.7816040515899658,-0.7357142567634583,-0.694912850856781,-0.6514943242073059,-0.6126723289489746,-0.5688424110412598,-0.5233989357948303,-0.4752826988697052,-0.4287436008453369,-0.3846626877784729,-0.3418159484863281,-0.29910382628440857,-0.25708720088005066,-0.21780264377593994,-0.1641191840171814,-0.11561504006385803,-0.07830817997455597,-0.04094706475734711,0.007347342558205128,0.04298222064971924,0.10713126510381699,0.15302816033363342,0.19620908796787262,0.24243375658988953,0.2935388386249542,0.3544212281703949,0.3899003863334656,0.41582733392715454,0.4526573121547699,0.499437153339386,0.5529139041900635,0.608460545539856,0.6255831718444824,0.6892359256744385,0.7595015168190002,0.8127451539039612,0.9701718091964722,0.9851555824279785,1.3585480451583862],"files":["scales.webp"]},"quats":{"files":["quats.webp"]},