{"version":2,"count":648285,"means":{"mins":[1.1154352948074806,-2.8883233942394457,-0.8054059267542651],"maxs":[1.922474553955186,-1.5764503193285206,0.6850233581954012],"files":["means_l.webp","means_u.webp"]},"scales":{"codebook":[-9.998851776123047,-9.967475891113281,-9.927305221557617,-9.889509201049805,-9.852222442626953,-9.816061019897461,-9.780110359191895,-9.742112159729004,-9.705775260925293,-9.668647766113281,-9.631282806396484,-9.595637321472168,-9.560294151306152,-9.522476196289062,-9.484854698181152,-9.447993278503418,-9.412357330322266,-9.377092361450195,-9.34029769897461,-9.305328369140625,-9.270788192749023,-9.237900733947754,-9.205891609191895,-9.175573348999023,-9.145424842834473,-9.114934921264648,-9.083276748657227,-9.04882526397705,-9.01180648803711,-8.974616050720215,-8.93674087524414,-8.899499893188477,-8.863271713256836,-8.827415466308594,-8.790740966796875,-8.754319190979004,-8.717805862426758,-8.680737495422363,-8.644675254821777,-8.607769966125488,-8.570646286010742,-8.533156394958496,-8.4971923828125,-8.460406303405762,-8.423774719238281,-8.387333869934082,-8.350342750549316,-8.314783096313477,-8.279160499572754,-8.244007110595703,-8.209559440612793,-8.177079200744629,-8.146648406982422,-8.117362022399902,-8.08690071105957,-8.054757118225098,-8.020044326782227,-7.984484672546387,-7.9485626220703125,-7.911729335784912,-7.875237941741943,-7.838675022125244,-7.801867961883545,-7.765118598937988,-7.728066921234131,-7.691655158996582,-7.654857158660889,-7.618345737457275,-7.581685543060303,-7.545360565185547,-7.508486270904541,-7.471829414367676,-7.435348987579346,-7.398667335510254,-7.36228609085083,-7.3256516456604,-7.288852214813232,-7.252084255218506,-7.215506553649902,-7.17924690246582,-7.14333438873291,-7.1089043617248535,-7.0764241218566895,-7.045699119567871,-7.015618801116943,-6.985601425170898,-6.95444917678833,-6.9221343994140625,-6.889655590057373,-6.857846736907959,-6.826960563659668,-6.796944618225098,-6.7669572830200195,-6.736232757568359,-6.705110549926758,-6.673996925354004,-6.643625736236572,-6.6138153076171875,-6.583481311798096,-6.551617622375488,-6.5179877281188965,-6.482782363891602,-6.447080612182617,-6.410510063171387,-6.3742218017578125,-6.338045597076416,-6.301709175109863,-6.26568603515625,-6.230254173278809,-6.195517539978027,-6.1623454093933105,-6.131117820739746,-6.100896835327148,-6.070721626281738,-6.039474964141846,-6.007053375244141,-5.973263740539551,-5.939838886260986,-5.907301425933838,-5.876363277435303,-5.846445560455322,-5.816189765930176,-5.78446102142334,-5.75093412399292,-5.715870380401611,-5.679774284362793,-5.643134593963623,-5.606587886810303,-5.5698747634887695,-5.53330659866333,-5.497089385986328,-5.461077690124512,-5.425812244415283,-5.392180919647217,-5.360306262969971,-5.329766273498535,-5.300130367279053,-5.269500255584717,-5.237733364105225,-5.205389499664307,-5.1743950843811035,-5.145816802978516,-5.120335102081299,-5.09696102142334,-5.074146747589111,-5.0504937171936035,-5.025409698486328,-4.998747825622559,-4.970892906188965,-4.9408860206604,-4.90887975692749,-4.874647617340088,-4.839210033416748,-4.802736282348633,-4.765769004821777,-4.728909969329834,-4.692365646362305,-4.655272483825684,-4.618649005889893,-4.582395553588867,-4.546041011810303,-4.509909629821777,-4.473637104034424,-4.43651819229126,-4.399836540222168,-4.363523960113525,-4.326681137084961,-4.289547443389893,-4.253225803375244,-4.217647552490234,-4.184083938598633,-4.153152942657471,-4.123424053192139,-4.093534469604492,-4.063464641571045,-4.0307722091674805,-3.9956297874450684,-3.960336923599243,-3.923452615737915,-3.8865926265716553,-3.8500208854675293,-3.812964916229248,-3.7763442993164062,-3.740525007247925,-3.7033531665802,-3.666849374771118,-3.6312835216522217,-3.595341444015503,-3.559415340423584,-3.5224480628967285,-3.4844791889190674,-3.447237491607666,-3.41101336479187,-3.3742241859436035,-3.338064670562744,-3.301361322402954,-3.264361619949341,-3.227250099182129,-3.1903624534606934,-3.154448986053467,-3.1191565990448,-3.082059621810913,-3.0459611415863037,-3.010523557662964,-2.9741787910461426,-2.9385743141174316,-2.9002327919006348,-2.862791061401367,-2.8266313076019287,-2.791752338409424,-2.756042242050171,-2.7186150550842285,-2.682070255279541,-2.6451950073242188,-2.604513645172119,-2.5679075717926025,-2.532499313354492,-2.4957985877990723,-2.4597339630126953,-2.422272205352783,-2.386639356613159,-2.351107358932495,-2.3138413429260254,-2.2750797271728516,-2.241147518157959,-2.206906795501709,-2.1652586460113525,-2.1246249675750732,-2.0871834754943848,-2.0512990951538086,-2.0137786865234375,-1.9806100130081177,-1.9445364475250244,-1.9097533226013184,-1.8744704723358154,-1.8399583101272583,-1.7983440160751343,-1.7625054121017456,-1.7256137132644653,-1.6851520538330078,-1.6524680852890015,-1.6189264059066772,-1.5860989093780518,-1.557026743888855,-1.5090874433517456,-1.4682782888412476,-1.4378652572631836,-1.3948578834533691,-1.3621927499771118,-1.3194942474365234,-1.2841488122940063,-1.2553472518920898,-1.2107503414154053,-1.1879605054855347,-1.0419156551361084,-0.6635208129882812],"files":["scales.webp"]},"quats":{"files":["quats.webp"]},