{"version":2,"count":538536,"means":{"mins":[2.669493370720091,-4.916058081283067,-0.683002024272969],"maxs":[3.2799248022902274,-3.8921483860996844,3.122743331348601],"files":["means_l.webp","means_u.webp"]},"scales":{"codebook":[-9.998506546020508,-9.967071533203125,-9.919463157653809,-9.871809005737305,-9.826431274414062,-9.781167030334473,-9.737161636352539,-9.693382263183594,-9.649225234985352,-9.605393409729004,-9.561473846435547,-9.517607688903809,-9.474295616149902,-9.430105209350586,-9.386902809143066,-9.343147277832031,-9.298995018005371,-9.254661560058594,-9.2113618850708,-9.167595863342285,-9.124086380004883,-9.080855369567871,-9.036520004272461,-8.991923332214355,-8.948033332824707,-8.90386962890625,-8.859161376953125,-8.815622329711914,-8.77272891998291,-8.728789329528809,-8.685209274291992,-8.641593933105469,-8.597400665283203,-8.553925514221191,-8.510190963745117,-8.466580390930176,-8.423605918884277,-8.381620407104492,-8.341968536376953,-8.303675651550293,-8.267459869384766,-8.231094360351562,-8.1931791305542,-8.154194831848145,-8.112585067749023,-8.069917678833008,-8.025618553161621,-7.98180627822876,-7.937962055206299,-7.894676685333252,-7.851166248321533,-7.807726860046387,-7.764950752258301,-7.721601486206055,-7.677544593811035,-7.633756637573242,-7.588768005371094,-7.543759346008301,-7.4992852210998535,-7.455483436584473,-7.411823272705078,-7.367631435394287,-7.324336051940918,-7.280581951141357,-7.236836910247803,-7.19374942779541,-7.149667739868164,-7.105090141296387,-7.061225414276123,-7.017179012298584,-6.973543167114258,-6.929394721984863,-6.884879112243652,-6.84105110168457,-6.796684741973877,-6.75348424911499,-6.709266662597656,-6.665743827819824,-6.621558666229248,-6.578791618347168,-6.53539514541626,-6.491034030914307,-6.446870803833008,-6.402398109436035,-6.357637405395508,-6.313418865203857,-6.269989490509033,-6.227283954620361,-6.186025142669678,-6.1474480628967285,-6.110467910766602,-6.074635982513428,-6.039178848266602,-6.003530979156494,-5.968754768371582,-5.935578346252441,-5.905270099639893,-5.876813888549805,-5.848208427429199,-5.817617893218994,-5.784079074859619,-5.748336315155029,-5.71244478225708,-5.678325653076172,-5.6466064453125,-5.617423057556152,-5.589980602264404,-5.563467025756836,-5.536278247833252,-5.506662368774414,-5.473079204559326,-5.435844421386719,-5.395209789276123,-5.352222442626953,-5.3089447021484375,-5.2653937339782715,-5.221765995025635,-5.178539752960205,-5.136007308959961,-5.09426736831665,-5.054431438446045,-5.016719341278076,-4.980706214904785,-4.945075988769531,-4.907757759094238,-4.8682146072387695,-4.826333045959473,-4.782941818237305,-4.74036979675293,-4.699318885803223,-4.660170555114746,-4.622722625732422,-4.586587429046631,-4.55066442489624,-4.513298034667969,-4.473321437835693,-4.431351184844971,-4.388005256652832,-4.344501495361328,-4.301788330078125,-4.261019229888916,-4.222185134887695,-4.185155391693115,-4.149180889129639,-4.1132283210754395,-4.075678825378418,-4.035383224487305,-3.9934422969818115,-3.9507243633270264,-3.9071896076202393,-3.8646090030670166,-3.8222062587738037,-3.781681776046753,-3.7437474727630615,-3.707545042037964,-3.672417640686035,-3.6357357501983643,-3.596848726272583,-3.5553715229034424,-3.512925386428833,-3.4694056510925293,-3.425654172897339,-3.3813788890838623,-3.3374760150909424,-3.293001651763916,-3.248622179031372,-3.2045247554779053,-3.1604723930358887,-3.11641001701355,-3.071873426437378,-3.0280568599700928,-2.9852921962738037,-2.943120241165161,-2.900453805923462,-2.856037139892578,-2.812605142593384,-2.768915891647339,-2.724256992340088,-2.6804075241088867,-2.636495590209961,-2.592576265335083,-2.5486364364624023,-2.503370523452759,-2.4590532779693604,-2.415818452835083,-2.3720688819885254,-2.3272523880004883,-2.283094882965088,-2.2392189502716064,-2.194197654724121,-2.148005723953247,-2.101557493209839,-2.056166887283325,-2.011758804321289,-1.972904086112976,-1.9319863319396973,-1.8891088962554932,-1.846657156944275,-1.8020623922348022,-1.7574005126953125,-1.713328242301941,-1.668569803237915,-1.625511646270752,-1.5819172859191895,-1.5390933752059937,-1.4970717430114746,-1.4533851146697998,-1.4094034433364868,-1.3676517009735107,-1.3204199075698853,-1.2749749422073364,-1.2296563386917114,-1.1869553327560425,-1.1424952745437622,-1.102349877357483,-1.0615508556365967,-1.0169121026992798,-0.9702512621879578,-0.926546037197113,-0.8845939636230469,-0.8395195603370667,-0.7932977676391602,-0.7537389993667603,-0.7179045677185059,-0.6723487973213196,-0.6244056820869446,-0.5818213820457458,-0.5402397513389587,-0.4984220862388611,-0.448054701089859,-0.39840880036354065,-0.35226455330848694,-0.3095916509628296,-0.26845723390579224,-0.23085561394691467,-0.188363179564476,-0.14576850831508636,-0.10402145236730576,-0.053762130439281464,-0.003043082309886813,0.042205099016427994,0.08561111241579056,0.12249955534934998,0.16916534304618835,0.21323584020137787,0.25488412380218506,0.3213735818862915,0.35158783197402954,0.371605783700943,0.4222726821899414,0.464044988155365,0.617507815361023,0.7136585712432861,0.76006680727005,0.8863499760627747,1.1804078817367554],"files":["scales.webp"]},"quats":{"files":["quats.webp"]},