{"version":2,"count":524314,"means":{"mins":[-5.741550102312223,-6.52645804119992,-4.6562724335323855],"maxs":[4.94914409996419,6.2250976895955885,-4.107027326875331],"files":["means_l.webp","means_u.webp"]},"scales":{"codebook":[-10,-9.922369956970215,-9.901350021362305,-7.755586624145508,-7.191838264465332,-7.122708797454834,-6.927938938140869,-6.738168716430664,-6.531826019287109,-6.461115837097168,-6.2582268714904785,-6.244404315948486,-6.137654781341553,-6.066393852233887,-5.915334224700928,-5.8588151931762695,-5.784127235412598,-5.6581807136535645,-5.577006816864014,-5.564246654510498,-5.470125675201416,-5.455930233001709,-5.384106636047363,-5.356265544891357,-5.304904460906982,-5.303421974182129,-5.2315168380737305,-5.169444561004639,-5.09915828704834,-5.0359272956848145,-4.982287883758545,-4.936107158660889,-4.877438545227051,-4.829181671142578,-4.775426864624023,-4.7179155349731445,-4.6684794425964355,-4.616813659667969,-4.615218639373779,-4.562629222869873,-4.508139133453369,-4.481162071228027,-4.441740989685059,-4.408185005187988,-4.3543171882629395,-4.308027744293213,-4.257708549499512,-4.202153205871582,-4.149772644042969,-4.117875576019287,-4.081125736236572,-4.034718990325928,-3.9967334270477295,-3.9694712162017822,-3.9311633110046387,-3.890828847885132,-3.859431743621826,-3.836575508117676,-3.820146083831787,-3.784182071685791,-3.7349390983581543,-3.6852967739105225,-3.643888473510742,-3.604250192642212,-3.5695459842681885,-3.534714460372925,-3.502901792526245,-3.4764888286590576,-3.450676918029785,-3.425546884536743,-3.4071297645568848,-3.387115955352783,-3.3635871410369873,-3.340583324432373,-3.3090622425079346,-3.270216226577759,-3.224825143814087,-3.1830337047576904,-3.1513829231262207,-3.126310348510742,-3.1051971912384033,-3.083116292953491,-3.060417890548706,-3.0345921516418457,-3.0087850093841553,-2.98630428314209,-2.9560861587524414,-2.923712730407715,-2.904151439666748,-2.893261671066284,-2.8714516162872314,-2.8394196033477783,-2.8012759685516357,-2.7665913105010986,-2.742191791534424,-2.7215330600738525,-2.699472188949585,-2.678231954574585,-2.6582679748535156,-2.6444270610809326,-2.6321418285369873,-2.6165425777435303,-2.599135398864746,-2.574516773223877,-2.5443313121795654,-2.5149402618408203,-2.492323637008667,-2.4710588455200195,-2.442084550857544,-2.4109981060028076,-2.380808115005493,-2.3549082279205322,-2.330763578414917,-2.3041317462921143,-2.274371385574341,-2.2420248985290527,-2.2065212726593018,-2.169590711593628,-2.1317763328552246,-2.0958468914031982,-2.060861825942993,-2.0214216709136963,-1.9813143014907837,-1.9454783201217651,-1.9142429828643799,-1.8865164518356323,-1.8576515913009644,-1.8240892887115479,-1.790068507194519,-1.757254719734192,-1.729034423828125,-1.702487826347351,-1.6773134469985962,-1.652909517288208,-1.630908727645874,-1.611358642578125,-1.5905919075012207,-1.5697917938232422,-1.550207257270813,-1.5306636095046997,-1.509806513786316,-1.4870814085006714,-1.460693359375,-1.4316954612731934,-1.400834560394287,-1.3720600605010986,-1.3445169925689697,-1.3192366361618042,-1.2947179079055786,-1.2690612077713013,-1.2424051761627197,-1.210503339767456,-1.1751047372817993,-1.1374849081039429,-1.096830129623413,-1.0553088188171387,-1.0146619081497192,-0.9740254878997803,-0.9329380393028259,-0.8927645087242126,-0.8534650802612305,-0.8140757083892822,-0.7739265561103821,-0.7342438697814941,-0.6962146759033203,-0.6602353453636169,-0.6263923048973083,-0.5930612683296204,-0.5590658187866211,-0.525146484375,-0.49306851625442505,-0.46355345845222473,-0.43765005469322205,-0.4135834276676178,-0.39192816615104675,-0.3702262043952942,-0.3460221588611603,-0.3195376396179199,-0.2908766269683838,-0.2578759789466858,-0.22297856211662292,-0.18771697580814362,-0.1536753624677658,-0.12064085900783539,-0.0901600569486618,-0.06202935799956322,-0.03544102609157562,-0.007311867084354162,0.025420889258384705,0.062216706573963165,0.10338890552520752,0.14751017093658447,0.19177748262882233,0.2353512942790985,0.27793440222740173,0.3201894462108612,0.3643999993801117,0.40826281905174255,0.45207154750823975,0.4936653971672058,0.5326963067054749,0.5710445046424866,0.6096569895744324,0.647863507270813,0.6879046559333801,0.731073260307312,0.775941014289856,0.8248589634895325,0.8757677674293518,0.9262279272079468,0.9766854047775269,1.0275194644927979,1.0753138065338135,1.1213802099227905,1.1649445295333862,1.2058770656585693,1.247925043106079,1.294904112815857,1.3442379236221313,1.3922438621520996,1.441892147064209,1.4916585683822632,1.5424693822860718,1.5974490642547607,1.6498559713363647,1.7009083032608032,1.751745581626892,1.8045713901519775,1.8570326566696167,1.9145851135253906,1.9682945013046265,2.0154733657836914,2.069664478302002,2.1201443672180176,2.169982433319092,2.217259168624878,2.2715961933135986,2.317643404006958,2.3654541969299316,2.419105291366577,2.46846604347229,2.4950332641601562,2.534087657928467,2.5789005756378174,2.630460262298584,2.680124044418335,2.733527898788452,2.7956864833831787,2.842581272125244,2.8923330307006836,2.95341157913208,3.000338554382324,3.053931951522827,3.099548816680908,3.1496598720550537,3.208080768585205],"files":["scales.webp"]},"quats":{"files":["quats.webp"]},