{"version":2,"count":430772,"means":{"mins":[1.4377422073482895,-2.748314606116294,-2.127216503940024],"maxs":[3.549895207225815,2.4041108652051797,2.569490332247347],"files":["means_l.webp","means_u.webp"]},"scales":{"codebook":[-9.998517990112305,-9.972570419311523,-9.93384838104248,-9.888276100158691,-9.843061447143555,-9.799798011779785,-9.758810997009277,-9.717290878295898,-9.675507545471191,-9.635671615600586,-9.595977783203125,-9.555471420288086,-9.515900611877441,-9.475902557373047,-9.435769081115723,-9.396174430847168,-9.354900360107422,-9.314183235168457,-9.27319622039795,-9.231782913208008,-9.190869331359863,-9.150557518005371,-9.109575271606445,-9.069131851196289,-9.029031753540039,-8.988752365112305,-8.948205947875977,-8.907965660095215,-8.868014335632324,-8.827728271484375,-8.786872863769531,-8.745862007141113,-8.706226348876953,-8.666563034057617,-8.626642227172852,-8.585986137390137,-8.545000076293945,-8.504157066345215,-8.463255882263184,-8.42254638671875,-8.383281707763672,-8.343372344970703,-8.302785873413086,-8.262473106384277,-8.221092224121094,-8.17965030670166,-8.140226364135742,-8.100010871887207,-8.060395240783691,-8.021167755126953,-7.981014728546143,-7.940276622772217,-7.899270057678223,-7.858870029449463,-7.818709373474121,-7.778674602508545,-7.73771333694458,-7.697696685791016,-7.656887054443359,-7.615856170654297,-7.574991703033447,-7.534182548522949,-7.493812561035156,-7.454358100891113,-7.413285732269287,-7.373018741607666,-7.333044528961182,-7.292867183685303,-7.252936840057373,-7.212945461273193,-7.172640800476074,-7.132179260253906,-7.090180397033691,-7.049435138702393,-7.008615970611572,-6.9688801765441895,-6.929011344909668,-6.889083385467529,-6.847365856170654,-6.806318283081055,-6.765637397766113,-6.725196838378906,-6.685189247131348,-6.645262718200684,-6.604473114013672,-6.563969135284424,-6.523988723754883,-6.483227729797363,-6.442846775054932,-6.4017157554626465,-6.360373497009277,-6.319995403289795,-6.279226779937744,-6.239627361297607,-6.199849605560303,-6.159154415130615,-6.118194103240967,-6.077127933502197,-6.037028789520264,-5.996931552886963,-5.957114219665527,-5.917201519012451,-5.87701940536499,-5.836292266845703,-5.795755386352539,-5.755204677581787,-5.714548110961914,-5.673521041870117,-5.632614612579346,-5.591626167297363,-5.551567554473877,-5.511470317840576,-5.471568584442139,-5.430644512176514,-5.389517784118652,-5.34896993637085,-5.309648036956787,-5.269540786743164,-5.229321002960205,-5.189244747161865,-5.148745536804199,-5.1084818840026855,-5.068019390106201,-5.027714252471924,-4.986611843109131,-4.946248531341553,-4.905778884887695,-4.865271091461182,-4.824925422668457,-4.78439474105835,-4.744309425354004,-4.703609466552734,-4.6628007888793945,-4.622284412384033,-4.58223295211792,-4.541840076446533,-4.501397132873535,-4.461097717285156,-4.420739650726318,-4.380136966705322,-4.33928918838501,-4.29910945892334,-4.258974552154541,-4.21872091293335,-4.1782732009887695,-4.1376824378967285,-4.097228050231934,-4.056684970855713,-4.016476631164551,-3.9761948585510254,-3.935716390609741,-3.895139455795288,-3.8548436164855957,-3.814678907394409,-3.7741801738739014,-3.7336926460266113,-3.693378210067749,-3.653533935546875,-3.6133382320404053,-3.5731444358825684,-3.5326201915740967,-3.492574453353882,-3.4523732662200928,-3.411818027496338,-3.371013641357422,-3.3306024074554443,-3.2909555435180664,-3.2508602142333984,-3.2103559970855713,-3.1696279048919678,-3.129650115966797,-3.091203212738037,-3.055100440979004,-3.020216703414917,-2.9870049953460693,-2.9534430503845215,-2.918890953063965,-2.8828988075256348,-2.8445675373077393,-2.805581569671631,-2.7664294242858887,-2.7261435985565186,-2.6858019828796387,-2.6454200744628906,-2.6053009033203125,-2.565096616744995,-2.524716377258301,-2.483955144882202,-2.443999767303467,-2.40360951423645,-2.363818645477295,-2.32301926612854,-2.2808961868286133,-2.239569664001465,-2.1974165439605713,-2.1562325954437256,-2.1168251037597656,-2.0776455402374268,-2.039524555206299,-2.002554416656494,-1.9608834981918335,-1.9193532466888428,-1.8774889707565308,-1.8362740278244019,-1.7949635982513428,-1.7553313970565796,-1.7162811756134033,-1.6748757362365723,-1.6327842473983765,-1.5928436517715454,-1.554854154586792,-1.5157891511917114,-1.4764360189437866,-1.437586784362793,-1.397397518157959,-1.3530988693237305,-1.30826997756958,-1.2679518461227417,-1.2302138805389404,-1.1950459480285645,-1.1539021730422974,-1.1144362688064575,-1.0709738731384277,-1.0252190828323364,-0.9860671758651733,-0.9476448893547058,-0.9065275192260742,-0.8646368384361267,-0.8264821767807007,-0.7921583652496338,-0.7536665201187134,-0.7131322026252747,-0.670721709728241,-0.6318586468696594,-0.5888921618461609,-0.5419994592666626,-0.5022723078727722,-0.46403878927230835,-0.4187222719192505,-0.36855918169021606,-0.3330702781677246,-0.293722003698349,-0.24707087874412537,-0.2102700173854828,-0.18001613020896912,-0.14580446481704712,-0.10605620592832565,-0.08377110213041306,-0.024347463622689247,0.01861565187573433,0.11483576148748398,0.15600553154945374,0.1999298334121704,0.21260668337345123,0.26832953095436096,0.3082541823387146],"files":["scales.webp"]},"quats":{"files":["quats.webp"]},