{"version":2,"count":524361,"means":{"mins":[-7.305890939196198,-7.300437371212709,-1.049400654696053],"maxs":[-2.280782066498355,-3.0123146984437787,2.692403241316285],"files":["means_l.webp","means_u.webp"]},"scales":{"codebook":[-9.99958610534668,-9.987832069396973,-9.965723037719727,-9.929703712463379,-9.885043144226074,-9.833235740661621,-9.778240203857422,-9.72252368927002,-9.666450500488281,-9.610451698303223,-9.554404258728027,-9.500157356262207,-9.445242881774902,-9.389457702636719,-9.334196090698242,-9.278326034545898,-9.223075866699219,-9.167218208312988,-9.111784934997559,-9.055493354797363,-8.999792098999023,-8.945318222045898,-8.891213417053223,-8.83577823638916,-8.782893180847168,-8.733080863952637,-8.684956550598145,-8.639650344848633,-8.597050666809082,-8.555190086364746,-8.513461112976074,-8.470929145812988,-8.427038192749023,-8.381325721740723,-8.336216926574707,-8.288623809814453,-8.24246883392334,-8.19754409790039,-8.152618408203125,-8.10512924194336,-8.054265975952148,-8.001516342163086,-7.94648551940918,-7.891064643859863,-7.835886001586914,-7.780844688415527,-7.725858688354492,-7.67075777053833,-7.615948677062988,-7.5603251457214355,-7.505271911621094,-7.449437141418457,-7.393825531005859,-7.33976936340332,-7.285811424255371,-7.234497547149658,-7.186167240142822,-7.139441013336182,-7.094228744506836,-7.047304630279541,-6.9983954429626465,-6.9454240798950195,-6.890463829040527,-6.833958148956299,-6.777245044708252,-6.720797538757324,-6.664866924285889,-6.611649036407471,-6.560300827026367,-6.508877754211426,-6.456038475036621,-6.40131139755249,-6.3448805809021,-6.2876877784729,-6.230047702789307,-6.173738479614258,-6.119408130645752,-6.067261695861816,-6.016646862030029,-5.9678826332092285,-5.92173433303833,-5.875844955444336,-5.82744836807251,-5.776773452758789,-5.724031925201416,-5.670527935028076,-5.6180644035339355,-5.567873954772949,-5.52078914642334,-5.47620153427124,-5.431861400604248,-5.385730743408203,-5.3367838859558105,-5.2850775718688965,-5.231363773345947,-5.177369594573975,-5.125929355621338,-5.077999114990234,-5.032684803009033,-4.987217426300049,-4.9398088455200195,-4.889244079589844,-4.836697101593018,-4.782736778259277,-4.727457046508789,-4.671348571777344,-4.615635871887207,-4.560054302215576,-4.5062971115112305,-4.4535064697265625,-4.403113842010498,-4.355459213256836,-4.310543537139893,-4.2657012939453125,-4.218975067138672,-4.169661998748779,-4.117928504943848,-4.064062595367432,-4.01020622253418,-3.9571025371551514,-3.904834747314453,-3.8546574115753174,-3.8075573444366455,-3.7621309757232666,-3.716845750808716,-3.6700446605682373,-3.6204423904418945,-3.5674829483032227,-3.513265371322632,-3.4585371017456055,-3.40336275100708,-3.347759485244751,-3.2916746139526367,-3.2353363037109375,-3.18015456199646,-3.1257426738739014,-3.0729660987854004,-3.021949052810669,-2.9742484092712402,-2.9289348125457764,-2.8837623596191406,-2.8378546237945557,-2.7905259132385254,-2.742955207824707,-2.695803642272949,-2.6506030559539795,-2.605181932449341,-2.557973623275757,-2.507777690887451,-2.4555110931396484,-2.4018139839172363,-2.34688401222229,-2.291126012802124,-2.2353596687316895,-2.177882671356201,-2.121419668197632,-2.0650746822357178,-2.011345863342285,-1.956196665763855,-1.9016695022583008,-1.8464007377624512,-1.7906328439712524,-1.734909176826477,-1.6808744668960571,-1.6265569925308228,-1.5717473030090332,-1.516236662864685,-1.4606139659881592,-1.405096411705017,-1.3491015434265137,-1.2933568954467773,-1.238471508026123,-1.183441162109375,-1.1288158893585205,-1.073707938194275,-1.0186147689819336,-0.9644219875335693,-0.9087316393852234,-0.8519691824913025,-0.7961229681968689,-0.7409456372261047,-0.6869866847991943,-0.6327457427978516,-0.5763434767723083,-0.5198753476142883,-0.46687519550323486,-0.41204002499580383,-0.3573143482208252,-0.29897791147232056,-0.24136103689670563,-0.18623916804790497,-0.1310167908668518,-0.0760406106710434,-0.02170863002538681,0.03296331688761711,0.08829622715711594,0.14550979435443878,0.20369984209537506,0.26139310002326965,0.3165915310382843,0.3685126006603241,0.4217016100883484,0.480721116065979,0.5387208461761475,0.5921911597251892,0.6501578688621521,0.7057099342346191,0.758007824420929,0.8082659840583801,0.8627811074256897,0.9234045743942261,0.9851343631744385,1.0426210165023804,1.0918071269989014,1.146136999130249,1.205106496810913,1.2597395181655884,1.3161779642105103,1.3750663995742798,1.43915593624115,1.4843604564666748,1.5346850156784058,1.593315601348877,1.6399917602539062,1.7104943990707397,1.7640502452850342,1.8351614475250244,1.8925764560699463,1.9432411193847656,2.0018179416656494,2.046359062194824,2.097212314605713,2.1332194805145264,2.1928963661193848,2.272812843322754,2.3316657543182373,2.3883655071258545,2.4394423961639404,2.4987688064575195,2.5355303287506104,2.605583906173706,2.652289390563965,2.713219165802002,2.7583281993865967,2.871279001235962,2.912247657775879,2.9876701831817627,3.0331897735595703,3.149155855178833,3.194669485092163,3.302696704864502,3.4379663467407227,3.492919921875,3.6152172088623047,3.752730369567871,4.143535614013672],"files":["scales.webp"]},"quats":{"files":["quats.webp"]},