{"version":2,"count":526493,"means":{"mins":[-3.3837414250487967,-4.533984704051671,-1.2908250719405059],"maxs":[0.6744459189985496,3.5406557607494196,3.0901577459357856],"files":["means_l.webp","means_u.webp"]},"scales":{"codebook":[-9.999067306518555,-9.953344345092773,-9.90910530090332,-9.862751960754395,-9.815853118896484,-9.769661903381348,-9.72368049621582,-9.679841995239258,-9.635955810546875,-9.590431213378906,-9.544690132141113,-9.499809265136719,-9.455206871032715,-9.409981727600098,-9.363367080688477,-9.318909645080566,-9.273832321166992,-9.227063179016113,-9.183028221130371,-9.138204574584961,-9.093015670776367,-9.047122955322266,-9.002555847167969,-8.95692253112793,-8.909740447998047,-8.862711906433105,-8.81635856628418,-8.772514343261719,-8.727188110351562,-8.680907249450684,-8.635523796081543,-8.591084480285645,-8.545233726501465,-8.499396324157715,-8.454375267028809,-8.407646179199219,-8.363076210021973,-8.317538261413574,-8.272504806518555,-8.227897644042969,-8.184040069580078,-8.138655662536621,-8.09262466430664,-8.046575546264648,-8.000649452209473,-7.954701900482178,-7.910497188568115,-7.86629581451416,-7.8216233253479,-7.7762532234191895,-7.729959487915039,-7.684171676635742,-7.6395111083984375,-7.593639850616455,-7.547951698303223,-7.501923561096191,-7.456162929534912,-7.410528182983398,-7.364960670471191,-7.319411277770996,-7.274331092834473,-7.229517936706543,-7.183722972869873,-7.138467311859131,-7.093653678894043,-7.0482988357543945,-7.004770755767822,-6.963394641876221,-6.9240875244140625,-6.887083530426025,-6.849786758422852,-6.811996936798096,-6.771212100982666,-6.728305339813232,-6.683725357055664,-6.638766288757324,-6.593685150146484,-6.547817230224609,-6.502290725708008,-6.456761837005615,-6.411501884460449,-6.366549015045166,-6.321556091308594,-6.27612829208374,-6.2310004234313965,-6.1852850914001465,-6.139100551605225,-6.093987941741943,-6.0483903884887695,-6.003078460693359,-5.957241535186768,-5.911721706390381,-5.866516590118408,-5.821269989013672,-5.776254177093506,-5.731071472167969,-5.685777187347412,-5.640276908874512,-5.594771862030029,-5.549126625061035,-5.503237724304199,-5.4575676918029785,-5.412713527679443,-5.367839813232422,-5.323033809661865,-5.2775468826293945,-5.232405662536621,-5.1877007484436035,-5.142319679260254,-5.096628665924072,-5.051323413848877,-5.0068135261535645,-4.963066101074219,-4.920510768890381,-4.880812168121338,-4.842742443084717,-4.8059234619140625,-4.768117427825928,-4.728453636169434,-4.686167240142822,-4.642045497894287,-4.596894264221191,-4.551299571990967,-4.505961894989014,-4.460651397705078,-4.4151482582092285,-4.369877815246582,-4.324167728424072,-4.27911376953125,-4.23390531539917,-4.18857479095459,-4.143048286437988,-4.097253799438477,-4.051684379577637,-4.006142616271973,-3.9602625370025635,-3.9148430824279785,-3.8696188926696777,-3.8246123790740967,-3.7794723510742188,-3.733797073364258,-3.6883370876312256,-3.643089771270752,-3.598010301589966,-3.552811861038208,-3.507538080215454,-3.4628584384918213,-3.4176368713378906,-3.371727466583252,-3.32604718208313,-3.280750274658203,-3.23581862449646,-3.190633535385132,-3.1453869342803955,-3.100454330444336,-3.054905652999878,-3.0091145038604736,-2.963921308517456,-2.9191854000091553,-2.873675584793091,-2.8280508518218994,-2.7821578979492188,-2.7365057468414307,-2.6911754608154297,-2.6459949016571045,-2.600905179977417,-2.556165933609009,-2.51139497756958,-2.4661669731140137,-2.4209561347961426,-2.375648260116577,-2.3298420906066895,-2.284498691558838,-2.238778591156006,-2.1929385662078857,-2.147393226623535,-2.1020357608795166,-2.056192398071289,-2.010690689086914,-1.965985655784607,-1.9216018915176392,-1.8750380277633667,-1.8301012516021729,-1.7842414379119873,-1.7389183044433594,-1.6935456991195679,-1.6486060619354248,-1.6027597188949585,-1.556487798690796,-1.5110657215118408,-1.4650113582611084,-1.4188849925994873,-1.3728564977645874,-1.32863450050354,-1.2838674783706665,-1.2380106449127197,-1.1926963329315186,-1.1465351581573486,-1.1014022827148438,-1.0557175874710083,-1.0096697807312012,-0.9626465439796448,-0.9168401956558228,-0.8745326995849609,-0.8306219577789307,-0.7864117622375488,-0.7405126690864563,-0.6948071718215942,-0.6506387591362,-0.6073641777038574,-0.561704158782959,-0.5153070092201233,-0.46931275725364685,-0.42328575253486633,-0.37304210662841797,-0.32821154594421387,-0.2851528525352478,-0.23824509978294373,-0.18811319768428802,-0.14349554479122162,-0.10125745832920074,-0.06029091402888298,-0.014127872884273529,0.031023407354950905,0.06935106217861176,0.11810195446014404,0.16444747149944305,0.20837879180908203,0.2540830969810486,0.3003869652748108,0.34730851650238037,0.39451441168785095,0.4401216208934784,0.48570650815963745,0.5363115072250366,0.58006751537323,0.6332588195800781,0.6716277003288269,0.714413583278656,0.7529464364051819,0.791726291179657,0.8499831557273865,0.8893351554870605,0.9324422478675842,0.9986939430236816,1.0325959920883179,1.0586395263671875,1.132771372795105,1.1735597848892212,1.2190463542938232,1.2616195678710938,1.3156733512878418,1.355926513671875,1.4174569845199585,1.485912799835205,1.5781019926071167],"files":["scales.webp"]},"quats":{"files":["quats.webp"]},