{"version":2,"count":524407,"means":{"mins":[-6.874052934632001,-4.944944090646445,-4.682131085839126],"maxs":[-5.230770336753072,5.609362350701683,-3.8186441031220193],"files":["means_l.webp","means_u.webp"]},"scales":{"codebook":[-10,-9.922369956970215,-9.901350021362305,-7.755586624145508,-7.191838264465332,-7.122708797454834,-6.927938938140869,-6.738168716430664,-6.531826019287109,-6.461115837097168,-6.2485432624816895,-6.137654781341553,-6.066393852233887,-5.915334224700928,-5.858518600463867,-5.784127235412598,-5.659745216369629,-5.577006816864014,-5.564246654510498,-5.470125675201416,-5.455930233001709,-5.384106636047363,-5.356265544891357,-5.304489612579346,-5.2315168380737305,-5.16836404800415,-5.09915828704834,-5.054301738739014,-5.032961368560791,-4.972918510437012,-4.913462162017822,-4.853958606719971,-4.77664852142334,-4.738754749298096,-4.68600606918335,-4.632108211517334,-4.576676845550537,-4.544166088104248,-4.488829135894775,-4.441740989685059,-4.408548355102539,-4.374703407287598,-4.330629348754883,-4.272443771362305,-4.2171406745910645,-4.158900260925293,-4.108417987823486,-4.068332195281982,-4.019400596618652,-3.967658042907715,-3.9066061973571777,-3.8459537029266357,-3.797835111618042,-3.7420294284820557,-3.6859447956085205,-3.636765956878662,-3.5834977626800537,-3.527296781539917,-3.479513645172119,-3.435849905014038,-3.3948817253112793,-3.3581314086914062,-3.3330259323120117,-3.2982044219970703,-3.261543035507202,-3.226569175720215,-3.190692901611328,-3.1559112071990967,-3.1152522563934326,-3.0830740928649902,-3.060380697250366,-3.032787799835205,-2.9955835342407227,-2.9605836868286133,-2.934863805770874,-2.915299654006958,-2.8988516330718994,-2.8801920413970947,-2.8529224395751953,-2.8228423595428467,-2.7909493446350098,-2.7609169483184814,-2.7282984256744385,-2.6945960521698,-2.6709251403808594,-2.6501407623291016,-2.626915216445923,-2.6026771068573,-2.5808770656585693,-2.5596811771392822,-2.537066698074341,-2.5140035152435303,-2.492288827896118,-2.4721810817718506,-2.4494428634643555,-2.428412437438965,-2.406499147415161,-2.3851356506347656,-2.365291118621826,-2.3457794189453125,-2.324954032897949,-2.3070266246795654,-2.287724733352661,-2.2644197940826416,-2.23401141166687,-2.1938178539276123,-2.1502585411071777,-2.1067590713500977,-2.066054582595825,-2.029007911682129,-1.9936048984527588,-1.9626554250717163,-1.936579942703247,-1.9114711284637451,-1.8852343559265137,-1.8573079109191895,-1.8238605260849,-1.7855169773101807,-1.7442820072174072,-1.704478144645691,-1.6665676832199097,-1.6309916973114014,-1.5988355875015259,-1.5703425407409668,-1.5455914735794067,-1.5222868919372559,-1.4998632669448853,-1.4799761772155762,-1.4616116285324097,-1.4419965744018555,-1.420397400856018,-1.3953505754470825,-1.370158314704895,-1.3466813564300537,-1.3253296613693237,-1.3025850057601929,-1.2786815166473389,-1.2529994249343872,-1.2275495529174805,-1.2045584917068481,-1.1839076280593872,-1.1649813652038574,-1.1455531120300293,-1.123679518699646,-1.0978273153305054,-1.0699360370635986,-1.0393617153167725,-1.0105186700820923,-0.9850926399230957,-0.9637646675109863,-0.9465987086296082,-0.9298481941223145,-0.9122444987297058,-0.8924968838691711,-0.8697985410690308,-0.8438399434089661,-0.8147727847099304,-0.7855703830718994,-0.7574299573898315,-0.7313967347145081,-0.7070317268371582,-0.6840687990188599,-0.6596922278404236,-0.63194739818573,-0.599280834197998,-0.5637410283088684,-0.5290603041648865,-0.49634525179862976,-0.46652910113334656,-0.43814611434936523,-0.4091743230819702,-0.37851807475090027,-0.3464702069759369,-0.31364426016807556,-0.28401684761047363,-0.25833725929260254,-0.23547258973121643,-0.21335861086845398,-0.18810366094112396,-0.15735827386379242,-0.11999523639678955,-0.07601115852594376,-0.02823232300579548,0.019031032919883728,0.06571542471647263,0.10858749598264694,0.14846715331077576,0.1852942258119583,0.2198372334241867,0.25290030241012573,0.28548577427864075,0.3205167353153229,0.3592739999294281,0.402082234621048,0.4490831196308136,0.4991840422153473,0.5511065125465393,0.6026945114135742,0.6556685566902161,0.7083054184913635,0.7591255903244019,0.8084785342216492,0.852999210357666,0.8932239413261414,0.9288630485534668,0.9635239839553833,1.0004204511642456,1.0409072637557983,1.0851083993911743,1.1351596117019653,1.184936761856079,1.2369587421417236,1.2891921997070312,1.3404837846755981,1.3896759748458862,1.4355591535568237,1.4798575639724731,1.5231088399887085,1.5665302276611328,1.6147267818450928,1.6655036211013794,1.717807412147522,1.7716002464294434,1.8255630731582642,1.880934238433838,1.933839201927185,1.9874199628829956,2.040894031524658,2.092590808868408,2.137247085571289,2.1829190254211426,2.230992078781128,2.285309314727783,2.343562126159668,2.397949457168579,2.4555697441101074,2.5212290287017822,2.5654759407043457,2.621830940246582,2.6672937870025635,2.7152483463287354,2.771366596221924,2.820282220840454,2.868626594543457,2.9424121379852295,3.000065326690674,3.0426223278045654,3.081798791885376,3.17142653465271,3.198178768157959,3.2832791805267334,3.3166022300720215,3.366149663925171,3.4144701957702637,3.4788262844085693,3.523911952972412],"files":["scales.webp"]},"quats":{"files":["quats.webp"]},