{"version":2,"count":555239,"means":{"mins":[-3.529623269656765,-3.4628472274122184,-1.1464142608986343],"maxs":[-2.537721490002891,3.3294658981371,2.9834026228162536],"files":["means_l.webp","means_u.webp"]},"scales":{"codebook":[-9.999205589294434,-9.955114364624023,-9.910871505737305,-9.86701774597168,-9.823143005371094,-9.77969741821289,-9.736296653747559,-9.691113471984863,-9.646734237670898,-9.601536750793457,-9.558220863342285,-9.514147758483887,-9.470915794372559,-9.428020477294922,-9.383833885192871,-9.339290618896484,-9.29471492767334,-9.251019477844238,-9.207137107849121,-9.162604331970215,-9.119660377502441,-9.076007843017578,-9.030662536621094,-8.985162734985352,-8.940836906433105,-8.897682189941406,-8.853683471679688,-8.809976577758789,-8.766189575195312,-8.722029685974121,-8.67794132232666,-8.634279251098633,-8.588783264160156,-8.544275283813477,-8.499699592590332,-8.45499038696289,-8.411134719848633,-8.366659164428711,-8.323573112487793,-8.2808198928833,-8.23614501953125,-8.192584037780762,-8.149381637573242,-8.104964256286621,-8.060737609863281,-8.016983032226562,-7.972185134887695,-7.927750587463379,-7.88400411605835,-7.839641094207764,-7.7953643798828125,-7.751666069030762,-7.708221912384033,-7.664069175720215,-7.619502067565918,-7.5751166343688965,-7.5301713943481445,-7.486143589019775,-7.442213535308838,-7.39799165725708,-7.353413105010986,-7.309648036956787,-7.265325546264648,-7.221250534057617,-7.176756858825684,-7.132557392120361,-7.0884175300598145,-7.045086860656738,-7.0014495849609375,-6.956444263458252,-6.913027286529541,-6.8692545890808105,-6.82495641708374,-6.78029727935791,-6.735475540161133,-6.691100120544434,-6.647068977355957,-6.603146553039551,-6.5597991943359375,-6.515869617462158,-6.472105503082275,-6.427834510803223,-6.383290767669678,-6.339748859405518,-6.295812129974365,-6.251585006713867,-6.207498073577881,-6.163726806640625,-6.119418144226074,-6.075965881347656,-6.033063888549805,-5.991537570953369,-5.951440811157227,-5.913958549499512,-5.877807140350342,-5.842076301574707,-5.805880069732666,-5.769251346588135,-5.732071399688721,-5.696493625640869,-5.662387371063232,-5.629611015319824,-5.596938610076904,-5.563744068145752,-5.528783321380615,-5.492273330688477,-5.453297138214111,-5.412230968475342,-5.369509220123291,-5.326929092407227,-5.284934043884277,-5.244678020477295,-5.206829071044922,-5.170943737030029,-5.135319232940674,-5.099113464355469,-5.062521934509277,-5.026098251342773,-4.990441799163818,-4.954752445220947,-4.9182515144348145,-4.879244804382324,-4.838890552520752,-4.796261310577393,-4.752749443054199,-4.708485126495361,-4.664618015289307,-4.620639324188232,-4.577362537384033,-4.536330223083496,-4.496910095214844,-4.459624290466309,-4.423592567443848,-4.3867878913879395,-4.3487348556518555,-4.308083534240723,-4.265561103820801,-4.222860813140869,-4.1794819831848145,-4.135378360748291,-4.0910773277282715,-4.046783447265625,-4.002828121185303,-3.958700180053711,-3.9148106575012207,-3.870681047439575,-3.8268210887908936,-3.783069372177124,-3.738776445388794,-3.694653034210205,-3.6509039402008057,-3.6068105697631836,-3.5628106594085693,-3.5189104080200195,-3.474839210510254,-3.430806875228882,-3.3869130611419678,-3.343552827835083,-3.3002259731292725,-3.2578415870666504,-3.217031955718994,-3.1784322261810303,-3.1423587799072266,-3.106159210205078,-3.068742275238037,-3.030128002166748,-2.9887919425964355,-2.945627450942993,-2.9022724628448486,-2.857872724533081,-2.8136584758758545,-2.7698252201080322,-2.726097583770752,-2.681788444519043,-2.6380999088287354,-2.594104766845703,-2.5504841804504395,-2.506087303161621,-2.462240219116211,-2.418654680252075,-2.3743557929992676,-2.330077886581421,-2.286231279373169,-2.2427780628204346,-2.1982195377349854,-2.1532886028289795,-2.1071255207061768,-2.0605502128601074,-2.0141544342041016,-1.9730209112167358,-1.930604338645935,-1.8880916833877563,-1.8437650203704834,-1.8005949258804321,-1.7567307949066162,-1.712686538696289,-1.668813943862915,-1.6254903078079224,-1.5811001062393188,-1.5375831127166748,-1.4941401481628418,-1.4484691619873047,-1.4024218320846558,-1.3581129312515259,-1.3155449628829956,-1.2725675106048584,-1.2287324666976929,-1.182889699935913,-1.1374287605285645,-1.0943728685379028,-1.050767421722412,-1.00661301612854,-0.9610293507575989,-0.9158957600593567,-0.8764788508415222,-0.8310121893882751,-0.7867708802223206,-0.7428278923034668,-0.6973587274551392,-0.6551011800765991,-0.6113715171813965,-0.5669125318527222,-0.5208724737167358,-0.47902894020080566,-0.4349232017993927,-0.39311912655830383,-0.34313398599624634,-0.3012295961380005,-0.2583746612071991,-0.21337386965751648,-0.16533629596233368,-0.11594243347644806,-0.07672560960054398,-0.037829212844371796,0.008676977828145027,0.05329124629497528,0.10159029066562653,0.14725548028945923,0.1868864893913269,0.2286246120929718,0.2735550105571747,0.31657272577285767,0.3655146658420563,0.405489981174469,0.4486018717288971,0.5019574165344238,0.5503484010696411,0.5787097215652466,0.623205840587616,0.6744458675384521,0.735092043876648,0.7500820755958557,0.7986516952514648,0.936048686504364,0.9853470921516418,1.24368417263031],"files":["scales.webp"]},"quats":{"files":["quats.webp"]},