{"version":2,"count":638369,"means":{"mins":[-2.537716816157399,-1.483001586126567,-1.2268755604334176],"maxs":[2.6069085178513283,1.6256858877953722,2.9751522292793617],"files":["means_l.webp","means_u.webp"]},"scales":{"codebook":[-9.999492645263672,-9.977622985839844,-9.946784019470215,-9.911179542541504,-9.874527931213379,-9.837201118469238,-9.796382904052734,-9.756444931030273,-9.71607494354248,-9.675958633422852,-9.6349458694458,-9.594954490661621,-9.553994178771973,-9.51252269744873,-9.473254203796387,-9.433775901794434,-9.394554138183594,-9.354764938354492,-9.314248085021973,-9.272932052612305,-9.231633186340332,-9.19196891784668,-9.151169776916504,-9.11064338684082,-9.071487426757812,-9.031081199645996,-8.990640640258789,-8.95080852508545,-8.91075611114502,-8.870386123657227,-8.829282760620117,-8.787993431091309,-8.7473783493042,-8.708309173583984,-8.668438911437988,-8.627984046936035,-8.586163520812988,-8.545790672302246,-8.50477123260498,-8.463968276977539,-8.424127578735352,-8.383781433105469,-8.34387493133545,-8.303449630737305,-8.263347625732422,-8.224143981933594,-8.18349552154541,-8.142115592956543,-8.101672172546387,-8.060858726501465,-8.021050453186035,-7.980943202972412,-7.940065860748291,-7.899480819702148,-7.859025001525879,-7.818867206573486,-7.77876615524292,-7.737767696380615,-7.697509288787842,-7.657711029052734,-7.617244720458984,-7.57658052444458,-7.536288261413574,-7.496030807495117,-7.455377578735352,-7.4146881103515625,-7.374380588531494,-7.334017753601074,-7.293737411499023,-7.253237247467041,-7.2133870124816895,-7.172287464141846,-7.131988048553467,-7.091420650482178,-7.051130294799805,-7.0107340812683105,-6.970303535461426,-6.93037223815918,-6.890298366546631,-6.850445747375488,-6.810108184814453,-6.7699432373046875,-6.729905605316162,-6.689351558685303,-6.6483259201049805,-6.607961654663086,-6.567698001861572,-6.527215003967285,-6.487471580505371,-6.4470319747924805,-6.406454563140869,-6.366401195526123,-6.326095104217529,-6.285440921783447,-6.24522590637207,-6.2046613693237305,-6.163697719573975,-6.123276233673096,-6.082905292510986,-6.042658805847168,-6.00215482711792,-5.962128639221191,-5.921871185302734,-5.881793022155762,-5.841248035430908,-5.800792694091797,-5.760590553283691,-5.720354080200195,-5.6798882484436035,-5.639608860015869,-5.599279880523682,-5.559059143066406,-5.518456935882568,-5.478288173675537,-5.437839984893799,-5.397404193878174,-5.357182025909424,-5.316833972930908,-5.2768425941467285,-5.236595153808594,-5.1962504386901855,-5.155655384063721,-5.115286827087402,-5.075512409210205,-5.035916328430176,-4.997966289520264,-4.961445331573486,-4.926928520202637,-4.893641471862793,-4.860507488250732,-4.826052188873291,-4.789739608764648,-4.751535415649414,-4.711803913116455,-4.671636581420898,-4.631546497344971,-4.591134548187256,-4.5511040687561035,-4.511119365692139,-4.470545291900635,-4.430335521697998,-4.389461994171143,-4.3488616943359375,-4.309229373931885,-4.269002437591553,-4.228607654571533,-4.188106536865234,-4.147928237915039,-4.107661247253418,-4.067270755767822,-4.026482582092285,-3.9861745834350586,-3.946056604385376,-3.9056830406188965,-3.864942789077759,-3.824448347091675,-3.7838871479034424,-3.743452310562134,-3.7035534381866455,-3.6626811027526855,-3.622300386428833,-3.582418918609619,-3.542048931121826,-3.5019376277923584,-3.4615519046783447,-3.4210991859436035,-3.379969358444214,-3.3398404121398926,-3.299808979034424,-3.259766101837158,-3.219243049621582,-3.178375482559204,-3.1380083560943604,-3.098179340362549,-3.0577642917633057,-3.017637252807617,-2.977273464202881,-2.9377622604370117,-2.897069215774536,-2.8566079139709473,-2.8163819313049316,-2.7751448154449463,-2.7341082096099854,-2.69417667388916,-2.654451608657837,-2.6138792037963867,-2.5729260444641113,-2.5321409702301025,-2.491438865661621,-2.450723886489868,-2.411179304122925,-2.371349811553955,-2.3306827545166016,-2.290097236633301,-2.249964714050293,-2.2088143825531006,-2.168632745742798,-2.1290347576141357,-2.0861921310424805,-2.045975685119629,-2.0076067447662354,-1.9658010005950928,-1.928472876548767,-1.8900319337844849,-1.8490921258926392,-1.8069796562194824,-1.7669023275375366,-1.7270978689193726,-1.6863631010055542,-1.6485965251922607,-1.6095303297042847,-1.5676630735397339,-1.5246926546096802,-1.4811736345291138,-1.4443563222885132,-1.4014025926589966,-1.3633590936660767,-1.3227488994598389,-1.2844204902648926,-1.2445467710494995,-1.2045572996139526,-1.1648398637771606,-1.1195652484893799,-1.078808307647705,-1.0381523370742798,-1.0045626163482666,-0.9565358757972717,-0.9157537221908569,-0.8784569501876831,-0.8384859561920166,-0.7994424700737,-0.7550278306007385,-0.7053249478340149,-0.6711472868919373,-0.6383150219917297,-0.5914914608001709,-0.558107316493988,-0.5098874568939209,-0.4697645902633667,-0.43269190192222595,-0.3960734009742737,-0.3419167995452881,-0.30849552154541016,-0.27616533637046814,-0.24313771724700928,-0.19654899835586548,-0.14891701936721802,-0.10251929610967636,-0.0692673772573471,0.0010813665576279163,0.05656226724386215,0.10788344591856003,0.11422694474458694,0.16011345386505127,0.21247176826000214,0.2946541905403137],"files":["scales.webp"]},"quats":{"files":["quats.webp"]},