{"version":2,"count":524739,"means":{"mins":[-7.5847856691352815,-3.012309164284627,-6.628396705579353],"maxs":[-0.47105075910565164,7.5876708362151595,1.9558025671343244],"files":["means_l.webp","means_u.webp"]},"scales":{"codebook":[-9.999435424804688,-9.96838665008545,-9.929206848144531,-9.884533882141113,-9.833770751953125,-9.779848098754883,-9.72531509399414,-9.67045783996582,-9.615842819213867,-9.561026573181152,-9.507284164428711,-9.452750205993652,-9.398053169250488,-9.343732833862305,-9.288498878479004,-9.23396110534668,-9.179978370666504,-9.127143859863281,-9.072702407836914,-9.017395973205566,-8.961444854736328,-8.907814025878906,-8.854357719421387,-8.800108909606934,-8.74634075164795,-8.691131591796875,-8.636019706726074,-8.58151912689209,-8.525910377502441,-8.47148323059082,-8.418464660644531,-8.362483024597168,-8.30780029296875,-8.253737449645996,-8.199641227722168,-8.145265579223633,-8.09034252166748,-8.036601066589355,-7.982881546020508,-7.928591728210449,-7.872889518737793,-7.816312789916992,-7.760462284088135,-7.706249237060547,-7.6508049964904785,-7.595764636993408,-7.541961193084717,-7.487907886505127,-7.433862209320068,-7.379560947418213,-7.325123310089111,-7.27104377746582,-7.2165727615356445,-7.162520885467529,-7.1071882247924805,-7.051806449890137,-6.996913433074951,-6.943646430969238,-6.890242099761963,-6.835676670074463,-6.780012130737305,-6.725052833557129,-6.670020580291748,-6.615320205688477,-6.560604095458984,-6.507386684417725,-6.453670978546143,-6.399350643157959,-6.344560623168945,-6.290059566497803,-6.235535144805908,-6.181600570678711,-6.127074718475342,-6.072051048278809,-6.017373561859131,-5.9630303382873535,-5.908778190612793,-5.853935718536377,-5.7989606857299805,-5.744348526000977,-5.689598560333252,-5.634543418884277,-5.5795416831970215,-5.524888038635254,-5.47006893157959,-5.415175914764404,-5.361205577850342,-5.306889533996582,-5.252863883972168,-5.199642181396484,-5.1468329429626465,-5.09616756439209,-5.048835277557373,-5.003564834594727,-4.958388805389404,-4.91356897354126,-4.866209506988525,-4.815711975097656,-4.762984752655029,-4.708519458770752,-4.653927803039551,-4.599475383758545,-4.545927047729492,-4.493101119995117,-4.443619251251221,-4.396564960479736,-4.35153341293335,-4.306472301483154,-4.260325908660889,-4.211512565612793,-4.1606950759887695,-4.107367992401123,-4.053406715393066,-3.999432325363159,-3.9453506469726562,-3.8909244537353516,-3.8367605209350586,-3.782095432281494,-3.727815866470337,-3.673219680786133,-3.6186606884002686,-3.5640907287597656,-3.509441614151001,-3.4544787406921387,-3.400303840637207,-3.345522403717041,-3.290907144546509,-3.2367098331451416,-3.181999683380127,-3.1275577545166016,-3.072963237762451,-3.0184051990509033,-2.963413715362549,-2.908750057220459,-2.853912591934204,-2.7991292476654053,-2.744814157485962,-2.690052032470703,-2.635786294937134,-2.5814156532287598,-2.5263831615448,-2.4720818996429443,-2.418360471725464,-2.363527297973633,-2.3090295791625977,-2.254149913787842,-2.1987380981445312,-2.143883228302002,-2.089656352996826,-2.0371053218841553,-1.987219214439392,-1.9306018352508545,-1.874503493309021,-1.8191437721252441,-1.7643526792526245,-1.7094223499298096,-1.6555029153823853,-1.6008366346359253,-1.5462901592254639,-1.4918105602264404,-1.4370216131210327,-1.382675290107727,-1.328518271446228,-1.2747851610183716,-1.220400094985962,-1.1659252643585205,-1.1107518672943115,-1.0554403066635132,-1.0016802549362183,-0.9465939402580261,-0.8918595314025879,-0.8368750214576721,-0.7830681800842285,-0.7281846404075623,-0.6736851334571838,-0.6161831021308899,-0.5620790719985962,-0.5086427927017212,-0.45614731311798096,-0.4041171371936798,-0.3500707447528839,-0.29518014192581177,-0.2404894232749939,-0.1867605447769165,-0.13050715625286102,-0.07769764959812164,-0.023133642971515656,0.032779429107904434,0.08906787633895874,0.14358176290988922,0.19943326711654663,0.25443926453590393,0.30831634998321533,0.366049587726593,0.4202326834201813,0.47535234689712524,0.5298304557800293,0.5841487646102905,0.6404544711112976,0.6955625414848328,0.753268301486969,0.8032456040382385,0.853144645690918,0.9017937183380127,0.9578961133956909,1.012302279472351,1.0656532049179077,1.1165637969970703,1.1647436618804932,1.229162573814392,1.2844858169555664,1.3317698240280151,1.38752019405365,1.463657021522522,1.508002519607544,1.5655527114868164,1.6378828287124634,1.6907585859298706,1.737426996231079,1.7712290287017822,1.8358287811279297,1.9017213582992554,1.9565621614456177,2.000655174255371,2.0596539974212646,2.1146302223205566,2.1609926223754883,2.211578369140625,2.2841367721557617,2.332796812057495,2.387712240219116,2.4329755306243896,2.48929500579834,2.540250301361084,2.6067142486572266,2.6598141193389893,2.7220489978790283,2.7822468280792236,2.823625087738037,2.88594913482666,2.9262404441833496,2.957216262817383,3.019533634185791,3.1107194423675537,3.1538467407226562,3.223010540008545,3.266955852508545,3.323876142501831,3.3859715461730957,3.4223523139953613,3.4731345176696777,3.54228138923645,3.6007680892944336,3.6644041538238525,3.8698620796203613,3.911271572113037],"files":["scales.webp"]},"quats":{"files":["quats.webp"]},