{"version":2,"count":528292,"means":{"mins":[1.9224780406926478,-3.458250822239511,-0.9595173798934334],"maxs":[4.208549857554301,-2.6385003649776535,2.9608321539751903],"files":["means_l.webp","means_u.webp"]},"scales":{"codebook":[-9.999406814575195,-9.95705795288086,-9.91262149810791,-9.868146896362305,-9.82366943359375,-9.77857494354248,-9.733327865600586,-9.689064979553223,-9.645548820495605,-9.601883888244629,-9.557588577270508,-9.512733459472656,-9.469021797180176,-9.424927711486816,-9.382190704345703,-9.337601661682129,-9.293221473693848,-9.24843978881836,-9.20335865020752,-9.158988952636719,-9.115195274353027,-9.071746826171875,-9.02868366241455,-8.984161376953125,-8.939820289611816,-8.895163536071777,-8.850834846496582,-8.807388305664062,-8.763628959655762,-8.719232559204102,-8.674443244934082,-8.630849838256836,-8.587316513061523,-8.543478012084961,-8.499222755432129,-8.454771995544434,-8.410265922546387,-8.366256713867188,-8.320838928222656,-8.27586555480957,-8.230741500854492,-8.186508178710938,-8.14242935180664,-8.099056243896484,-8.055294036865234,-8.01124095916748,-7.967562675476074,-7.923191547393799,-7.877974033355713,-7.8333587646484375,-7.789024353027344,-7.745153903961182,-7.700969696044922,-7.656066417694092,-7.612258434295654,-7.568459987640381,-7.525118827819824,-7.481190204620361,-7.437230587005615,-7.393305778503418,-7.348818778991699,-7.304540634155273,-7.259956359863281,-7.215475559234619,-7.171562671661377,-7.127065181732178,-7.082118511199951,-7.037757873535156,-6.993645668029785,-6.949764251708984,-6.905514717102051,-6.86098051071167,-6.816347599029541,-6.772174835205078,-6.727387428283691,-6.6832756996154785,-6.639386177062988,-6.595737457275391,-6.5528154373168945,-6.510733604431152,-6.471348285675049,-6.4340739250183105,-6.398073196411133,-6.361666202545166,-6.323672294616699,-6.283766746520996,-6.241688251495361,-6.198702812194824,-6.154879570007324,-6.110842227935791,-6.067501068115234,-6.023542404174805,-5.979325294494629,-5.935210704803467,-5.890780448913574,-5.846816062927246,-5.802558898925781,-5.75801420211792,-5.713995933532715,-5.669743061065674,-5.625689506530762,-5.5811767578125,-5.536728382110596,-5.492864608764648,-5.448855400085449,-5.4051103591918945,-5.361372470855713,-5.317530632019043,-5.272891521453857,-5.228323459625244,-5.183960914611816,-5.139859676361084,-5.095916748046875,-5.051959991455078,-5.007788181304932,-4.963962078094482,-4.919536113739014,-4.874729156494141,-4.83070707321167,-4.786088466644287,-4.74143648147583,-4.696934223175049,-4.652589797973633,-4.608467102050781,-4.564314365386963,-4.520388603210449,-4.476357936859131,-4.432267665863037,-4.388314247131348,-4.343733310699463,-4.299093723297119,-4.254851341247559,-4.2106146812438965,-4.1666579246521,-4.122540473937988,-4.078408241271973,-4.034287929534912,-3.989697217941284,-3.9452826976776123,-3.901019811630249,-3.8570265769958496,-3.812394618988037,-3.768763542175293,-3.7252585887908936,-3.6814029216766357,-3.636812210083008,-3.5927278995513916,-3.5481619834899902,-3.5036709308624268,-3.459967851638794,-3.416609764099121,-3.373056411743164,-3.3297488689422607,-3.286729097366333,-3.245716094970703,-3.2071335315704346,-3.1706974506378174,-3.1366989612579346,-3.104283332824707,-3.0721750259399414,-3.038893699645996,-3.003856897354126,-2.966662645339966,-2.927478551864624,-2.8859832286834717,-2.844611167907715,-2.8039965629577637,-2.7664525508880615,-2.730039358139038,-2.6943416595458984,-2.6568496227264404,-2.6177237033843994,-2.576108932495117,-2.531980514526367,-2.4881186485290527,-2.444683313369751,-2.401254415512085,-2.3575546741485596,-2.3131847381591797,-2.2688543796539307,-2.22253155708313,-2.176557779312134,-2.131678819656372,-2.0879788398742676,-2.046027898788452,-2.0065131187438965,-1.9617443084716797,-1.916273832321167,-1.871354341506958,-1.8280043601989746,-1.7830157279968262,-1.7390872240066528,-1.6961909532546997,-1.6532986164093018,-1.6106693744659424,-1.5665113925933838,-1.5222151279449463,-1.4765740633010864,-1.4311285018920898,-1.3865456581115723,-1.3411608934402466,-1.296862244606018,-1.2535884380340576,-1.2108848094940186,-1.1683200597763062,-1.1253403425216675,-1.083949089050293,-1.0387308597564697,-0.9932708740234375,-0.9462766051292419,-0.9035947322845459,-0.8606843948364258,-0.8150811791419983,-0.7668831944465637,-0.7200666069984436,-0.6758240461349487,-0.6342185139656067,-0.5875478982925415,-0.5434719920158386,-0.49924662709236145,-0.4552478790283203,-0.41053593158721924,-0.36573949456214905,-0.3244524598121643,-0.2805598974227905,-0.23237520456314087,-0.19036631286144257,-0.14817558228969574,-0.10013671964406967,-0.05089883878827095,-0.008463193662464619,0.0360499732196331,0.0768149346113205,0.11538266390562057,0.1624423861503601,0.20819219946861267,0.25107207894325256,0.29635167121887207,0.33879518508911133,0.3871324360370636,0.4460704028606415,0.47027668356895447,0.5054633617401123,0.5611184239387512,0.5999761819839478,0.6508110761642456,0.6869698762893677,0.7272564172744751,0.796124279499054,0.808323323726654,0.8523005843162537,0.9068741202354431,0.9673822522163391,1.0212782621383667,1.1746654510498047,1.2683278322219849],"files":["scales.webp"]},"quats":{"files":["quats.webp"]},