{"version":2,"count":588782,"means":{"mins":[-1.6103216732611743,-3.892144416995039,-0.9128364772066005],"maxs":[1.9224746236900543,-2.888367352243632,2.96676065450036],"files":["means_l.webp","means_u.webp"]},"scales":{"codebook":[-9.998886108398438,-9.962686538696289,-9.919297218322754,-9.876349449157715,-9.835156440734863,-9.793954849243164,-9.752315521240234,-9.711745262145996,-9.67049789428711,-9.628849029541016,-9.587396621704102,-9.546446800231934,-9.505239486694336,-9.464357376098633,-9.423288345336914,-9.382519721984863,-9.343887329101562,-9.308208465576172,-9.273964881896973,-9.240250587463379,-9.205334663391113,-9.168482780456543,-9.130277633666992,-9.090860366821289,-9.050732612609863,-9.009688377380371,-8.968088150024414,-8.926986694335938,-8.886466979980469,-8.845086097717285,-8.803648948669434,-8.76302433013916,-8.722938537597656,-8.681024551391602,-8.63913631439209,-8.597086906433105,-8.555778503417969,-8.515288352966309,-8.47495174407959,-8.434419631958008,-8.39291000366211,-8.351165771484375,-8.30856704711914,-8.266852378845215,-8.226401329040527,-8.185572624206543,-8.145270347595215,-8.10542106628418,-8.067113876342773,-8.03058910369873,-7.9955291748046875,-7.961287498474121,-7.927167892456055,-7.891715049743652,-7.855086803436279,-7.816918849945068,-7.779539108276367,-7.745516777038574,-7.714076995849609,-7.685246467590332,-7.657088756561279,-7.627634048461914,-7.596193313598633,-7.562082767486572,-7.524942398071289,-7.485567092895508,-7.4455084800720215,-7.405730724334717,-7.367750644683838,-7.331333160400391,-7.296337127685547,-7.262696266174316,-7.227952003479004,-7.191352367401123,-7.152453899383545,-7.112578392028809,-7.072137832641602,-7.031697750091553,-6.990676403045654,-6.949577808380127,-6.908414363861084,-6.866777420043945,-6.825780391693115,-6.784257411956787,-6.742881774902344,-6.7015767097473145,-6.660262107849121,-6.618894100189209,-6.57829475402832,-6.539217948913574,-6.501979351043701,-6.467180252075195,-6.435417175292969,-6.406351089477539,-6.378302097320557,-6.350657939910889,-6.3228373527526855,-6.2941131591796875,-6.264194011688232,-6.232110977172852,-6.198153018951416,-6.161837577819824,-6.123488903045654,-6.084193706512451,-6.0456719398498535,-6.008747100830078,-5.975029945373535,-5.945667266845703,-5.9203410148620605,-5.8985276222229,-5.878942489624023,-5.859241962432861,-5.8377685546875,-5.813381671905518,-5.786556720733643,-5.758183002471924,-5.730597019195557,-5.705021858215332,-5.681624412536621,-5.659411430358887,-5.637011528015137,-5.612593173980713,-5.585860729217529,-5.557229042053223,-5.526847839355469,-5.494649410247803,-5.460981369018555,-5.426620006561279,-5.392487049102783,-5.35883092880249,-5.325620174407959,-5.291935443878174,-5.256505489349365,-5.218935966491699,-5.1797099113464355,-5.139129638671875,-5.098752975463867,-5.059943675994873,-5.022869110107422,-4.9880051612854,-4.954237461090088,-4.920122146606445,-4.884751319885254,-4.847231388092041,-4.80792236328125,-4.767684459686279,-4.727121353149414,-4.686086177825928,-4.644587993621826,-4.6031904220581055,-4.561803340911865,-4.520604610443115,-4.4788923263549805,-4.437559127807617,-4.396143913269043,-4.355003833770752,-4.313816547393799,-4.272322177886963,-4.230963230133057,-4.189542770385742,-4.148042678833008,-4.106899261474609,-4.0655598640441895,-4.025014877319336,-3.983760356903076,-3.942171335220337,-3.901010513305664,-3.85943865776062,-3.817962646484375,-3.7766242027282715,-3.73561954498291,-3.694491386413574,-3.6532819271087646,-3.611858606338501,-3.571052074432373,-3.530433416366577,-3.489173412322998,-3.44755482673645,-3.40732741355896,-3.366084098815918,-3.3245034217834473,-3.2831854820251465,-3.242804765701294,-3.2025859355926514,-3.161653757095337,-3.120481491088867,-3.078664779663086,-3.0363657474517822,-2.9950342178344727,-2.9547364711761475,-2.9139113426208496,-2.872727632522583,-2.830298900604248,-2.7897841930389404,-2.7483437061309814,-2.7083451747894287,-2.6667730808258057,-2.6269288063049316,-2.5844764709472656,-2.542550563812256,-2.501084327697754,-2.4581868648529053,-2.416414976119995,-2.375718355178833,-2.3337106704711914,-2.2937326431274414,-2.2508113384246826,-2.2118351459503174,-2.170034408569336,-2.1249876022338867,-2.0848100185394287,-2.0441365242004395,-2.0064804553985596,-1.9688340425491333,-1.9321069717407227,-1.8901108503341675,-1.8460919857025146,-1.8019641637802124,-1.7574975490570068,-1.7157847881317139,-1.6773935556411743,-1.6425851583480835,-1.6023297309875488,-1.5596299171447754,-1.507437825202942,-1.467097520828247,-1.4320076704025269,-1.3907380104064941,-1.3458542823791504,-1.3035780191421509,-1.2614057064056396,-1.2217152118682861,-1.1788763999938965,-1.1418263912200928,-1.0989344120025635,-1.0490154027938843,-1.0152668952941895,-0.9888244271278381,-0.9506648182868958,-0.894580602645874,-0.8543882966041565,-0.8186460137367249,-0.733637809753418,-0.6870872378349304,-0.6422186493873596,-0.6139320135116577,-0.5721139907836914,-0.5118761658668518,-0.4376440644264221,-0.3555583655834198,-0.2321028709411621,-0.14737844467163086,-0.1275472640991211,-0.03144257515668869,0.1817415952682495,0.5095078945159912],"files":["scales.webp"]},"quats":{"files":["quats.webp"]},