{"version":2,"count":531578,"means":{"mins":[-2.5377161376941406,-1.4827205513680564,-1.2993512778838938],"maxs":[4.313100245700691,3.110346978833517,3.033135007428639],"files":["means_l.webp","means_u.webp"]},"scales":{"codebook":[-9.9990816116333,-9.954466819763184,-9.909200668334961,-9.86402416229248,-9.820192337036133,-9.776371002197266,-9.732760429382324,-9.688817977905273,-9.644583702087402,-9.600610733032227,-9.556169509887695,-9.512053489685059,-9.466639518737793,-9.421142578125,-9.375748634338379,-9.33156967163086,-9.287951469421387,-9.243053436279297,-9.199540138244629,-9.156067848205566,-9.11266040802002,-9.068379402160645,-9.022797584533691,-8.978761672973633,-8.934211730957031,-8.890096664428711,-8.8455171585083,-8.801620483398438,-8.757439613342285,-8.713566780090332,-8.66854476928711,-8.62413501739502,-8.57864761352539,-8.534585952758789,-8.49232006072998,-8.448887825012207,-8.403414726257324,-8.35773754119873,-8.312374114990234,-8.268838882446289,-8.224597930908203,-8.181400299072266,-8.140331268310547,-8.101327896118164,-8.064360618591309,-8.027809143066406,-7.991254806518555,-7.951961040496826,-7.911615371704102,-7.869717597961426,-7.8264384269714355,-7.782253265380859,-7.737624168395996,-7.693192958831787,-7.648026943206787,-7.603171348571777,-7.559449195861816,-7.514883518218994,-7.470097541809082,-7.425817489624023,-7.38145637512207,-7.336132049560547,-7.292004108428955,-7.247629642486572,-7.202981948852539,-7.158801078796387,-7.114007472991943,-7.068907260894775,-7.023856163024902,-6.979493618011475,-6.934665203094482,-6.890771389007568,-6.846980094909668,-6.802927494049072,-6.758949279785156,-6.714844703674316,-6.67024564743042,-6.6257548332214355,-6.582136154174805,-6.5375518798828125,-6.493124485015869,-6.448851108551025,-6.405027866363525,-6.360666275024414,-6.316305160522461,-6.2711262702941895,-6.226870536804199,-6.182613372802734,-6.138125419616699,-6.093577861785889,-6.049741268157959,-6.005964756011963,-5.961812973022461,-5.917363166809082,-5.873020172119141,-5.828744888305664,-5.783576965332031,-5.738656997680664,-5.694332599639893,-5.650358200073242,-5.6058573722839355,-5.561253547668457,-5.516384601593018,-5.472107410430908,-5.4285807609558105,-5.384766101837158,-5.341490745544434,-5.300235271453857,-5.260675430297852,-5.223180770874023,-5.186679840087891,-5.149603843688965,-5.110474109649658,-5.069352149963379,-5.026906967163086,-4.983109951019287,-4.939417839050293,-4.895683288574219,-4.851251602172852,-4.806719779968262,-4.7623419761657715,-4.718253135681152,-4.67399263381958,-4.629648208618164,-4.584932327270508,-4.540785312652588,-4.496715545654297,-4.452298164367676,-4.407608509063721,-4.36314582824707,-4.318841457366943,-4.274471282958984,-4.229616165161133,-4.185431003570557,-4.141368865966797,-4.0974225997924805,-4.0533881187438965,-4.009406566619873,-3.9651949405670166,-3.920365810394287,-3.8756861686706543,-3.8312573432922363,-3.7871506214141846,-3.742896318435669,-3.698300361633301,-3.653904914855957,-3.6097168922424316,-3.565624713897705,-3.521527051925659,-3.4768455028533936,-3.4320569038391113,-3.387850046157837,-3.344080686569214,-3.3006138801574707,-3.2581470012664795,-3.217411518096924,-3.178786277770996,-3.141725540161133,-3.105544090270996,-3.0683019161224365,-3.0288569927215576,-2.9873740673065186,-2.9443860054016113,-2.900202989578247,-2.8568220138549805,-2.812443256378174,-2.7681400775909424,-2.7243316173553467,-2.6803131103515625,-2.6371757984161377,-2.5953822135925293,-2.556568145751953,-2.5201451778411865,-2.4836068153381348,-2.447016477584839,-2.4084208011627197,-2.3675942420959473,-2.324848175048828,-2.2806241512298584,-2.2360002994537354,-2.190434217453003,-2.1450302600860596,-2.099055290222168,-2.0543627738952637,-2.010335683822632,-1.9685020446777344,-1.925808072090149,-1.8821057081222534,-1.8379853963851929,-1.7939609289169312,-1.7502903938293457,-1.7053205966949463,-1.660144329071045,-1.6156798601150513,-1.5704801082611084,-1.5256825685501099,-1.481615662574768,-1.4362126588821411,-1.3932815790176392,-1.3497511148452759,-1.3057258129119873,-1.2619506120681763,-1.2166794538497925,-1.1724439859390259,-1.1277016401290894,-1.083569049835205,-1.0402560234069824,-0.9959107041358948,-0.9523158669471741,-0.9085338115692139,-0.8638052344322205,-0.8182410597801208,-0.7727845907211304,-0.727235734462738,-0.6836397647857666,-0.6398643851280212,-0.5947296619415283,-0.55167555809021,-0.5079560279846191,-0.46529147028923035,-0.41891881823539734,-0.37168222665786743,-0.324964702129364,-0.280381977558136,-0.23988725244998932,-0.19019466638565063,-0.1463703215122223,-0.10047824680805206,-0.05743364617228508,-0.014132998883724213,0.03112216107547283,0.06927570700645447,0.1102733314037323,0.15268632769584656,0.20437468588352203,0.2494708150625229,0.2978214919567108,0.3422151803970337,0.3735044598579407,0.4239722192287445,0.48107290267944336,0.5251463651657104,0.5544979572296143,0.6026665568351746,0.652890682220459,0.6920902132987976,0.7383772134780884,0.8051968216896057,0.8334569334983826,0.8623983263969421,0.9610439538955688,1.0261199474334717,1.062434196472168,1.1031044721603394,1.1249364614486694,1.3162531852722168],"files":["scales.webp"]},"quats":{"files":["quats.webp"]},