{"version":2,"count":524336,"means":{"mins":[-6.86631085008748,-6.516644056644541,-4.783782007156483],"maxs":[4.59304836769197,6.22498310751578,0],"files":["means_l.webp","means_u.webp"]},"scales":{"codebook":[-10,-9.922369956970215,-9.901350021362305,-7.755586624145508,-7.191838264465332,-7.122708797454834,-6.927938938140869,-6.738168716430664,-6.531826019287109,-6.461115837097168,-6.2582268714904785,-6.244404315948486,-6.137654781341553,-6.066393852233887,-5.915334224700928,-5.858552932739258,-5.784127235412598,-5.668155670166016,-5.635956764221191,-5.568650722503662,-5.466216087341309,-5.384106636047363,-5.356265544891357,-5.304904460906982,-5.303421974182129,-5.2315168380737305,-5.173644542694092,-5.163149356842041,-5.09915828704834,-5.037435531616211,-4.982287883758545,-4.935611724853516,-4.876150608062744,-4.806917667388916,-4.756285190582275,-4.693901538848877,-4.660497188568115,-4.595696926116943,-4.544281005859375,-4.4893317222595215,-4.421026229858398,-4.374477386474609,-4.330693244934082,-4.272616386413574,-4.218512058258057,-4.1731696128845215,-4.1211323738098145,-4.06339168548584,-4.009045124053955,-3.9477627277374268,-3.892866373062134,-3.860349416732788,-3.8281264305114746,-3.7864248752593994,-3.7376883029937744,-3.6819849014282227,-3.628618001937866,-3.5802290439605713,-3.5345535278320312,-3.4988014698028564,-3.460695505142212,-3.419005870819092,-3.3778817653656006,-3.340811252593994,-3.298184394836426,-3.252077102661133,-3.2003071308135986,-3.1465940475463867,-3.0983877182006836,-3.062220573425293,-3.0276219844818115,-2.9844906330108643,-2.94278621673584,-2.911862373352051,-2.885594606399536,-2.8544609546661377,-2.817366123199463,-2.7763559818267822,-2.740225076675415,-2.7046618461608887,-2.6753361225128174,-2.6433520317077637,-2.605928421020508,-2.570751428604126,-2.5393826961517334,-2.50907039642334,-2.47558856010437,-2.4374167919158936,-2.3968636989593506,-2.3562357425689697,-2.3160674571990967,-2.278184413909912,-2.2372326850891113,-2.194242477416992,-2.154937505722046,-2.1166181564331055,-2.0772595405578613,-2.0405900478363037,-2.0051183700561523,-1.971185326576233,-1.938845157623291,-1.906375765800476,-1.874279499053955,-1.8405201435089111,-1.8048945665359497,-1.7717622518539429,-1.7434993982315063,-1.7208243608474731,-1.7020385265350342,-1.681898832321167,-1.657546043395996,-1.629826307296753,-1.5974271297454834,-1.5610421895980835,-1.5238006114959717,-1.4830307960510254,-1.4371856451034546,-1.3907177448272705,-1.3477684259414673,-1.305614709854126,-1.2616710662841797,-1.216327428817749,-1.1703428030014038,-1.1247144937515259,-1.0796188116073608,-1.0389227867126465,-1.003523349761963,-0.9724668860435486,-0.9448779821395874,-0.9214890003204346,-0.9012603163719177,-0.8826547861099243,-0.8627533912658691,-0.8398811221122742,-0.8144081234931946,-0.7862834334373474,-0.7568772435188293,-0.7284772396087646,-0.7025866508483887,-0.6785651445388794,-0.656139075756073,-0.633329451084137,-0.6094632148742676,-0.5835822224617004,-0.5557379126548767,-0.5276029109954834,-0.49882078170776367,-0.47031864523887634,-0.4435970187187195,-0.4199412167072296,-0.39943382143974304,-0.3806941509246826,-0.3610624670982361,-0.3394085466861725,-0.31557416915893555,-0.2907441258430481,-0.26738041639328003,-0.2453077882528305,-0.22583624720573425,-0.20700980722904205,-0.18587574362754822,-0.16076433658599854,-0.13181938230991364,-0.10048740357160568,-0.0691937729716301,-0.04076312482357025,-0.016371361911296844,0.005566799081861973,0.02764795534312725,0.050002336502075195,0.07159920036792755,0.09251808375120163,0.11164068430662155,0.13044920563697815,0.1502988189458847,0.17223577201366425,0.1958675980567932,0.22011001408100128,0.24528105556964874,0.27309727668762207,0.3037213683128357,0.3369242250919342,0.3698309361934662,0.4006122350692749,0.42691901326179504,0.4488256871700287,0.46791204810142517,0.48579105734825134,0.5051489472389221,0.5271450877189636,0.5519858598709106,0.5794965028762817,0.6084625124931335,0.6378967761993408,0.6672250032424927,0.6977272033691406,0.7300231456756592,0.7645240426063538,0.7995942234992981,0.834312915802002,0.8670287728309631,0.8989090919494629,0.9294067025184631,0.9596615433692932,0.9911269545555115,1.0244145393371582,1.059997797012329,1.0976626873016357,1.1368391513824463,1.1779582500457764,1.218695044517517,1.2590789794921875,1.3023746013641357,1.348961591720581,1.3963532447814941,1.4450311660766602,1.493005394935608,1.5379304885864258,1.5831263065338135,1.6265662908554077,1.6702791452407837,1.718672752380371,1.7682123184204102,1.8186191320419312,1.8699061870574951,1.9228557348251343,1.9737768173217773,2.025500535964966,2.078552722930908,2.132894515991211,2.188453435897827,2.245378255844116,2.304563045501709,2.358978033065796,2.4100139141082764,2.458883047103882,2.5124807357788086,2.566439390182495,2.618088722229004,2.673121213912964,2.7265920639038086,2.7992522716522217,2.8544092178344727,2.897564649581909,2.9488556385040283,3.0084476470947266,3.0591742992401123,3.110567808151245,3.149319648742676,3.226321220397949,3.2726891040802,3.331423759460449,3.3791000843048096,3.419626474380493,3.5994820594787598,3.6471714973449707],"files":["scales.webp"]},"quats":{"files":["quats.webp"]},