{"version":2,"count":525383,"means":{"mins":[-4.074183750821053,-4.748264661607187,-1.0092470762973509],"maxs":[2.669489670371175,-3.8921480747979285,3.0733473566603577],"files":["means_l.webp","means_u.webp"]},"scales":{"codebook":[-9.99953842163086,-9.978636741638184,-9.944890022277832,-9.903043746948242,-9.858038902282715,-9.81135082244873,-9.76424503326416,-9.717475891113281,-9.669719696044922,-9.621939659118652,-9.574049949645996,-9.526666641235352,-9.480188369750977,-9.432859420776367,-9.385340690612793,-9.337334632873535,-9.290690422058105,-9.245140075683594,-9.199874877929688,-9.156549453735352,-9.115259170532227,-9.076406478881836,-9.037654876708984,-8.997038841247559,-8.954041481018066,-8.909651756286621,-8.864093780517578,-8.81789493560791,-8.770252227783203,-8.722168922424316,-8.673983573913574,-8.627066612243652,-8.580604553222656,-8.534493446350098,-8.48861026763916,-8.4442138671875,-8.402166366577148,-8.36264419555664,-8.324248313903809,-8.282984733581543,-8.241009712219238,-8.197264671325684,-8.152303695678711,-8.104456901550293,-8.05665397644043,-8.010368347167969,-7.963922500610352,-7.916224479675293,-7.8683319091796875,-7.821107387542725,-7.773414611816406,-7.725816249847412,-7.678307056427002,-7.630253791809082,-7.582764625549316,-7.535981178283691,-7.489803314208984,-7.4416985511779785,-7.394258975982666,-7.34714937210083,-7.299149036407471,-7.251035213470459,-7.203763008117676,-7.155905723571777,-7.109859943389893,-7.062482833862305,-7.01519250869751,-6.967758655548096,-6.920295715332031,-6.873405933380127,-6.825345039367676,-6.77679967880249,-6.729724407196045,-6.682561874389648,-6.634521961212158,-6.586777210235596,-6.539957046508789,-6.494393348693848,-6.447444438934326,-6.400573253631592,-6.352882385253906,-6.305093765258789,-6.257375240325928,-6.210875988006592,-6.162848949432373,-6.115062236785889,-6.067683696746826,-6.019531726837158,-5.972073554992676,-5.925308704376221,-5.87834358215332,-5.830495834350586,-5.783339977264404,-5.736602306365967,-5.689691066741943,-5.641952991485596,-5.593613624572754,-5.545947074890137,-5.498849391937256,-5.451963424682617,-5.403879642486572,-5.356205463409424,-5.308341026306152,-5.260387897491455,-5.213323593139648,-5.166371822357178,-5.1195454597473145,-5.072356224060059,-5.024788856506348,-4.977832794189453,-4.930697441101074,-4.8830976486206055,-4.834360122680664,-4.786388874053955,-4.739611625671387,-4.692758560180664,-4.6455206871032715,-4.598341941833496,-4.550547122955322,-4.5031585693359375,-4.455590724945068,-4.408483028411865,-4.361076831817627,-4.313514232635498,-4.265936374664307,-4.2182936668396,-4.170724868774414,-4.123660087585449,-4.076692581176758,-4.029592514038086,-3.9821512699127197,-3.935166120529175,-3.8879611492156982,-3.8405847549438477,-3.793602466583252,-3.7466964721679688,-3.700437307357788,-3.656374216079712,-3.615316867828369,-3.577352523803711,-3.5435664653778076,-3.513390302658081,-3.484339714050293,-3.454784870147705,-3.423544406890869,-3.3894729614257812,-3.3529586791992188,-3.3130621910095215,-3.270155429840088,-3.225241184234619,-3.178860902786255,-3.131620168685913,-3.0845372676849365,-3.037067174911499,-2.989778995513916,-2.9432637691497803,-2.897639751434326,-2.8540444374084473,-2.812394380569458,-2.7730307579040527,-2.734652042388916,-2.6952555179595947,-2.653379201889038,-2.6089694499969482,-2.5630452632904053,-2.515986919403076,-2.46885347366333,-2.4214260578155518,-2.3738534450531006,-2.326472282409668,-2.2787046432495117,-2.230480670928955,-2.181062698364258,-2.132411241531372,-2.085663318634033,-2.0440776348114014,-2.0064330101013184,-1.9571483135223389,-1.9073677062988281,-1.857433557510376,-1.807844877243042,-1.759774088859558,-1.7132397890090942,-1.6665122509002686,-1.61953604221344,-1.5721834897994995,-1.5250093936920166,-1.4779994487762451,-1.430077314376831,-1.3814821243286133,-1.3338316679000854,-1.2866588830947876,-1.2397013902664185,-1.194175124168396,-1.1467677354812622,-1.0981404781341553,-1.0507681369781494,-1.0031673908233643,-0.9553864598274231,-0.9092966318130493,-0.8616825938224792,-0.8135672211647034,-0.7649739980697632,-0.7188930511474609,-0.67173832654953,-0.6274435520172119,-0.5809415578842163,-0.5283539891242981,-0.47972604632377625,-0.4342963695526123,-0.38862016797065735,-0.34030747413635254,-0.2922634780406952,-0.24714699387550354,-0.1978389322757721,-0.1493680477142334,-0.09952320903539658,-0.05392136424779892,-0.010044586844742298,0.03235844522714615,0.07410388439893723,0.12559230625629425,0.18202193081378937,0.2326841503381729,0.28108787536621094,0.32324355840682983,0.37434691190719604,0.4237214922904968,0.4713134467601776,0.5213714241981506,0.5666240453720093,0.6086844205856323,0.6558328866958618,0.7108070254325867,0.7564427256584167,0.7958211302757263,0.8365124464035034,0.8815897107124329,0.9354102611541748,0.991836667060852,1.0400688648223877,1.0819618701934814,1.1309512853622437,1.1838979721069336,1.226298451423645,1.2667930126190186,1.318919062614441,1.3699604272842407,1.4109383821487427,1.4855644702911377,1.514393925666809,1.5775724649429321,1.6082172393798828,1.6459085941314697,2.055954933166504,2.080116033554077],"files":["scales.webp"]},"quats":{"files":["quats.webp"]},