{"version":2,"count":525979,"means":{"mins":[-4.0740205816987505,-4.914106558026116,-1.0808194259486672],"maxs":[4.590765481965478,-3.8921481526233763,3.353668457165354],"files":["means_l.webp","means_u.webp"]},"scales":{"codebook":[-9.998845100402832,-9.964302062988281,-9.917781829833984,-9.868128776550293,-9.819708824157715,-9.772972106933594,-9.727049827575684,-9.681264877319336,-9.634758949279785,-9.588193893432617,-9.541967391967773,-9.49632740020752,-9.45100212097168,-9.40527057647705,-9.359676361083984,-9.314458847045898,-9.268784523010254,-9.222917556762695,-9.177629470825195,-9.13011360168457,-9.084953308105469,-9.03900146484375,-8.992975234985352,-8.946823120117188,-8.900971412658691,-8.854984283447266,-8.810651779174805,-8.765711784362793,-8.719633102416992,-8.673857688903809,-8.627922058105469,-8.581535339355469,-8.53575611114502,-8.49059009552002,-8.444660186767578,-8.396977424621582,-8.350494384765625,-8.304774284362793,-8.259716033935547,-8.21473217010498,-8.167461395263672,-8.122178077697754,-8.076547622680664,-8.031099319458008,-7.985335826873779,-7.937782287597656,-7.891623020172119,-7.846093654632568,-7.800292491912842,-7.754822254180908,-7.709897041320801,-7.66386604309082,-7.618318557739258,-7.573142051696777,-7.527565956115723,-7.4818291664123535,-7.435496807098389,-7.389969825744629,-7.345142364501953,-7.298725605010986,-7.253129482269287,-7.207698822021484,-7.161374092102051,-7.1141815185546875,-7.067883014678955,-7.0213422775268555,-6.976345062255859,-6.931175231933594,-6.884302616119385,-6.838805675506592,-6.793623447418213,-6.746471405029297,-6.699913501739502,-6.654770851135254,-6.610688209533691,-6.565887451171875,-6.519898414611816,-6.473761081695557,-6.428485870361328,-6.3815083503723145,-6.335048198699951,-6.288228511810303,-6.24269962310791,-6.197154998779297,-6.151605606079102,-6.106259822845459,-6.060596466064453,-6.014034271240234,-5.967921257019043,-5.9221062660217285,-5.8765387535095215,-5.830164909362793,-5.784563064575195,-5.738363742828369,-5.692866325378418,-5.647154331207275,-5.601325511932373,-5.55557107925415,-5.509756565093994,-5.4645161628723145,-5.418351173400879,-5.372147560119629,-5.325922966003418,-5.279814720153809,-5.234436511993408,-5.189123153686523,-5.143495559692383,-5.09726619720459,-5.0510125160217285,-5.004864692687988,-4.958923816680908,-4.912707805633545,-4.866655349731445,-4.821090221405029,-4.7756524085998535,-4.730209827423096,-4.6847662925720215,-4.639254570007324,-4.593489170074463,-4.5476603507995605,-4.5023298263549805,-4.4565277099609375,-4.41079044342041,-4.364417552947998,-4.318655967712402,-4.273060321807861,-4.227262020111084,-4.181562900543213,-4.135681629180908,-4.08980131149292,-4.043956279754639,-3.9978866577148438,-3.952453136444092,-3.9081552028656006,-3.865640163421631,-3.8254525661468506,-3.7870497703552246,-3.749971866607666,-3.7119908332824707,-3.671912908554077,-3.629467487335205,-3.5853705406188965,-3.5401859283447266,-3.4944236278533936,-3.449012041091919,-3.403095006942749,-3.357267141342163,-3.311508893966675,-3.265718936920166,-3.2199575901031494,-3.1741414070129395,-3.1284496784210205,-3.0829834938049316,-3.0374796390533447,-2.9916460514068604,-2.946178674697876,-2.9004621505737305,-2.8549273014068604,-2.8095717430114746,-2.7633142471313477,-2.7174723148345947,-2.6717474460601807,-2.625814914703369,-2.5795016288757324,-2.5339179039001465,-2.4878158569335938,-2.4418389797210693,-2.3961117267608643,-2.3502631187438965,-2.3043501377105713,-2.2579100131988525,-2.2111549377441406,-2.1639750003814697,-2.1172986030578613,-2.0733532905578613,-2.03521990776062,-2.00260066986084,-1.951102375984192,-1.9005011320114136,-1.8515915870666504,-1.8044248819351196,-1.7582460641860962,-1.7129278182983398,-1.6666908264160156,-1.6204922199249268,-1.5747334957122803,-1.5287693738937378,-1.4829655885696411,-1.436200499534607,-1.3905525207519531,-1.3449996709823608,-1.3000861406326294,-1.2543392181396484,-1.208211898803711,-1.1627827882766724,-1.1173458099365234,-1.0706334114074707,-1.0242373943328857,-0.9783076643943787,-0.9324586391448975,-0.887005627155304,-0.8400604724884033,-0.7937027215957642,-0.746646523475647,-0.70245760679245,-0.6562598943710327,-0.6096971035003662,-0.5619635581970215,-0.5171043872833252,-0.4726085066795349,-0.4291189908981323,-0.38352134823799133,-0.33831238746643066,-0.29195964336395264,-0.24371755123138428,-0.1959003359079361,-0.1495804488658905,-0.10853486508131027,-0.0674874559044838,-0.021440444514155388,0.027898095548152924,0.07345056533813477,0.11888682842254639,0.16332277655601501,0.2044447809457779,0.25104156136512756,0.3030073940753937,0.3573592007160187,0.4011388123035431,0.44526317715644836,0.48658737540245056,0.5333554148674011,0.5784817934036255,0.6187176704406738,0.6673538684844971,0.7179692387580872,0.767152726650238,0.8137345910072327,0.8648558855056763,0.9171895980834961,0.9592985510826111,0.9990530014038086,1.0372090339660645,1.0844805240631104,1.1471222639083862,1.1797575950622559,1.2185899019241333,1.2686108350753784,1.320920467376709,1.3619587421417236,1.3830844163894653,1.4522098302841187,1.499739170074463,1.5465632677078247,1.6269983053207397,1.6714411973953247],"files":["scales.webp"]},"quats":{"files":["quats.webp"]},