{"version":2,"count":545099,"means":{"mins":[-5.810207395557553,-7.540165427538231,-6.287055137371966],"maxs":[7.589005555167607,-2.387312906141752,7.584682451185341],"files":["means_l.webp","means_u.webp"]},"scales":{"codebook":[-9.997897148132324,-9.943953514099121,-9.884033203125,-9.825615882873535,-9.767227172851562,-9.708853721618652,-9.65222454071045,-9.594647407531738,-9.53950309753418,-9.486358642578125,-9.434951782226562,-9.38768196105957,-9.340188980102539,-9.291496276855469,-9.239462852478027,-9.183542251586914,-9.12608528137207,-9.06786823272705,-9.010244369506836,-8.953046798706055,-8.894618034362793,-8.838305473327637,-8.781206130981445,-8.722797393798828,-8.662705421447754,-8.603964805603027,-8.545228004455566,-8.48742961883545,-8.428826332092285,-8.372669219970703,-8.315502166748047,-8.258593559265137,-8.20184326171875,-8.142816543579102,-8.08439826965332,-8.025277137756348,-7.9665303230285645,-7.908337593078613,-7.850560188293457,-7.793036937713623,-7.734807014465332,-7.675988674163818,-7.617032051086426,-7.55947208404541,-7.501464366912842,-7.443544864654541,-7.386420726776123,-7.328677177429199,-7.271103382110596,-7.212307453155518,-7.15386438369751,-7.095913410186768,-7.038092136383057,-6.979669570922852,-6.9201459884643555,-6.861990451812744,-6.803971767425537,-6.746472358703613,-6.688604831695557,-6.630897045135498,-6.574625492095947,-6.517449855804443,-6.458749294281006,-6.3990583419799805,-6.341246604919434,-6.28280782699585,-6.224368095397949,-6.166749954223633,-6.108560085296631,-6.049896240234375,-5.991581439971924,-5.933019161224365,-5.874405860900879,-5.816674709320068,-5.75919771194458,-5.7016191482543945,-5.644528388977051,-5.589084148406982,-5.536453723907471,-5.486603260040283,-5.438658714294434,-5.391050338745117,-5.342103004455566,-5.289966106414795,-5.23540735244751,-5.179029941558838,-5.121495246887207,-5.063165187835693,-5.004792213439941,-4.946740627288818,-4.8886895179748535,-4.830657005310059,-4.772791862487793,-4.7152533531188965,-4.657784938812256,-4.600129127502441,-4.542054176330566,-4.484097957611084,-4.426403522491455,-4.369418621063232,-4.313493251800537,-4.258880138397217,-4.206524848937988,-4.156681060791016,-4.109440326690674,-4.061254501342773,-4.011154651641846,-3.9585888385772705,-3.9037692546844482,-3.846226453781128,-3.788623332977295,-3.7299156188964844,-3.671252489089966,-3.6136958599090576,-3.5564253330230713,-3.502328872680664,-3.4506568908691406,-3.401508092880249,-3.3540456295013428,-3.306936025619507,-3.2589516639709473,-3.210192918777466,-3.1621499061584473,-3.1149144172668457,-3.068197011947632,-3.019474744796753,-2.9685864448547363,-2.915487766265869,-2.860379934310913,-2.806481122970581,-2.7544846534729004,-2.705082416534424,-2.6575307846069336,-2.6097421646118164,-2.5596914291381836,-2.5073540210723877,-2.452826976776123,-2.3958840370178223,-2.3382961750030518,-2.279637098312378,-2.22127628326416,-2.162566661834717,-2.1049716472625732,-2.047121047973633,-1.991125464439392,-1.9322012662887573,-1.8738590478897095,-1.815980315208435,-1.758649230003357,-1.699906349182129,-1.6421287059783936,-1.5844818353652954,-1.5271461009979248,-1.4695043563842773,-1.411917805671692,-1.3541010618209839,-1.2960292100906372,-1.2385830879211426,-1.180814266204834,-1.121104121208191,-1.0615437030792236,-1.002816915512085,-0.9448217153549194,-0.8877196907997131,-0.8316909670829773,-0.774742841720581,-0.7177693247795105,-0.6580170392990112,-0.5988547801971436,-0.5404828786849976,-0.48284828662872314,-0.4224201738834381,-0.3620649576187134,-0.30410581827163696,-0.24654121696949005,-0.18706953525543213,-0.13188302516937256,-0.07586904615163803,-0.02065097726881504,0.03769600763916969,0.0945524349808693,0.15761969983577728,0.21735145151615143,0.2789883315563202,0.3357892632484436,0.3906742036342621,0.4468211829662323,0.5060579180717468,0.5672967433929443,0.6216508150100708,0.6750172972679138,0.7342421412467957,0.7972701787948608,0.8564466834068298,0.9097447395324707,0.9697585105895996,1.028282642364502,1.0862427949905396,1.144447684288025,1.2085882425308228,1.2750365734100342,1.3310561180114746,1.3831346035003662,1.4427653551101685,1.500945806503296,1.5586148500442505,1.6161561012268066,1.6792199611663818,1.7326527833938599,1.7887674570083618,1.8468633890151978,1.901972770690918,1.9581763744354248,2.0141003131866455,2.0778839588165283,2.1388752460479736,2.1961491107940674,2.259411573410034,2.3173718452453613,2.372117519378662,2.42930006980896,2.483480215072632,2.5371170043945312,2.601287841796875,2.6604390144348145,2.713794708251953,2.7728559970855713,2.832244396209717,2.8901267051696777,2.945077657699585,2.9999258518218994,3.06003999710083,3.113370180130005,3.173306465148926,3.2376911640167236,3.299889087677002,3.354924201965332,3.4062836170196533,3.4544694423675537,3.512540817260742,3.5677223205566406,3.6217105388641357,3.683941602706909,3.7455966472625732,3.8077943325042725,3.864286422729492,3.9315953254699707,3.9955053329467773,4.0615644454956055,4.109409332275391,4.164259433746338,4.215218544006348,4.297228813171387,4.367584228515625,4.43373966217041,4.805911064147949],"files":["scales.webp"]},"quats":{"files":["quats.webp"]},