{"version":2,"count":559215,"means":{"mins":[-2.5377146299963638,-3.373494926985905,-1.543961858851339],"maxs":[4.28033262473681,-1.483002776554509,3.073643993836359],"files":["means_l.webp","means_u.webp"]},"scales":{"codebook":[-9.99907398223877,-9.953421592712402,-9.907693862915039,-9.862427711486816,-9.817228317260742,-9.772329330444336,-9.72645092010498,-9.680572509765625,-9.635010719299316,-9.590113639831543,-9.545352935791016,-9.49938678741455,-9.453692436218262,-9.40662956237793,-9.36169147491455,-9.316402435302734,-9.27013874053955,-9.224996566772461,-9.179862976074219,-9.134797096252441,-9.089662551879883,-9.044490814208984,-8.998385429382324,-8.953035354614258,-8.90803337097168,-8.862845420837402,-8.817736625671387,-8.77263069152832,-8.727161407470703,-8.682138442993164,-8.63746166229248,-8.594703674316406,-8.553345680236816,-8.514735221862793,-8.477317810058594,-8.439788818359375,-8.399959564208984,-8.358165740966797,-8.31441593170166,-8.270125389099121,-8.224867820739746,-8.178714752197266,-8.132868766784668,-8.08840274810791,-8.043699264526367,-7.99843168258667,-7.952991008758545,-7.906555652618408,-7.860119819641113,-7.814032077789307,-7.768813133239746,-7.724140644073486,-7.678318023681641,-7.6334052085876465,-7.5873847007751465,-7.541152477264404,-7.495604038238525,-7.450896263122559,-7.405475616455078,-7.359430313110352,-7.3131866455078125,-7.267862796783447,-7.222889423370361,-7.176760673522949,-7.130378723144531,-7.085565090179443,-7.041256904602051,-6.995371341705322,-6.949127674102783,-6.9043354988098145,-6.861836910247803,-6.820162773132324,-6.780731201171875,-6.742916107177734,-6.705358028411865,-6.666887283325195,-6.626415729522705,-6.5833516120910645,-6.537995338439941,-6.492293357849121,-6.447079181671143,-6.401922702789307,-6.356417655944824,-6.31119441986084,-6.265876293182373,-6.220852851867676,-6.17607307434082,-6.131412506103516,-6.086601734161377,-6.040331840515137,-5.994251728057861,-5.948373794555664,-5.9031782150268555,-5.8579630851745605,-5.812274932861328,-5.766524791717529,-5.720394134521484,-5.67494010925293,-5.629025459289551,-5.583357334136963,-5.538354873657227,-5.49299955368042,-5.448019027709961,-5.401936054229736,-5.35588264465332,-5.3102312088012695,-5.265100002288818,-5.219422817230225,-5.173454761505127,-5.127508163452148,-5.0823445320129395,-5.036659240722656,-4.9908318519592285,-4.945454120635986,-4.900578498840332,-4.855147838592529,-4.809892654418945,-4.765012264251709,-4.7192063331604,-4.67352819442749,-4.627824306488037,-4.582492828369141,-4.53741455078125,-4.491992473602295,-4.4460930824279785,-4.400453090667725,-4.354819297790527,-4.309305667877197,-4.263984203338623,-4.218836307525635,-4.173377513885498,-4.127857685089111,-4.082703113555908,-4.036877632141113,-3.991325855255127,-3.945800304412842,-3.9001998901367188,-3.8550405502319336,-3.809633731842041,-3.76446533203125,-3.718937397003174,-3.672950506210327,-3.627528429031372,-3.5821762084960938,-3.5364787578582764,-3.4905121326446533,-3.4449219703674316,-3.400047540664673,-3.355231523513794,-3.30991268157959,-3.265258550643921,-3.2214508056640625,-3.1796538829803467,-3.1403207778930664,-3.102956771850586,-3.065948247909546,-3.0274248123168945,-2.9867398738861084,-2.9437685012817383,-2.8989436626434326,-2.8543357849121094,-2.809607744216919,-2.764781951904297,-2.719419240951538,-2.6737070083618164,-2.6275341510772705,-2.581913471221924,-2.5367870330810547,-2.492100477218628,-2.4468345642089844,-2.4006073474884033,-2.354340076446533,-2.308042287826538,-2.2627675533294678,-2.217094659805298,-2.1713967323303223,-2.125659465789795,-2.0807173252105713,-2.037510871887207,-1.9977436065673828,-1.9494471549987793,-1.9025770425796509,-1.856329321861267,-1.8104959726333618,-1.7645275592803955,-1.7184888124465942,-1.671947717666626,-1.627158761024475,-1.58138108253479,-1.5354005098342896,-1.4904409646987915,-1.4449660778045654,-1.3985519409179688,-1.3527144193649292,-1.3073961734771729,-1.2624517679214478,-1.2173386812210083,-1.1722526550292969,-1.1263717412948608,-1.0809463262557983,-1.0336987972259521,-0.9871126413345337,-0.9409096837043762,-0.8965977430343628,-0.8539729118347168,-0.8099466562271118,-0.7656306028366089,-0.7186791896820068,-0.6715778112411499,-0.6260197758674622,-0.5787711143493652,-0.5348033308982849,-0.4884245991706848,-0.44219014048576355,-0.39553302526474,-0.35072314739227295,-0.3071501851081848,-0.2619207799434662,-0.21770992875099182,-0.17104311287403107,-0.1275774985551834,-0.08300484716892242,-0.039118945598602295,0.005710965488106012,0.058959025889635086,0.10741231590509415,0.14790457487106323,0.19231614470481873,0.23731845617294312,0.28724247217178345,0.32494667172431946,0.37327682971954346,0.4267091155052185,0.4720602333545685,0.5124163627624512,0.5570081472396851,0.5956884026527405,0.6428059339523315,0.6896157264709473,0.7368329167366028,0.7788812518119812,0.8348934650421143,0.8829014897346497,0.9228785634040833,0.9698418378829956,1.0276929140090942,1.0516486167907715,1.0906105041503906,1.1487771272659302,1.1997934579849243,1.2533466815948486,1.291266918182373,1.3299697637557983,1.3650574684143066,1.4678165912628174,1.6071553230285645],"files":["scales.webp"]},"quats":{"files":["quats.webp"]},