{"version":2,"count":17258,"means":{"mins":[4.696904811632517,-1.5986440218630036,-0.5581218657458021],"maxs":[5.031668040137085,4.479650264511757,3.5466598939344096],"files":["means_l.webp","means_u.webp"]},"scales":{"codebook":[-9.303910255432129,-9.251169204711914,-9.217660903930664,-9.165639877319336,-9.102972984313965,-9.062225341796875,-9.012786865234375,-8.966313362121582,-8.922883033752441,-8.875187873840332,-8.83627700805664,-8.791910171508789,-8.74525260925293,-8.703726768493652,-8.65835189819336,-8.618156433105469,-8.575218200683594,-8.527820587158203,-8.485486030578613,-8.43895435333252,-8.388514518737793,-8.343183517456055,-8.298707962036133,-8.253463745117188,-8.204737663269043,-8.16079044342041,-8.122763633728027,-8.07964038848877,-8.033772468566895,-7.984901428222656,-7.937278747558594,-7.884895324707031,-7.83673095703125,-7.7919745445251465,-7.7469964027404785,-7.705142974853516,-7.662778854370117,-7.619807720184326,-7.574754238128662,-7.5250563621521,-7.478534698486328,-7.433992385864258,-7.38561487197876,-7.339298248291016,-7.297734260559082,-7.2516326904296875,-7.206871032714844,-7.155043601989746,-7.11107063293457,-7.0708088874816895,-7.026084899902344,-6.976644515991211,-6.929349422454834,-6.8887763023376465,-6.845271110534668,-6.797807693481445,-6.748933792114258,-6.702360153198242,-6.656626224517822,-6.616735458374023,-6.573925018310547,-6.525223731994629,-6.479305744171143,-6.432629585266113,-6.377907752990723,-6.329057216644287,-6.28680419921875,-6.248442649841309,-6.206217288970947,-6.160243511199951,-6.116639137268066,-6.072221755981445,-6.025065898895264,-5.979120254516602,-5.935555934906006,-5.884937286376953,-5.842000484466553,-5.794560432434082,-5.747347354888916,-5.695700645446777,-5.653279781341553,-5.60990571975708,-5.560455799102783,-5.517606735229492,-5.475130558013916,-5.428797245025635,-5.383037090301514,-5.338001728057861,-5.297933101654053,-5.2550177574157715,-5.203948974609375,-5.1589508056640625,-5.108188629150391,-5.060157299041748,-5.012167930603027,-4.966068744659424,-4.9231276512146,-4.875486850738525,-4.83109712600708,-4.792267322540283,-4.746452331542969,-4.696605205535889,-4.652769565582275,-4.610927581787109,-4.56265926361084,-4.51535177230835,-4.466500282287598,-4.425199031829834,-4.379306316375732,-4.3346147537231445,-4.287705421447754,-4.240881443023682,-4.195488929748535,-4.153024673461914,-4.107624530792236,-4.0570268630981445,-4.010862350463867,-3.968442678451538,-3.921830415725708,-3.876525402069092,-3.8340485095977783,-3.7844369411468506,-3.7359912395477295,-3.691549301147461,-3.6503405570983887,-3.602142095565796,-3.5575404167175293,-3.510668992996216,-3.4617207050323486,-3.4190242290496826,-3.3724310398101807,-3.333756685256958,-3.2883999347686768,-3.240154266357422,-3.195678234100342,-3.1607065200805664,-3.126295328140259,-3.093136787414551,-3.0511298179626465,-3.0016961097717285,-2.9603028297424316,-2.916534900665283,-2.874885320663452,-2.8280584812164307,-2.785566806793213,-2.7386794090270996,-2.6917173862457275,-2.6488754749298096,-2.6002166271209717,-2.554901123046875,-2.5093166828155518,-2.466639757156372,-2.424690008163452,-2.38810396194458,-2.3489251136779785,-2.3130109310150146,-2.274221897125244,-2.2384533882141113,-2.197173595428467,-2.156339645385742,-2.1193225383758545,-2.080765724182129,-2.0425336360931396,-2.004070997238159,-1.9602917432785034,-1.9142528772354126,-1.867342472076416,-1.8227338790893555,-1.7828199863433838,-1.742565631866455,-1.7021764516830444,-1.663082480430603,-1.6255459785461426,-1.5854207277297974,-1.5447183847427368,-1.5021873712539673,-1.4597166776657104,-1.4159184694290161,-1.3701072931289673,-1.3246437311172485,-1.2794749736785889,-1.2322113513946533,-1.184450387954712,-1.1398457288742065,-1.0998388528823853,-1.0626989603042603,-1.025659441947937,-0.9896308183670044,-0.9523682594299316,-0.9106383323669434,-0.8681504130363464,-0.8223927021026611,-0.7757771015167236,-0.7310760617256165,-0.6845421195030212,-0.6407526731491089,-0.5964813232421875,-0.5489747524261475,-0.5028236508369446,-0.4582972228527069,-0.41057926416397095,-0.3677634596824646,-0.3216596841812134,-0.275611013174057,-0.2285093069076538,-0.18454426527023315,-0.1393837183713913,-0.09495887160301208,-0.04939758777618408,-0.003043252043426037,0.04373721405863762,0.08718045800924301,0.1332094371318817,0.17810875177383423,0.22197376191616058,0.2646039128303528,0.3132087290287018,0.36172357201576233,0.4093722105026245,0.45487314462661743,0.4981551766395569,0.5438696146011353,0.5915088057518005,0.642123281955719,0.6842160224914551,0.7293960452079773,0.7736538648605347,0.8145991563796997,0.8651525974273682,0.9059169292449951,0.942272961139679,0.9759660363197327,1.0111836194992065,1.0504318475723267,1.1062955856323242,1.1469324827194214,1.190016508102417,1.231827974319458,1.2833486795425415,1.3168466091156006,1.3583598136901855,1.4016094207763672,1.4481215476989746,1.4957458972930908,1.5383926630020142,1.5888466835021973,1.6257407665252686,1.6704336404800415,1.7306872606277466,1.772331953048706,1.833968162536621,1.8467196226119995,1.9162392616271973,2.1687514781951904,2.2339038848876953,2.3229973316192627],"files":["scales.webp"]},"quats":{"files":["quats.webp"]},