{"version":2,"count":461274,"means":{"mins":[3.285740415919589,4.569800556185796,-4.800480749673144],"maxs":[6.807615284210442,6.776558143674929,-3.712758088499577],"files":["means_l.webp","means_u.webp"]},"scales":{"codebook":[-10,-9.922369956970215,-9.901350021362305,-7.755586624145508,-7.191838264465332,-7.122708797454834,-6.927938938140869,-6.738168716430664,-6.531826019287109,-6.461115837097168,-6.249292850494385,-6.137654781341553,-6.066393852233887,-5.915334224700928,-5.85862398147583,-5.784127235412598,-5.668155670166016,-5.635956764221191,-5.568904876708984,-5.470125675201416,-5.455930233001709,-5.384106636047363,-5.356265544891357,-5.304459571838379,-5.2315168380737305,-5.168745994567871,-5.09915828704834,-5.043946743011475,-5.022546291351318,-4.97141695022583,-4.900100231170654,-4.838287830352783,-4.776383399963379,-4.738754749298096,-4.68523645401001,-4.6321892738342285,-4.576679706573486,-4.530718803405762,-4.468585014343262,-4.4085469245910645,-4.364217281341553,-4.3225250244140625,-4.292800426483154,-4.256342887878418,-4.202560901641846,-4.165037155151367,-4.16319465637207,-4.128939628601074,-4.080985069274902,-4.03530740737915,-3.9832417964935303,-3.926316499710083,-3.882380485534668,-3.8364994525909424,-3.792695999145508,-3.7528891563415527,-3.7060961723327637,-3.655754804611206,-3.5932302474975586,-3.5383126735687256,-3.490230083465576,-3.4361109733581543,-3.3804609775543213,-3.32523775100708,-3.27232027053833,-3.2266845703125,-3.195021867752075,-3.1698477268218994,-3.1426661014556885,-3.1095468997955322,-3.0605926513671875,-3.0054969787597656,-2.964779853820801,-2.9260172843933105,-2.8818721771240234,-2.8324947357177734,-2.784407377243042,-2.742290735244751,-2.704432725906372,-2.675457239151001,-2.6434075832366943,-2.6056413650512695,-2.568110704421997,-2.5270020961761475,-2.486555337905884,-2.445631265640259,-2.406421422958374,-2.369307518005371,-2.3332889080047607,-2.2907323837280273,-2.2427775859832764,-2.19541335105896,-2.155744791030884,-2.120894432067871,-2.085114002227783,-2.052091121673584,-2.02427339553833,-1.9994345903396606,-1.9782222509384155,-1.9574052095413208,-1.9353978633880615,-1.9089531898498535,-1.8811503648757935,-1.8524054288864136,-1.822137713432312,-1.7935171127319336,-1.7681844234466553,-1.743942379951477,-1.7177543640136719,-1.6883808374404907,-1.6592247486114502,-1.6307650804519653,-1.6056013107299805,-1.5846002101898193,-1.56557297706604,-1.5470763444900513,-1.5280821323394775,-1.5074769258499146,-1.4869879484176636,-1.4671584367752075,-1.4478601217269897,-1.4294337034225464,-1.4103597402572632,-1.3914724588394165,-1.373611569404602,-1.354741096496582,-1.3358412981033325,-1.3147834539413452,-1.291572093963623,-1.265655755996704,-1.2384525537490845,-1.2102187871932983,-1.18205988407135,-1.1555583477020264,-1.129014015197754,-1.104355812072754,-1.0804657936096191,-1.0539419651031494,-1.0231887102127075,-0.9899822473526001,-0.9547076225280762,-0.9199291467666626,-0.8872144818305969,-0.858274519443512,-0.8322687149047852,-0.8060111999511719,-0.7789710164070129,-0.7524755597114563,-0.7271360158920288,-0.7038136124610901,-0.6822395324707031,-0.6618622541427612,-0.6418660879135132,-0.6218941807746887,-0.6004932522773743,-0.5764749050140381,-0.550204336643219,-0.5214605331420898,-0.4907780587673187,-0.4601402282714844,-0.4313909113407135,-0.40444445610046387,-0.37860822677612305,-0.3513411283493042,-0.3211018443107605,-0.28696340322494507,-0.249705508351326,-0.21228547394275665,-0.17615853250026703,-0.14104844629764557,-0.10759101063013077,-0.07732301205396652,-0.05028669536113739,-0.02728356420993805,-0.008712289854884148,0.00641996692866087,0.018576491624116898,0.02946470119059086,0.040628042072057724,0.05387301370501518,0.07130302488803864,0.09261319041252136,0.11718836426734924,0.14367955923080444,0.17212587594985962,0.20034745335578918,0.2270326465368271,0.25234517455101013,0.27511948347091675,0.29589852690696716,0.31568747758865356,0.3352864980697632,0.3555285930633545,0.3782290816307068,0.4045273959636688,0.4329169690608978,0.46299782395362854,0.49580904841423035,0.52984219789505,0.5619611740112305,0.5908025503158569,0.6146097183227539,0.6347028613090515,0.653130829334259,0.6730626225471497,0.6963258981704712,0.7246015071868896,0.7591702938079834,0.7999978065490723,0.8474820852279663,0.8988584876060486,0.9510414600372314,1.0042212009429932,1.058058500289917,1.112640619277954,1.1674118041992188,1.2215855121612549,1.2744659185409546,1.327559471130371,1.3815478086471558,1.4353584051132202,1.4909676313400269,1.5435824394226074,1.5981040000915527,1.6538516283035278,1.708970308303833,1.7627002000808716,1.8170993328094482,1.8693652153015137,1.9200695753097534,1.9769911766052246,2.0347111225128174,2.0860331058502197,2.139564275741577,2.1913511753082275,2.246354818344116,2.301845073699951,2.362335205078125,2.418429136276245,2.4767494201660156,2.5296809673309326,2.5840330123901367,2.628314733505249,2.691533088684082,2.740800619125366,2.7911739349365234,2.8385672569274902,2.8824617862701416,2.9381651878356934,2.993408679962158,3.054293155670166,3.109419107437134,3.175384759902954,3.237419843673706,3.3974151611328125,3.830134630203247],"files":["scales.webp"]},"quats":{"files":["quats.webp"]},