{"version":2,"count":524415,"means":{"mins":[-4.7814284380230765,-4.74255370773263,-0.8499078595989887],"maxs":[-3.766416083944682,-3.9543540170591593,3.038137913348205],"files":["means_l.webp","means_u.webp"]},"scales":{"codebook":[-9.998805046081543,-9.94858169555664,-9.899821281433105,-9.852227210998535,-9.80927848815918,-9.761499404907227,-9.710220336914062,-9.663189888000488,-9.61860179901123,-9.573260307312012,-9.526382446289062,-9.480547904968262,-9.431465148925781,-9.384651184082031,-9.336301803588867,-9.288067817687988,-9.24099063873291,-9.195000648498535,-9.148656845092773,-9.10140323638916,-9.054386138916016,-9.008429527282715,-8.961102485656738,-8.914929389953613,-8.868656158447266,-8.820277214050293,-8.772643089294434,-8.725717544555664,-8.679181098937988,-8.631757736206055,-8.584497451782227,-8.535134315490723,-8.486120223999023,-8.439391136169434,-8.392187118530273,-8.345147132873535,-8.297171592712402,-8.249500274658203,-8.20192813873291,-8.153757095336914,-8.106854438781738,-8.058680534362793,-8.011289596557617,-7.964488983154297,-7.918022632598877,-7.872112274169922,-7.8242268562316895,-7.777825355529785,-7.731093883514404,-7.684126377105713,-7.63640022277832,-7.588033199310303,-7.54099178314209,-7.492598533630371,-7.446945667266846,-7.400847434997559,-7.354368686676025,-7.307134628295898,-7.25799036026001,-7.210141658782959,-7.161909103393555,-7.114738464355469,-7.066109657287598,-7.018109321594238,-6.97084903717041,-6.924407005310059,-6.8778076171875,-6.830935001373291,-6.783871173858643,-6.736747741699219,-6.688290596008301,-6.640388488769531,-6.592843532562256,-6.546296119689941,-6.498433589935303,-6.450960636138916,-6.404464244842529,-6.357526779174805,-6.310561656951904,-6.263617992401123,-6.217479228973389,-6.171711444854736,-6.127842903137207,-6.087255954742432,-6.050365447998047,-6.018395900726318,-5.989480972290039,-5.962111949920654,-5.9338555335998535,-5.9030561447143555,-5.868448734283447,-5.830576419830322,-5.789055824279785,-5.744804859161377,-5.698764324188232,-5.6514739990234375,-5.6040263175964355,-5.556728839874268,-5.509461402893066,-5.462678909301758,-5.417789936065674,-5.37465763092041,-5.334490776062012,-5.29587459564209,-5.257223129272461,-5.2175612449646,-5.176057815551758,-5.131814956665039,-5.085520267486572,-5.038656711578369,-4.991707801818848,-4.944381237030029,-4.897418022155762,-4.850566864013672,-4.8039870262146,-4.7592973709106445,-4.716223239898682,-4.676055908203125,-4.637397289276123,-4.597945690155029,-4.557807922363281,-4.515474319458008,-4.47108268737793,-4.424727916717529,-4.377699851989746,-4.33090353012085,-4.283824920654297,-4.236239910125732,-4.188720226287842,-4.141210079193115,-4.093480587005615,-4.046212196350098,-3.998621940612793,-3.9507458209991455,-3.9034855365753174,-3.856938362121582,-3.8095779418945312,-3.7609572410583496,-3.713707208633423,-3.666165828704834,-3.6194324493408203,-3.5740041732788086,-3.5304746627807617,-3.48885178565979,-3.448878765106201,-3.4103543758392334,-3.3709874153137207,-3.329357624053955,-3.2855162620544434,-3.2392895221710205,-3.1933021545410156,-3.1467795372009277,-3.1000308990478516,-3.0527749061584473,-3.0051381587982178,-2.9573373794555664,-2.910621166229248,-2.863619089126587,-2.816610336303711,-2.7694520950317383,-2.722203493118286,-2.6753225326538086,-2.6277682781219482,-2.580489158630371,-2.5336785316467285,-2.4861481189727783,-2.439008951187134,-2.3921875953674316,-2.345396041870117,-2.298095941543579,-2.2499074935913086,-2.2022950649261475,-2.1548502445220947,-2.1062169075012207,-2.0584332942962646,-2.0111148357391357,-1.965303659439087,-1.9190754890441895,-1.8725039958953857,-1.8257025480270386,-1.7787420749664307,-1.7312498092651367,-1.683976173400879,-1.6365114450454712,-1.5896399021148682,-1.5422543287277222,-1.4942388534545898,-1.4464365243911743,-1.3989758491516113,-1.3521690368652344,-1.3053303956985474,-1.258555293083191,-1.211341142654419,-1.1652135848999023,-1.1180970668792725,-1.070136547088623,-1.0221045017242432,-0.9751512408256531,-0.9293321371078491,-0.882204532623291,-0.8353628516197205,-0.7887465953826904,-0.7417735457420349,-0.6946220397949219,-0.6485639214515686,-0.6013017296791077,-0.5519302487373352,-0.5015761852264404,-0.4565013647079468,-0.4088124930858612,-0.36063382029533386,-0.31268441677093506,-0.26666462421417236,-0.22054514288902283,-0.17343957722187042,-0.12557367980480194,-0.08013643324375153,-0.035762421786785126,0.011980789713561535,0.05795377120375633,0.10572807490825653,0.15314754843711853,0.202370747923851,0.250908225774765,0.29898640513420105,0.34629741311073303,0.3950764834880829,0.4375649392604828,0.4826982915401459,0.5360249876976013,0.5851905345916748,0.6339696049690247,0.6803349256515503,0.7264338135719299,0.7713972330093384,0.8227719068527222,0.8672015070915222,0.9192678928375244,0.9655467867851257,1.0131288766860962,1.0556676387786865,1.1022675037384033,1.1490083932876587,1.1977038383483887,1.2453142404556274,1.294880986213684,1.3404968976974487,1.3902826309204102,1.4149551391601562,1.4573850631713867,1.5221301317214966,1.5644478797912598,1.622119665145874,1.6558804512023926,1.910165548324585,2.047748565673828],"files":["scales.webp"]},"quats":{"files":["quats.webp"]},