{"version":2,"count":525202,"means":{"mins":[3.2855864818603684,-5.10485910557746,-4.637580091247687],"maxs":[5.637191936376368,4.569783246117457,-4.252911505735952],"files":["means_l.webp","means_u.webp"]},"scales":{"codebook":[-10,-9.913169860839844,-7.755586624145508,-7.191838264465332,-7.122708797454834,-6.927938938140869,-6.738168716430664,-6.531826019287109,-6.461115837097168,-6.249349594116211,-6.137654781341553,-6.066393852233887,-5.915334224700928,-5.858304023742676,-5.784127235412598,-5.668155670166016,-5.635956764221191,-5.5695366859436035,-5.470125675201416,-5.455930233001709,-5.371983528137207,-5.304261207580566,-5.2315168380737305,-5.173434734344482,-5.163149356842041,-5.09915828704834,-5.038401126861572,-4.982287883758545,-4.938363552093506,-4.889876842498779,-4.877658367156982,-4.855030059814453,-4.829181671142578,-4.782946586608887,-4.770713806152344,-4.738754749298096,-4.69276762008667,-4.661696910858154,-4.616028785705566,-4.560636043548584,-4.508139133453369,-4.481105327606201,-4.420038223266602,-4.365009784698486,-4.32161808013916,-4.270291328430176,-4.215178966522217,-4.171340465545654,-4.128512859344482,-4.080681800842285,-4.0350260734558105,-3.981940507888794,-3.930386543273926,-3.890684127807617,-3.8589789867401123,-3.8365280628204346,-3.820831298828125,-3.797149896621704,-3.788480758666992,-3.754746913909912,-3.6934618949890137,-3.644045829772949,-3.6047770977020264,-3.555417776107788,-3.5058438777923584,-3.461345672607422,-3.418220043182373,-3.3769686222076416,-3.34867787361145,-3.3332653045654297,-3.2978339195251465,-3.2612388134002686,-3.2345149517059326,-3.2077813148498535,-3.175140857696533,-3.1447367668151855,-3.1228418350219727,-3.102257490158081,-3.0846076011657715,-3.0698204040527344,-3.0611300468444824,-3.0524513721466064,-3.0381038188934326,-3.0122647285461426,-2.9864084720611572,-2.958070993423462,-2.926030397415161,-2.8973143100738525,-2.8713583946228027,-2.846090078353882,-2.822845220565796,-2.8025686740875244,-2.7859244346618652,-2.763739585876465,-2.7360305786132812,-2.704820394515991,-2.675489664077759,-2.6444764137268066,-2.612312078475952,-2.588294744491577,-2.5705740451812744,-2.554339647293091,-2.5363690853118896,-2.515976667404175,-2.494475841522217,-2.471043586730957,-2.4422874450683594,-2.4111289978027344,-2.3859829902648926,-2.3664309978485107,-2.345850706100464,-2.3249781131744385,-2.3069679737091064,-2.2925400733947754,-2.2783169746398926,-2.2610998153686523,-2.2442221641540527,-2.2271909713745117,-2.2083940505981445,-2.1943280696868896,-2.181769609451294,-2.1659464836120605,-2.1506640911102295,-2.1367197036743164,-2.12485933303833,-2.1121113300323486,-2.096773862838745,-2.08193302154541,-2.0621681213378906,-2.037256956100464,-2.0080668926239014,-1.9779397249221802,-1.9452753067016602,-1.9086214303970337,-1.8722535371780396,-1.836560606956482,-1.8042410612106323,-1.7745866775512695,-1.745113492012024,-1.7179068326950073,-1.6908413171768188,-1.6645158529281616,-1.6385859251022339,-1.6140305995941162,-1.590972900390625,-1.5678753852844238,-1.5434712171554565,-1.5157361030578613,-1.4870827198028564,-1.4598537683486938,-1.4360332489013672,-1.4145176410675049,-1.393355131149292,-1.3737084865570068,-1.3544237613677979,-1.335245966911316,-1.3128973245620728,-1.28862464427948,-1.261085867881775,-1.2323349714279175,-1.2028019428253174,-1.1713849306106567,-1.1412041187286377,-1.1144543886184692,-1.0889945030212402,-1.0636448860168457,-1.0400161743164062,-1.0167746543884277,-0.993335485458374,-0.9697664976119995,-0.9449542164802551,-0.9189354777336121,-0.8914234042167664,-0.8632224798202515,-0.8359878659248352,-0.80935138463974,-0.7849211096763611,-0.7622444033622742,-0.7394967675209045,-0.7152758240699768,-0.6901721358299255,-0.6646133065223694,-0.6404014825820923,-0.6176243424415588,-0.5976579189300537,-0.5808828473091125,-0.5643278360366821,-0.5462864637374878,-0.5260876417160034,-0.5055797696113586,-0.4859025776386261,-0.4657939374446869,-0.44505390524864197,-0.4234278202056885,-0.3998604714870453,-0.3753524720668793,-0.3496240973472595,-0.32334035634994507,-0.29699358344078064,-0.27120235562324524,-0.24459992349147797,-0.2163071185350418,-0.18631522357463837,-0.15531837940216064,-0.12338561564683914,-0.09134413301944733,-0.0579817108809948,-0.02206428349018097,0.016924435272812843,0.05934448167681694,0.10500852018594742,0.15287530422210693,0.201091468334198,0.24854469299316406,0.2942533791065216,0.3386225700378418,0.3809603750705719,0.42077115178108215,0.45997247099876404,0.49923238158226013,0.541269063949585,0.5872995257377625,0.6322958469390869,0.6784386038780212,0.7256664633750916,0.7732931971549988,0.8214913606643677,0.8704206943511963,0.9209115505218506,0.9703587889671326,1.0154829025268555,1.0612514019012451,1.1055760383605957,1.1511976718902588,1.1969726085662842,1.2467800378799438,1.29739248752594,1.3484842777252197,1.3960622549057007,1.4413466453552246,1.4810397624969482,1.5379128456115723,1.595810890197754,1.6438748836517334,1.6945011615753174,1.7436615228652954,1.7873404026031494,1.8372591733932495,1.8827815055847168,1.927938461303711,1.9632281064987183,2.0426504611968994,2.1319210529327393,2.1566321849823,2.2453231811523438,2.271444082260132],"files":["scales.webp"]},"quats":{"files":["quats.webp"]},