{"version":2,"count":607402,"means":{"mins":[-2.955091500468687,-3.8921460513341537,-1.4731250650778707],"maxs":[1.9224698817079267,-2.888328066196396,3.213603006310892],"files":["means_l.webp","means_u.webp"]},"scales":{"codebook":[-9.999252319335938,-9.961625099182129,-9.916752815246582,-9.87173843383789,-9.827339172363281,-9.78357219696045,-9.73970890045166,-9.69603443145752,-9.652822494506836,-9.609246253967285,-9.56640911102295,-9.522902488708496,-9.480298042297363,-9.436660766601562,-9.392680168151855,-9.349255561828613,-9.305582046508789,-9.26169204711914,-9.218266487121582,-9.175240516662598,-9.132431030273438,-9.088658332824707,-9.045599937438965,-9.002885818481445,-8.960441589355469,-8.916787147521973,-8.8722505569458,-8.82828426361084,-8.78493595123291,-8.740640640258789,-8.696869850158691,-8.654293060302734,-8.611725807189941,-8.568035125732422,-8.524178504943848,-8.480656623840332,-8.437379837036133,-8.394441604614258,-8.350977897644043,-8.307327270507812,-8.264063835144043,-8.220293045043945,-8.177921295166016,-8.135130882263184,-8.091760635375977,-8.046978950500488,-8.002485275268555,-7.958980083465576,-7.914498805999756,-7.87122106552124,-7.829291343688965,-7.786346435546875,-7.744345664978027,-7.700831890106201,-7.655669212341309,-7.612649440765381,-7.569942474365234,-7.526617050170898,-7.482664585113525,-7.438875675201416,-7.396307468414307,-7.353662014007568,-7.309964179992676,-7.266702175140381,-7.222433567047119,-7.178718566894531,-7.134790420532227,-7.091301441192627,-7.047981262207031,-7.005074977874756,-6.961999893188477,-6.917586326599121,-6.874302387237549,-6.831427097320557,-6.788015365600586,-6.7449188232421875,-6.701604843139648,-6.6583757400512695,-6.615455627441406,-6.571929931640625,-6.527772426605225,-6.484568119049072,-6.441624641418457,-6.398076057434082,-6.354528427124023,-6.310460567474365,-6.267259120941162,-6.224156379699707,-6.180345058441162,-6.136981964111328,-6.093466758728027,-6.049771785736084,-6.006804943084717,-5.962795257568359,-5.919692516326904,-5.87668514251709,-5.833249092102051,-5.789871692657471,-5.746337413787842,-5.703301906585693,-5.660191535949707,-5.617012023925781,-5.57379150390625,-5.530302047729492,-5.486673355102539,-5.4434003829956055,-5.400115966796875,-5.356176853179932,-5.312465190887451,-5.269199848175049,-5.225591659545898,-5.181858062744141,-5.138539791107178,-5.094733715057373,-5.051093101501465,-5.007102966308594,-4.9634108543396,-4.920254707336426,-4.877424240112305,-4.834658622741699,-4.791024208068848,-4.7470831871032715,-4.703426837921143,-4.6603102684021,-4.6176886558532715,-4.574512004852295,-4.531485080718994,-4.488058090209961,-4.444680213928223,-4.400815010070801,-4.3570237159729,-4.313497543334961,-4.270349502563477,-4.227576732635498,-4.1843156814575195,-4.140967845916748,-4.097407341003418,-4.054012298583984,-4.0107502937316895,-3.9673945903778076,-3.9246084690093994,-3.881585121154785,-3.8380579948425293,-3.794321060180664,-3.7505695819854736,-3.706943988800049,-3.663496255874634,-3.6202292442321777,-3.57724928855896,-3.5338428020477295,-3.4906668663024902,-3.4476191997528076,-3.404860258102417,-3.361504316329956,-3.318049907684326,-3.2744922637939453,-3.231027126312256,-3.188213348388672,-3.1452183723449707,-3.102264881134033,-3.0589652061462402,-3.015606164932251,-2.9719581604003906,-2.92838716506958,-2.8852779865264893,-2.8417160511016846,-2.7983837127685547,-2.7549121379852295,-2.7114105224609375,-2.6680855751037598,-2.624788522720337,-2.581556797027588,-2.538675308227539,-2.495072603225708,-2.4520187377929688,-2.4085850715637207,-2.3646371364593506,-2.320655345916748,-2.2764780521392822,-2.232400894165039,-2.186300277709961,-2.140754222869873,-2.095130205154419,-2.0510878562927246,-2.0102453231811523,-1.9721993207931519,-1.9307599067687988,-1.8888318538665771,-1.8444926738739014,-1.800207257270813,-1.7567975521087646,-1.7152273654937744,-1.6737226247787476,-1.6295015811920166,-1.5871385335922241,-1.544998049736023,-1.500489354133606,-1.456052303314209,-1.4104975461959839,-1.3685896396636963,-1.325899600982666,-1.2829601764678955,-1.2424653768539429,-1.1987779140472412,-1.1543164253234863,-1.1094805002212524,-1.0632705688476562,-1.0174239873886108,-0.9751428961753845,-0.931679904460907,-0.8887034058570862,-0.8514609336853027,-0.8057515621185303,-0.7596257328987122,-0.7174556851387024,-0.6697752475738525,-0.62843918800354,-0.5841935276985168,-0.5371282696723938,-0.49788063764572144,-0.4528507590293884,-0.4165510833263397,-0.37005648016929626,-0.32192760705947876,-0.2802024483680725,-0.2384544461965561,-0.1917857676744461,-0.15551823377609253,-0.1108851209282875,-0.06419534236192703,-0.017388654872775078,0.024145852774381638,0.06098813936114311,0.11915802955627441,0.1647973656654358,0.19534127414226532,0.24002565443515778,0.27857691049575806,0.33651894330978394,0.3687940239906311,0.4200391471385956,0.46650010347366333,0.5048874020576477,0.5423654913902283,0.5754536986351013,0.6318067908287048,0.6741600632667542,0.7291949987411499,0.7615607976913452,0.8142985701560974,0.8522418737411499,0.909980297088623,0.94416344165802,0.9800546169281006,1.0114030838012695,1.0663949251174927],"files":["scales.webp"]},"quats":{"files":["quats.webp"]},