{"version":2,"count":524327,"means":{"mins":[-6.834926498830178,-6.498091120607052,-4.7174871242782865],"maxs":[3.285482989455548,-4.944948435920628,-4.094223438248704],"files":["means_l.webp","means_u.webp"]},"scales":{"codebook":[-10,-9.922369956970215,-9.901350021362305,-7.755586624145508,-7.191838264465332,-7.122708797454834,-6.927938938140869,-6.738168716430664,-6.531826019287109,-6.461115837097168,-6.248884677886963,-6.137654781341553,-6.066393852233887,-5.915334224700928,-5.858504295349121,-5.784127235412598,-5.65822696685791,-5.568705081939697,-5.465678691864014,-5.384106636047363,-5.356265544891357,-5.304430961608887,-5.2315168380737305,-5.173663139343262,-5.163149356842041,-5.09915828704834,-5.054301738739014,-5.032900333404541,-4.971683025360107,-4.9131340980529785,-4.854182243347168,-4.7763824462890625,-4.738754749298096,-4.685769557952881,-4.63165283203125,-4.576727867126465,-4.531378269195557,-4.480220794677734,-4.441740989685059,-4.408621788024902,-4.3647918701171875,-4.326182842254639,-4.3111419677734375,-4.292800426483154,-4.2565155029296875,-4.202820301055908,-4.1512532234191895,-4.1178998947143555,-4.08096170425415,-4.035425662994385,-3.9916017055511475,-3.941741943359375,-3.8873472213745117,-3.83650541305542,-3.7926011085510254,-3.753525733947754,-3.710331439971924,-3.674616575241089,-3.640521764755249,-3.607407331466675,-3.5727121829986572,-3.5413577556610107,-3.5084919929504395,-3.460960865020752,-3.4062678813934326,-3.3660738468170166,-3.3377902507781982,-3.298093795776367,-3.251603126525879,-3.209700345993042,-3.1748902797698975,-3.137409210205078,-3.104917526245117,-3.0772743225097656,-3.048464059829712,-3.0101985931396484,-2.9726712703704834,-2.931386709213257,-2.8903729915618896,-2.852768659591675,-2.8158836364746094,-2.7730071544647217,-2.736194610595703,-2.7108395099639893,-2.689805507659912,-2.663849115371704,-2.6364831924438477,-2.6046226024627686,-2.5756800174713135,-2.5502841472625732,-2.527013063430786,-2.503096342086792,-2.475149393081665,-2.4354805946350098,-2.3931877613067627,-2.3534529209136963,-2.3132505416870117,-2.2791764736175537,-2.248178482055664,-2.216616630554199,-2.1838438510894775,-2.1523473262786865,-2.124976873397827,-2.101264715194702,-2.0824413299560547,-2.066380500793457,-2.0498087406158447,-2.029169797897339,-2.0011613368988037,-1.970721960067749,-1.9390238523483276,-1.9069939851760864,-1.8778029680252075,-1.8534486293792725,-1.8301513195037842,-1.8102444410324097,-1.7927428483963013,-1.7727432250976562,-1.7485568523406982,-1.722521424293518,-1.6942790746688843,-1.6677238941192627,-1.645275354385376,-1.623293161392212,-1.599673867225647,-1.5737419128417969,-1.5456476211547852,-1.5176172256469727,-1.4894919395446777,-1.458817481994629,-1.4280459880828857,-1.3957479000091553,-1.3663514852523804,-1.3420132398605347,-1.3205257654190063,-1.3004741668701172,-1.2820965051651,-1.261630654335022,-1.2392274141311646,-1.211735725402832,-1.1788852214813232,-1.1425023078918457,-1.1026513576507568,-1.0644752979278564,-1.0322703123092651,-1.0063931941986084,-0.9862750768661499,-0.9713751077651978,-0.9585826992988586,-0.9444993734359741,-0.9263525605201721,-0.9024364352226257,-0.8737800717353821,-0.8416345119476318,-0.8098437786102295,-0.7780339121818542,-0.7442612051963806,-0.7088989019393921,-0.6711550951004028,-0.6333428621292114,-0.5979584455490112,-0.5663732290267944,-0.5387917160987854,-0.5139124393463135,-0.489871084690094,-0.4660680890083313,-0.4409395158290863,-0.41306352615356445,-0.38343438506126404,-0.35258349776268005,-0.3231039345264435,-0.29615575075149536,-0.271962434053421,-0.2482980489730835,-0.22279423475265503,-0.1950417459011078,-0.1647314727306366,-0.13304056227207184,-0.10281983017921448,-0.07459980249404907,-0.04848422110080719,-0.024688061326742172,-0.0026354093570262194,0.01905481517314911,0.04204394295811653,0.06825776398181915,0.09836006909608841,0.13231657445430756,0.16897310316562653,0.20740927755832672,0.24639856815338135,0.28571346402168274,0.3254699110984802,0.36429068446159363,0.40331143140792847,0.4410257041454315,0.4767371118068695,0.5092678070068359,0.5385334491729736,0.5667383074760437,0.5975428223609924,0.6323753595352173,0.6731956601142883,0.7188575267791748,0.7688998579978943,0.8207746148109436,0.873519778251648,0.9262344837188721,0.9801188111305237,1.0335899591445923,1.0875434875488281,1.142722725868225,1.1955240964889526,1.2494404315948486,1.302060842514038,1.3554110527038574,1.4102685451507568,1.464102864265442,1.5171867609024048,1.5695621967315674,1.623943567276001,1.677511215209961,1.729570984840393,1.7828091382980347,1.836113452911377,1.8881014585494995,1.942578911781311,1.9966520071029663,2.047452211380005,2.1043598651885986,2.160623550415039,2.216726779937744,2.276374578475952,2.3294785022735596,2.3795626163482666,2.432152271270752,2.4875800609588623,2.5350069999694824,2.5803513526916504,2.642592668533325,2.6974446773529053,2.7464423179626465,2.8008816242218018,2.8646433353424072,2.910130500793457,2.968001127243042,3.0212087631225586,3.0720856189727783,3.1231703758239746,3.1786458492279053,3.2174980640411377,3.2710931301116943,3.356851577758789,3.439000368118286,3.5475311279296875,3.6651294231414795],"files":["scales.webp"]},"quats":{"files":["quats.webp"]},