{"version":2,"count":525203,"means":{"mins":[-5.741555587776282,-4.944946046022164,-4.783854689326732],"maxs":[3.2855634289622095,4.929340522875329,0],"files":["means_l.webp","means_u.webp"]},"scales":{"codebook":[-10,-9.9132719039917,-7.755586624145508,-7.191838264465332,-7.122708797454834,-6.927938938140869,-6.738168716430664,-6.531826019287109,-6.461115837097168,-6.2582268714904785,-6.244404315948486,-6.137654781341553,-6.066393852233887,-5.915334224700928,-5.860697269439697,-5.855667591094971,-5.784127235412598,-5.668155670166016,-5.635956764221191,-5.577006816864014,-5.564246654510498,-5.464852333068848,-5.371034622192383,-5.304333209991455,-5.2315168380737305,-5.173742294311523,-5.163149356842041,-5.09915828704834,-5.0370001792907715,-4.982287883758545,-4.937705993652344,-4.876037120819092,-4.829181671142578,-4.775232315063477,-4.738754749298096,-4.676931381225586,-4.616119384765625,-4.57597541809082,-4.54466438293457,-4.508139133453369,-4.481241703033447,-4.441740989685059,-4.408257007598877,-4.372687339782715,-4.328949928283691,-4.270587921142578,-4.220964431762695,-4.180646896362305,-4.129528045654297,-4.08113431930542,-4.029748916625977,-3.9774422645568848,-3.9266011714935303,-3.8862850666046143,-3.8591959476470947,-3.82903790473938,-3.7928690910339355,-3.757960081100464,-3.713707685470581,-3.6746020317077637,-3.6259310245513916,-3.576632022857666,-3.5414516925811768,-3.5083377361297607,-3.4763219356536865,-3.4485349655151367,-3.416539192199707,-3.3753304481506348,-3.324889659881592,-3.276451349258423,-3.24105167388916,-3.215907573699951,-3.1994316577911377,-3.184910774230957,-3.1655540466308594,-3.1465811729431152,-3.123993158340454,-3.104708671569824,-3.09741473197937,-3.0817980766296387,-3.0642526149749756,-3.044200897216797,-3.013671636581421,-2.9878246784210205,-2.9631927013397217,-2.937636375427246,-2.9113893508911133,-2.8857619762420654,-2.8595962524414062,-2.8365914821624756,-2.8161234855651855,-2.8005473613739014,-2.784733772277832,-2.761654853820801,-2.7350783348083496,-2.705620288848877,-2.679063320159912,-2.6526787281036377,-2.6321356296539307,-2.616429090499878,-2.599095582962036,-2.5799601078033447,-2.556938886642456,-2.5299906730651855,-2.5100417137145996,-2.4922146797180176,-2.4749836921691895,-2.4549005031585693,-2.4354894161224365,-2.4146745204925537,-2.3899049758911133,-2.362119197845459,-2.3316283226013184,-2.300518274307251,-2.2684998512268066,-2.234546661376953,-2.2003731727600098,-2.171072483062744,-2.143723487854004,-2.117917537689209,-2.088524103164673,-2.059720039367676,-2.0346992015838623,-2.01318359375,-1.995951771736145,-1.9809739589691162,-1.9632396697998047,-1.9407960176467896,-1.9142707586288452,-1.889465093612671,-1.8632867336273193,-1.836273193359375,-1.8127586841583252,-1.789288878440857,-1.7643251419067383,-1.7380857467651367,-1.7101662158966064,-1.6794312000274658,-1.6472011804580688,-1.6114144325256348,-1.5751698017120361,-1.5389608144760132,-1.504565954208374,-1.475124478340149,-1.448142647743225,-1.4243793487548828,-1.4028390645980835,-1.382676601409912,-1.3589116334915161,-1.330941915512085,-1.295393466949463,-1.2550513744354248,-1.2127485275268555,-1.171016812324524,-1.1314085721969604,-1.0942214727401733,-1.0596023797988892,-1.0285059213638306,-1.000404953956604,-0.974678099155426,-0.949016273021698,-0.9217718243598938,-0.8922310471534729,-0.8624706268310547,-0.8337194323539734,-0.8060214519500732,-0.7798970341682434,-0.7547157406806946,-0.7304779887199402,-0.7083252668380737,-0.6885418891906738,-0.670868456363678,-0.6545440554618835,-0.6383290886878967,-0.6235170364379883,-0.6087745428085327,-0.5918173789978027,-0.5709887146949768,-0.5462706685066223,-0.5171318650245667,-0.4833134412765503,-0.4455932378768921,-0.40524381399154663,-0.36287206411361694,-0.32070234417915344,-0.28174740076065063,-0.24737103283405304,-0.2168538123369217,-0.1902167946100235,-0.16686351597309113,-0.1444944590330124,-0.12215029448270798,-0.09968484193086624,-0.07670874893665314,-0.05428889021277428,-0.03203636407852173,-0.007602979429066181,0.02073286660015583,0.053324997425079346,0.09002545475959778,0.12687212228775024,0.16092565655708313,0.1921885907649994,0.21984964609146118,0.24579155445098877,0.2722603678703308,0.3010193705558777,0.3314972519874573,0.3646281063556671,0.4009891748428345,0.4374532103538513,0.4749489426612854,0.5137201547622681,0.554452121257782,0.5971241593360901,0.6434760689735413,0.693326473236084,0.7424699664115906,0.7922842502593994,0.841802179813385,0.891563355922699,0.9420032501220703,0.9924041032791138,1.041342854499817,1.0919814109802246,1.1405227184295654,1.1915397644042969,1.2420047521591187,1.2947466373443604,1.3467419147491455,1.396304965019226,1.445032000541687,1.4909319877624512,1.5394459962844849,1.5899709463119507,1.6453248262405396,1.6954556703567505,1.7427704334259033,1.789865493774414,1.8458564281463623,1.8992868661880493,1.9384024143218994,1.9910187721252441,2.04050350189209,2.0967416763305664,2.1441195011138916,2.2019407749176025,2.239513397216797,2.3019559383392334,2.3435440063476562,2.4137187004089355,2.4622457027435303,2.4942378997802734,2.5614616870880127,2.6791255474090576,2.8042795658111572],"files":["scales.webp"]},"quats":{"files":["quats.webp"]},