{"version":2,"count":524630,"means":{"mins":[-5.83574857882982,-6.498091120607052,-4.703074806157432],"maxs":[3.285216357957436,-4.944947784130704,-4.188362343222124],"files":["means_l.webp","means_u.webp"]},"scales":{"codebook":[-10,-9.922369956970215,-9.901350021362305,-7.755586624145508,-7.191838264465332,-7.122708797454834,-6.927938938140869,-6.738168716430664,-6.531826019287109,-6.461115837097168,-6.2495527267456055,-6.137654781341553,-6.066393852233887,-5.915334224700928,-5.858673572540283,-5.784127235412598,-5.657851696014404,-5.569676876068115,-5.4651594161987305,-5.384106636047363,-5.356265544891357,-5.304370880126953,-5.2315168380737305,-5.169393062591553,-5.09915828704834,-5.0445756912231445,-5.022546291351318,-4.954543113708496,-4.883556842803955,-4.855030059814453,-4.829181671142578,-4.775589942932129,-4.738754749298096,-4.683950901031494,-4.63098669052124,-4.57609748840332,-4.531570911407471,-4.4710798263549805,-4.408298492431641,-4.365067958831787,-4.322687149047852,-4.292800426483154,-4.257770538330078,-4.202629566192627,-4.140597343444824,-4.080926418304443,-4.042695999145508,-4.027846813201904,-3.996666669845581,-3.968996524810791,-3.9265100955963135,-3.8739256858825684,-3.8133530616760254,-3.7687437534332275,-3.7486369609832764,-3.710174560546875,-3.677743673324585,-3.658538579940796,-3.6412501335144043,-3.6071724891662598,-3.5723679065704346,-3.534868001937866,-3.4894909858703613,-3.4484686851501465,-3.418494939804077,-3.389356851577759,-3.3580918312072754,-3.324087142944336,-3.2926344871520996,-3.2707128524780273,-3.2571866512298584,-3.23465895652771,-3.207961082458496,-3.176657199859619,-3.1485021114349365,-3.1241295337677,-3.1008055210113525,-3.07314395904541,-3.0440895557403564,-3.0183255672454834,-2.9985785484313965,-2.975275993347168,-2.9495513439178467,-2.9300475120544434,-2.9137208461761475,-2.8958563804626465,-2.8716256618499756,-2.8491179943084717,-2.8315885066986084,-2.809109926223755,-2.7784557342529297,-2.741231918334961,-2.707288980484009,-2.686918258666992,-2.672106981277466,-2.658341646194458,-2.6433537006378174,-2.630045175552368,-2.610966682434082,-2.594780206680298,-2.5809953212738037,-2.562859058380127,-2.5443596839904785,-2.5211923122406006,-2.4945414066314697,-2.4721288681030273,-2.451780319213867,-2.4347007274627686,-2.410339593887329,-2.380105495452881,-2.3441693782806396,-2.301227569580078,-2.262413501739502,-2.231348991394043,-2.204463481903076,-2.1837143898010254,-2.162522554397583,-2.1382944583892822,-2.111867904663086,-2.0851352214813232,-2.059669256210327,-2.033609390258789,-2.0074524879455566,-1.9783830642700195,-1.945296049118042,-1.908571720123291,-1.8694462776184082,-1.8280200958251953,-1.791131854057312,-1.7561362981796265,-1.7254462242126465,-1.697080135345459,-1.671671748161316,-1.6498380899429321,-1.6327223777770996,-1.6166186332702637,-1.597638726234436,-1.5743093490600586,-1.547646403312683,-1.5169938802719116,-1.4819550514221191,-1.4455043077468872,-1.4108492136001587,-1.3792064189910889,-1.348727822303772,-1.3208774328231812,-1.2946330308914185,-1.2677839994430542,-1.2393691539764404,-1.2063199281692505,-1.169075608253479,-1.1316663026809692,-1.0936511754989624,-1.0554401874542236,-1.0175700187683105,-0.9806414842605591,-0.9459020495414734,-0.9142687320709229,-0.8857846260070801,-0.8584258556365967,-0.8323445916175842,-0.8058854341506958,-0.7802273631095886,-0.7560691237449646,-0.7312266826629639,-0.7051894664764404,-0.6786187887191772,-0.6501715779304504,-0.6192076802253723,-0.5852676630020142,-0.5490138530731201,-0.5099408030509949,-0.46988895535469055,-0.431852787733078,-0.3982197344303131,-0.3693717420101166,-0.34355470538139343,-0.31953108310699463,-0.29586365818977356,-0.26956427097320557,-0.23973703384399414,-0.20761463046073914,-0.17564280331134796,-0.14515402913093567,-0.11661034822463989,-0.089754119515419,-0.06394218653440475,-0.03640344738960266,-0.003994360566139221,0.03209379315376282,0.07024199515581131,0.10943461954593658,0.14933013916015625,0.18980547785758972,0.230767622590065,0.27241185307502747,0.31653520464897156,0.36301538348197937,0.4122483730316162,0.46443524956703186,0.5189287066459656,0.5728881359100342,0.6263275742530823,0.6807119846343994,0.7347663640975952,0.7877516150474548,0.8412553668022156,0.8967925310134888,0.9490714073181152,1.0035467147827148,1.0589139461517334,1.1150676012039185,1.1687355041503906,1.2204515933990479,1.2663980722427368,1.3093572854995728,1.3539413213729858,1.399242877960205,1.4487297534942627,1.4983612298965454,1.5436562299728394,1.5878311395645142,1.629589319229126,1.6738239526748657,1.7195791006088257,1.7647682428359985,1.8183727264404297,1.87777578830719,1.939297080039978,1.9875367879867554,2.043654441833496,2.1013355255126953,2.150127649307251,2.1977920532226562,2.253528118133545,2.3175783157348633,2.3662798404693604,2.4193952083587646,2.4670138359069824,2.5249667167663574,2.5802719593048096,2.6249449253082275,2.695122718811035,2.7513444423675537,2.8069393634796143,2.8601768016815186,2.9043076038360596,2.944705009460449,3.0129024982452393,3.079209327697754,3.124018430709839,3.1621220111846924,3.2488343715667725,3.3033699989318848,3.327094793319702,3.8310964107513428],"files":["scales.webp"]},"quats":{"files":["quats.webp"]},