{"version":2,"count":534130,"means":{"mins":[2.669493370720091,-4.173188208178116,-0.9644336867447377],"maxs":[3.024595874132433,-3.8921480747979285,3.1218884275530305],"files":["means_l.webp","means_u.webp"]},"scales":{"codebook":[-9.99894905090332,-9.980801582336426,-9.952393531799316,-9.917196273803711,-9.880474090576172,-9.842106819152832,-9.803900718688965,-9.766779899597168,-9.732325553894043,-9.699585914611816,-9.666147232055664,-9.63080883026123,-9.593679428100586,-9.55479907989502,-9.514267921447754,-9.474961280822754,-9.435651779174805,-9.395296096801758,-9.353671073913574,-9.311779975891113,-9.2713041305542,-9.231244087219238,-9.191685676574707,-9.151992797851562,-9.111937522888184,-9.070940017700195,-9.029657363891602,-8.989313125610352,-8.949285507202148,-8.910233497619629,-8.872208595275879,-8.836066246032715,-8.802042961120605,-8.769637107849121,-8.735331535339355,-8.699633598327637,-8.661888122558594,-8.622903823852539,-8.583603858947754,-8.54305362701416,-8.503721237182617,-8.463863372802734,-8.422919273376465,-8.38205337524414,-8.3416166305542,-8.300708770751953,-8.26099967956543,-8.220521926879883,-8.18076229095459,-8.140034675598145,-8.099483489990234,-8.05866527557373,-8.01818561553955,-7.978389739990234,-7.937431335449219,-7.896327018737793,-7.855278015136719,-7.814332485198975,-7.774477005004883,-7.734320163726807,-7.694220542907715,-7.653823375701904,-7.612499237060547,-7.571143627166748,-7.530863285064697,-7.490686893463135,-7.45155143737793,-7.410923957824707,-7.370275974273682,-7.330501079559326,-7.290318489074707,-7.249363899230957,-7.209473609924316,-7.168703079223633,-7.1280317306518555,-7.087460041046143,-7.046880722045898,-7.006200313568115,-6.965383529663086,-6.924313068389893,-6.884800434112549,-6.84450626373291,-6.803929328918457,-6.763519763946533,-6.722776889801025,-6.68254280090332,-6.641789436340332,-6.600776672363281,-6.5604352951049805,-6.519391059875488,-6.478886604309082,-6.438628196716309,-6.398797988891602,-6.358665943145752,-6.317906856536865,-6.277660846710205,-6.236915111541748,-6.1962199211120605,-6.154980659484863,-6.114143371582031,-6.074146270751953,-6.034600257873535,-5.996326446533203,-5.96046781539917,-5.927020072937012,-5.89636754989624,-5.8681793212890625,-5.840613842010498,-5.8119730949401855,-5.780763626098633,-5.746827125549316,-5.711429119110107,-5.675879955291748,-5.641273021697998,-5.6079912185668945,-5.575094223022461,-5.541179180145264,-5.505126953125,-5.466979026794434,-5.427667617797852,-5.387380599975586,-5.347353935241699,-5.307520389556885,-5.267216682434082,-5.22674036026001,-5.185994625091553,-5.1453962326049805,-5.104788780212402,-5.06456184387207,-5.024684906005859,-4.9849114418029785,-4.944218635559082,-4.903465747833252,-4.863160133361816,-4.8225789070129395,-4.782166481018066,-4.7419023513793945,-4.701657772064209,-4.662363529205322,-4.624540328979492,-4.588293552398682,-4.553648948669434,-4.520540237426758,-4.48684549331665,-4.451924800872803,-4.4155659675598145,-4.3770222663879395,-4.337642192840576,-4.298482418060303,-4.260415554046631,-4.224280834197998,-4.18983793258667,-4.156266212463379,-4.122846603393555,-4.088548183441162,-4.052161693572998,-4.013698101043701,-3.974179744720459,-3.9339513778686523,-3.8938446044921875,-3.8541994094848633,-3.814990520477295,-3.7773001194000244,-3.741685390472412,-3.7080211639404297,-3.6751599311828613,-3.641444683074951,-3.6059229373931885,-3.568711996078491,-3.529465675354004,-3.489997386932373,-3.4495089054107666,-3.409313917160034,-3.3683762550354004,-3.327392339706421,-3.286198616027832,-3.2459232807159424,-3.2059242725372314,-3.1666626930236816,-3.1263647079467773,-3.0862784385681152,-3.045837879180908,-3.0052943229675293,-2.964646577835083,-2.9235575199127197,-2.882183074951172,-2.841097116470337,-2.800811529159546,-2.759575128555298,-2.71884822845459,-2.6782450675964355,-2.6373512744903564,-2.597099542617798,-2.5572891235351562,-2.5179498195648193,-2.4797749519348145,-2.4392249584198,-2.399308919906616,-2.359428882598877,-2.3164327144622803,-2.2774312496185303,-2.238262414932251,-2.195866107940674,-2.1520509719848633,-2.1109352111816406,-2.0703489780426025,-2.0342726707458496,-2.003220558166504,-1.960175633430481,-1.9164087772369385,-1.8747762441635132,-1.8338884115219116,-1.791742205619812,-1.7516977787017822,-1.7078344821929932,-1.6665194034576416,-1.6265426874160767,-1.5890744924545288,-1.5462851524353027,-1.5059497356414795,-1.4654022455215454,-1.424058198928833,-1.3862911462783813,-1.3504730463027954,-1.305289626121521,-1.2636785507202148,-1.2310136556625366,-1.1920642852783203,-1.1560088396072388,-1.103607177734375,-1.0560104846954346,-1.020935297012329,-0.9910541772842407,-0.952623724937439,-0.9045687913894653,-0.849747359752655,-0.8210696578025818,-0.7861468195915222,-0.7480840086936951,-0.6967872381210327,-0.6538300514221191,-0.6119186282157898,-0.5819913744926453,-0.5393520593643188,-0.493150919675827,-0.4531884491443634,-0.4017558693885803,-0.36950230598449707,-0.31603389978408813,-0.280266672372818,-0.21646088361740112,-0.18094560503959656,-0.13268473744392395,0.046977847814559937,0.08068406581878662,0.3148767948150635],"files":["scales.webp"]},"quats":{"files":["quats.webp"]},