{"version":2,"count":528649,"means":{"mins":[-2.537620092805973,1.625687201420451,-1.2992148591194308],"maxs":[3.1588959889147192,3.110361945771891,2.977572933383156],"files":["means_l.webp","means_u.webp"]},"scales":{"codebook":[-9.998811721801758,-9.9585599899292,-9.918082237243652,-9.874146461486816,-9.830641746520996,-9.787853240966797,-9.745800971984863,-9.702423095703125,-9.660040855407715,-9.61983585357666,-9.580785751342773,-9.538556098937988,-9.4960298538208,-9.45206356048584,-9.41016674041748,-9.369912147521973,-9.329276084899902,-9.28573989868164,-9.243063926696777,-9.198966026306152,-9.15554141998291,-9.113255500793457,-9.073734283447266,-9.031038284301758,-8.990001678466797,-8.9465913772583,-8.90416145324707,-8.860954284667969,-8.820881843566895,-8.781306266784668,-8.738554000854492,-8.695502281188965,-8.654203414916992,-8.610511779785156,-8.569337844848633,-8.52670669555664,-8.484216690063477,-8.440937995910645,-8.39932918548584,-8.357122421264648,-8.315621376037598,-8.274968147277832,-8.233333587646484,-8.19050407409668,-8.147843360900879,-8.105584144592285,-8.0632905960083,-8.020127296447754,-7.977066516876221,-7.935038089752197,-7.893239498138428,-7.850766658782959,-7.808087348937988,-7.766887664794922,-7.724399089813232,-7.682466983795166,-7.6400556564331055,-7.597855091094971,-7.555891990661621,-7.513552188873291,-7.471182346343994,-7.429298400878906,-7.387316703796387,-7.345574855804443,-7.304873943328857,-7.265356540679932,-7.227430820465088,-7.191319942474365,-7.156720161437988,-7.12225866317749,-7.086034774780273,-7.048083305358887,-7.007929801940918,-6.966577529907227,-6.924829483032227,-6.882838726043701,-6.840630531311035,-6.79869270324707,-6.756596088409424,-6.714756488800049,-6.672773838043213,-6.631141662597656,-6.589005470275879,-6.546868324279785,-6.504991054534912,-6.463271141052246,-6.420791149139404,-6.3788628578186035,-6.3361616134643555,-6.293773174285889,-6.251620292663574,-6.209970474243164,-6.168487548828125,-6.128403663635254,-6.089364051818848,-6.052196979522705,-6.017235279083252,-5.982625961303711,-5.947536468505859,-5.910994052886963,-5.872095108032227,-5.830857276916504,-5.789325714111328,-5.747503757476807,-5.705835819244385,-5.664358139038086,-5.622725486755371,-5.581675052642822,-5.542191505432129,-5.505023956298828,-5.4691853523254395,-5.4351067543029785,-5.400242328643799,-5.363537311553955,-5.324751853942871,-5.2843217849731445,-5.243029594421387,-5.201205253601074,-5.1591997146606445,-5.117222785949707,-5.075248718261719,-5.033161163330078,-4.991184711456299,-4.949828624725342,-4.909518718719482,-4.870464324951172,-4.833799839019775,-4.79896879196167,-4.764769077301025,-4.7293620109558105,-4.691937446594238,-4.653059959411621,-4.612448692321777,-4.5709614753723145,-4.528751373291016,-4.486898899078369,-4.444394588470459,-4.402373313903809,-4.360357761383057,-4.318531513214111,-4.276519298553467,-4.234817028045654,-4.193767070770264,-4.153690814971924,-4.115743160247803,-4.079998970031738,-4.045808792114258,-4.011396884918213,-3.9747824668884277,-3.936631917953491,-3.8964738845825195,-3.854743480682373,-3.8130123615264893,-3.771286725997925,-3.72908091545105,-3.687422037124634,-3.6458027362823486,-3.6037395000457764,-3.5613417625427246,-3.5192341804504395,-3.477357864379883,-3.4351866245269775,-3.3930280208587646,-3.3499224185943604,-3.3076348304748535,-3.2657651901245117,-3.223193407058716,-3.1810619831085205,-3.1395246982574463,-3.098078489303589,-3.05593204498291,-3.0128893852233887,-2.9709384441375732,-2.9285190105438232,-2.8856849670410156,-2.8438291549682617,-2.801978826522827,-2.759913682937622,-2.7170019149780273,-2.675978660583496,-2.635307788848877,-2.5941622257232666,-2.5522332191467285,-2.5103845596313477,-2.468222141265869,-2.426048755645752,-2.3834166526794434,-2.3409337997436523,-2.2979049682617188,-2.2564327716827393,-2.2115328311920166,-2.169196844100952,-2.1273534297943115,-2.085472345352173,-2.0444746017456055,-2.003748893737793,-1.9630951881408691,-1.9221240282058716,-1.878447413444519,-1.8362733125686646,-1.7931571006774902,-1.7522289752960205,-1.7129802703857422,-1.6713613271713257,-1.6272823810577393,-1.5794811248779297,-1.5362260341644287,-1.495008111000061,-1.4535636901855469,-1.4121938943862915,-1.3703243732452393,-1.330646276473999,-1.2863329648971558,-1.2415837049484253,-1.2015289068222046,-1.1609137058258057,-1.1199291944503784,-1.0760910511016846,-1.0318466424942017,-0.9950743913650513,-0.9499602913856506,-0.9062305688858032,-0.8624604344367981,-0.8226019740104675,-0.783528208732605,-0.7414814233779907,-0.6953698396682739,-0.6526475548744202,-0.610386312007904,-0.5647065043449402,-0.5236965417861938,-0.4799303412437439,-0.44421496987342834,-0.39735710620880127,-0.36080464720726013,-0.3243284225463867,-0.27323246002197266,-0.23596949875354767,-0.18561889231204987,-0.14537735283374786,-0.10448551923036575,-0.06302787363529205,-0.025624150410294533,0.020476026460528374,0.06710135191679001,0.11582484841346741,0.14703033864498138,0.20111072063446045,0.24189333617687225,0.263800710439682,0.30367642641067505,0.36463111639022827,0.3998354971408844,0.42565104365348816,0.5699560642242432,0.7345166802406311],"files":["scales.webp"]},"quats":{"files":["quats.webp"]},