{"version":2,"count":525056,"means":{"mins":[3.358868878018223,1.6256919867543598,-1.33742584059489],"maxs":[4.259748368359439,4.391583086570481,3.1012897131041157],"files":["means_l.webp","means_u.webp"]},"scales":{"codebook":[-9.999174118041992,-9.952351570129395,-9.906867027282715,-9.861504554748535,-9.815524101257324,-9.769625663757324,-9.724353790283203,-9.679912567138672,-9.635869979858398,-9.589544296264648,-9.543700218200684,-9.499191284179688,-9.455489158630371,-9.410914421081543,-9.3658447265625,-9.319945335388184,-9.274759292602539,-9.229586601257324,-9.184885025024414,-9.138964653015137,-9.092753410339355,-9.04837417602539,-9.00381851196289,-8.956695556640625,-8.910256385803223,-8.864742279052734,-8.82054328918457,-8.775851249694824,-8.731813430786133,-8.685832023620605,-8.641595840454102,-8.596597671508789,-8.550315856933594,-8.503129005432129,-8.4575777053833,-8.413576126098633,-8.368988990783691,-8.324067115783691,-8.27866268157959,-8.233118057250977,-8.187745094299316,-8.141292572021484,-8.09647274017334,-8.05247974395752,-8.007280349731445,-7.961716651916504,-7.91676664352417,-7.871375560760498,-7.82565450668335,-7.779539585113525,-7.734069347381592,-7.687896251678467,-7.643453598022461,-7.59871244430542,-7.554205417633057,-7.508716583251953,-7.4625139236450195,-7.417008876800537,-7.371407508850098,-7.326562404632568,-7.281097412109375,-7.235916614532471,-7.189509868621826,-7.144222736358643,-7.0999321937561035,-7.055063247680664,-7.009737968444824,-6.963798999786377,-6.917668342590332,-6.872630596160889,-6.827104091644287,-6.781263828277588,-6.735812664031982,-6.690494060516357,-6.645033359527588,-6.600671291351318,-6.555602073669434,-6.5103559494018555,-6.465395927429199,-6.419554710388184,-6.373861789703369,-6.328786849975586,-6.2835493087768555,-6.23812198638916,-6.192076683044434,-6.146597385406494,-6.101920127868652,-6.057021617889404,-6.0123982429504395,-5.9686384201049805,-5.925675868988037,-5.884855270385742,-5.846436023712158,-5.809149265289307,-5.771536827087402,-5.732795238494873,-5.69179630279541,-5.648410320281982,-5.60401725769043,-5.5586700439453125,-5.51410436630249,-5.468612194061279,-5.422872543334961,-5.377587795257568,-5.33228063583374,-5.286907196044922,-5.241527080535889,-5.196868419647217,-5.151645660400391,-5.106692314147949,-5.062069892883301,-5.016919136047363,-4.971580982208252,-4.926397323608398,-4.880693435668945,-4.834754943847656,-4.788906574249268,-4.743630886077881,-4.6981892585754395,-4.652924060821533,-4.607291221618652,-4.562005996704102,-4.516894340515137,-4.4718403816223145,-4.426757335662842,-4.381925106048584,-4.336037635803223,-4.290787220001221,-4.245692253112793,-4.200387954711914,-4.155147075653076,-4.110016345977783,-4.065013885498047,-4.01959753036499,-3.974458694458008,-3.9292173385620117,-3.883613348007202,-3.838780641555786,-3.793492078781128,-3.7480502128601074,-3.7023632526397705,-3.657299041748047,-3.6122968196868896,-3.566375255584717,-3.521045684814453,-3.47563099861145,-3.4307117462158203,-3.385765314102173,-3.3404576778411865,-3.294675350189209,-3.2492222785949707,-3.2034659385681152,-3.15785813331604,-3.1128275394439697,-3.068085193634033,-3.022952079772949,-2.977933406829834,-2.933012008666992,-2.8879544734954834,-2.8451411724090576,-2.8044581413269043,-2.765643358230591,-2.7281925678253174,-2.691149950027466,-2.65271258354187,-2.6122772693634033,-2.5699076652526855,-2.525836944580078,-2.480956554412842,-2.435441493988037,-2.390092611312866,-2.3447329998016357,-2.2991206645965576,-2.2538366317749023,-2.2090446949005127,-2.163717746734619,-2.1182167530059814,-2.0728514194488525,-2.0286076068878174,-1.9866377115249634,-1.9400408267974854,-1.893381953239441,-1.847671389579773,-1.8023037910461426,-1.7572627067565918,-1.711958408355713,-1.6667590141296387,-1.6211544275283813,-1.575821042060852,-1.5312719345092773,-1.4863734245300293,-1.44106125831604,-1.3959242105484009,-1.3510504961013794,-1.30601167678833,-1.2615498304367065,-1.2161206007003784,-1.170546531677246,-1.1247773170471191,-1.0781290531158447,-1.031936526298523,-0.9866658449172974,-0.9430106282234192,-0.8981242179870605,-0.8533003330230713,-0.80767822265625,-0.7606360912322998,-0.7148998379707336,-0.6686386466026306,-0.6245463490486145,-0.5807267427444458,-0.5351981520652771,-0.48872941732406616,-0.44180959463119507,-0.3964771628379822,-0.35111624002456665,-0.30457907915115356,-0.2596833407878876,-0.21619829535484314,-0.17280419170856476,-0.12827585637569427,-0.08335265517234802,-0.03720612823963165,0.010174231603741646,0.053603798151016235,0.09861434996128082,0.14123781025409698,0.18318384885787964,0.22934800386428833,0.2768732011318207,0.32150036096572876,0.36781296133995056,0.4101802110671997,0.4515717327594757,0.49710842967033386,0.5496665239334106,0.5928377509117126,0.6432775259017944,0.6887369155883789,0.7310743927955627,0.7870242595672607,0.825416088104248,0.8740605711936951,0.9163432717323303,0.9529563188552856,0.9885122179985046,1.0463836193084717,1.0947539806365967,1.139003038406372,1.1819936037063599,1.2615711688995361,1.3251259326934814,1.3547602891921997,1.4004483222961426,1.5062239170074463,1.549424409866333],"files":["scales.webp"]},"quats":{"files":["quats.webp"]},