{"version":2,"count":297051,"means":{"mins":[3.3588774341943446,1.6257162883907759,-1.6331730429781128],"maxs":[4.953272032472664,4.649655384650748,3.1011713688880254],"files":["means_l.webp","means_u.webp"]},"scales":{"codebook":[-9.9992036819458,-9.952506065368652,-9.904756546020508,-9.856392860412598,-9.809072494506836,-9.760751724243164,-9.713397026062012,-9.66478157043457,-9.616650581359863,-9.568377494812012,-9.522403717041016,-9.475363731384277,-9.429464340209961,-9.381427764892578,-9.33509635925293,-9.287919044494629,-9.241703033447266,-9.194084167480469,-9.146759986877441,-9.098540306091309,-9.051570892333984,-9.004122734069824,-8.955965042114258,-8.908483505249023,-8.85952377319336,-8.810489654541016,-8.762690544128418,-8.716719627380371,-8.672451972961426,-8.625205039978027,-8.576336860656738,-8.529582023620605,-8.48388957977295,-8.434185028076172,-8.385309219360352,-8.337628364562988,-8.289929389953613,-8.242586135864258,-8.194755554199219,-8.147066116333008,-8.100504875183105,-8.053950309753418,-8.006403923034668,-7.958047866821289,-7.911008358001709,-7.8639678955078125,-7.815205097198486,-7.7680559158325195,-7.7208170890808105,-7.67438268661499,-7.628013610839844,-7.5806097984313965,-7.531635284423828,-7.481364727020264,-7.434506893157959,-7.387460708618164,-7.3400492668151855,-7.293871879577637,-7.246731758117676,-7.199426174163818,-7.1518354415893555,-7.102909088134766,-7.055224895477295,-7.008029460906982,-6.960878372192383,-6.913208961486816,-6.8661322593688965,-6.817567348480225,-6.770303249359131,-6.723453044891357,-6.6752424240112305,-6.628519058227539,-6.582357883453369,-6.533903121948242,-6.485191345214844,-6.438093662261963,-6.390840530395508,-6.34290885925293,-6.295033931732178,-6.247661113739014,-6.201645374298096,-6.154900550842285,-6.107725143432617,-6.05992317199707,-6.012745380401611,-5.965066909790039,-5.917898654937744,-5.869176864624023,-5.8201727867126465,-5.771762371063232,-5.7241997718811035,-5.676286697387695,-5.629825592041016,-5.583375930786133,-5.53702974319458,-5.4903130531311035,-5.442622184753418,-5.395256042480469,-5.346940994262695,-5.298990726470947,-5.251073837280273,-5.204479217529297,-5.156983852386475,-5.108841896057129,-5.061092853546143,-5.013741493225098,-4.9668869972229,-4.919611930847168,-4.872513771057129,-4.825012683868408,-4.77766227722168,-4.730088710784912,-4.681589603424072,-4.633588790893555,-4.585953712463379,-4.53961706161499,-4.491837024688721,-4.444656848907471,-4.397324562072754,-4.34941291809082,-4.301418781280518,-4.253328800201416,-4.205745697021484,-4.158383369445801,-4.111105918884277,-4.064774036407471,-4.017554759979248,-3.9697444438934326,-3.922295093536377,-3.8752992153167725,-3.8280446529388428,-3.781545639038086,-3.733865261077881,-3.6859185695648193,-3.6379361152648926,-3.590108871459961,-3.5429179668426514,-3.4953224658966064,-3.4478914737701416,-3.4023118019104004,-3.3574166297912598,-3.3147969245910645,-3.2747349739074707,-3.235750198364258,-3.1967952251434326,-3.156123161315918,-3.1141324043273926,-3.072596311569214,-3.03230881690979,-2.9925894737243652,-2.9535014629364014,-2.9139366149902344,-2.8724474906921387,-2.8285741806030273,-2.78342342376709,-2.7368898391723633,-2.689767360687256,-2.6425695419311523,-2.5955121517181396,-2.5477662086486816,-2.499896287918091,-2.4532597064971924,-2.4075379371643066,-2.363511562347412,-2.32133412361145,-2.28189754486084,-2.2433509826660156,-2.2038614749908447,-2.1613361835479736,-2.118380308151245,-2.0758326053619385,-2.036294937133789,-2.000580310821533,-1.9622752666473389,-1.924683690071106,-1.8886916637420654,-1.8528292179107666,-1.8156323432922363,-1.776917576789856,-1.735628604888916,-1.6919046640396118,-1.6459932327270508,-1.6008589267730713,-1.5567622184753418,-1.5148556232452393,-1.4752781391143799,-1.4374439716339111,-1.3978134393692017,-1.3565162420272827,-1.3129507303237915,-1.2672935724258423,-1.219951868057251,-1.1741886138916016,-1.126987338066101,-1.0793732404708862,-1.0311778783798218,-0.9828625917434692,-0.9357497096061707,-0.8893637657165527,-0.8417518138885498,-0.7944033145904541,-0.7465962171554565,-0.7000567317008972,-0.6536977291107178,-0.606532633304596,-0.5576355457305908,-0.5114861726760864,-0.46245938539505005,-0.41574764251708984,-0.3677588105201721,-0.31971898674964905,-0.2729138433933258,-0.22492651641368866,-0.17808865010738373,-0.13003212213516235,-0.0780913308262825,-0.03348076716065407,0.01566408947110176,0.06368862092494965,0.10752980411052704,0.15455344319343567,0.20059026777744293,0.24771574139595032,0.29618367552757263,0.3491441607475281,0.40125250816345215,0.44797655940055847,0.49473825097084045,0.5352234244346619,0.5786479115486145,0.621667742729187,0.6742258071899414,0.7242251634597778,0.7696449160575867,0.815963864326477,0.8708926439285278,0.9205700755119324,0.9656906127929688,1.013957142829895,1.0605353116989136,1.1104540824890137,1.1562520265579224,1.2055449485778809,1.2510135173797607,1.2977921962738037,1.3359262943267822,1.3862206935882568,1.4397095441818237,1.4897369146347046,1.5338761806488037,1.5859237909317017,1.6329056024551392,1.7280224561691284,1.7812752723693848,2.0362443923950195,2.1061108112335205],"files":["scales.webp"]},"quats":{"files":["quats.webp"]},