{"version":2,"count":525932,"means":{"mins":[-2.5377117653643246,-1.4829998004819969,-1.3527511459077313],"maxs":[4.3131433616075965,2.768230484018657,3.180717230572406],"files":["means_l.webp","means_u.webp"]},"scales":{"codebook":[-9.99893569946289,-9.956966400146484,-9.911325454711914,-9.864933967590332,-9.81884479522705,-9.772965431213379,-9.727544784545898,-9.682005882263184,-9.638010025024414,-9.594082832336426,-9.547484397888184,-9.500649452209473,-9.455080032348633,-9.408784866333008,-9.36358642578125,-9.318339347839355,-9.273059844970703,-9.227280616760254,-9.182321548461914,-9.137285232543945,-9.092357635498047,-9.04743766784668,-9.00157642364502,-8.956207275390625,-8.912288665771484,-8.867578506469727,-8.822430610656738,-8.777156829833984,-8.731569290161133,-8.686734199523926,-8.641829490661621,-8.596451759338379,-8.551576614379883,-8.505687713623047,-8.459242820739746,-8.413576126098633,-8.368759155273438,-8.322487831115723,-8.276941299438477,-8.231484413146973,-8.1857271194458,-8.140172004699707,-8.094593048095703,-8.050149917602539,-8.005172729492188,-7.959794998168945,-7.914604663848877,-7.868809700012207,-7.8241190910339355,-7.779305458068848,-7.733851432800293,-7.687774181365967,-7.64135217666626,-7.595217704772949,-7.550178050994873,-7.505341053009033,-7.459375381469727,-7.413943290710449,-7.3687615394592285,-7.323288917541504,-7.277312755584717,-7.231869697570801,-7.1877522468566895,-7.143104553222656,-7.09733247756958,-7.051821708679199,-7.006627082824707,-6.961665630340576,-6.917597770690918,-6.877110004425049,-6.840380668640137,-6.806766986846924,-6.773805618286133,-6.7417120933532715,-6.708423137664795,-6.672739028930664,-6.634542942047119,-6.594871997833252,-6.5557861328125,-6.517600059509277,-6.480332851409912,-6.44395637512207,-6.406674861907959,-6.366168022155762,-6.323880195617676,-6.280457496643066,-6.235784530639648,-6.189792156219482,-6.144183158874512,-6.099682331085205,-6.054271221160889,-6.009009838104248,-5.9633893966674805,-5.918037414550781,-5.872908592224121,-5.828234672546387,-5.783567428588867,-5.738604545593262,-5.692750453948975,-5.647425174713135,-5.602281093597412,-5.556527614593506,-5.510610580444336,-5.464630126953125,-5.419684410095215,-5.373874187469482,-5.328277587890625,-5.282991409301758,-5.237725257873535,-5.1924848556518555,-5.147354602813721,-5.101532459259033,-5.0561604499816895,-5.0108418464660645,-4.966114521026611,-4.920627593994141,-4.875113010406494,-4.8302836418151855,-4.785111904144287,-4.739566326141357,-4.693979740142822,-4.648937702178955,-4.603623390197754,-4.558281421661377,-4.512997150421143,-4.467067241668701,-4.421087741851807,-4.375716686248779,-4.330829620361328,-4.285922527313232,-4.241175174713135,-4.1978278160095215,-4.155832290649414,-4.115859031677246,-4.0778632164001465,-4.041053295135498,-4.003296375274658,-3.963595390319824,-3.9219717979431152,-3.8779377937316895,-3.834286689758301,-3.79164457321167,-3.751558780670166,-3.713294267654419,-3.6757702827453613,-3.6385598182678223,-3.599780559539795,-3.5586397647857666,-3.5155675411224365,-3.471201181411743,-3.4258124828338623,-3.3803327083587646,-3.334744691848755,-3.28957462310791,-3.244136095046997,-3.198596239089966,-3.1531319618225098,-3.1083903312683105,-3.064293146133423,-3.0212888717651367,-2.980163097381592,-2.941019296646118,-2.90354061126709,-2.8664448261260986,-2.8281233310699463,-2.787569761276245,-2.7447705268859863,-2.7004222869873047,-2.655247449874878,-2.61026668548584,-2.5648794174194336,-2.5196173191070557,-2.474259376525879,-2.4287850856781006,-2.3836464881896973,-2.3402493000030518,-2.297823667526245,-2.2571442127227783,-2.2190539836883545,-2.1815688610076904,-2.1438660621643066,-2.105973958969116,-2.068612575531006,-2.03381609916687,-2.0026540756225586,-1.963966727256775,-1.9242421388626099,-1.882797122001648,-1.840101957321167,-1.7966220378875732,-1.7526363134384155,-1.7076047658920288,-1.6649917364120483,-1.62510347366333,-1.5862623453140259,-1.5495057106018066,-1.513489842414856,-1.4746487140655518,-1.4328402280807495,-1.3894658088684082,-1.3433537483215332,-1.296729326248169,-1.2502586841583252,-1.204958438873291,-1.159591555595398,-1.1156734228134155,-1.0704056024551392,-1.0243765115737915,-0.9781421422958374,-0.9319747686386108,-0.8865147233009338,-0.8412008285522461,-0.7968709468841553,-0.7547016739845276,-0.7114090323448181,-0.6644670963287354,-0.6183497905731201,-0.5716453194618225,-0.5250661969184875,-0.48167991638183594,-0.43875864148139954,-0.39024618268013,-0.34215712547302246,-0.29967188835144043,-0.2522711455821991,-0.20686809718608856,-0.16369374096393585,-0.11715930700302124,-0.07065749913454056,-0.020258348435163498,0.029319489374756813,0.07692557573318481,0.12691324949264526,0.16043025255203247,0.19152238965034485,0.2408003807067871,0.2899515926837921,0.33329764008522034,0.37676313519477844,0.4257398545742035,0.45855018496513367,0.5140511393547058,0.5585448145866394,0.5909132361412048,0.6346781849861145,0.6810102462768555,0.7392171025276184,0.7942925095558167,0.8430687785148621,0.8768810629844666,0.9310377836227417,0.9719090461730957,1.0069524049758911,1.0835998058319092,1.097822904586792,1.5625615119934082],"files":["scales.webp"]},"quats":{"files":["quats.webp"]},