{"version":2,"count":479665,"means":{"mins":[1.9224762973254366,-3.8921479969724744,-1.2869160246833962],"maxs":[5.031678399319833,4.479656492299853,3.5458170501453568],"files":["means_l.webp","means_u.webp"]},"scales":{"codebook":[-9.998900413513184,-9.961063385009766,-9.911138534545898,-9.861163139343262,-9.811983108520508,-9.762629508972168,-9.714917182922363,-9.666236877441406,-9.617471694946289,-9.56868839263916,-9.52017593383789,-9.471315383911133,-9.424158096313477,-9.37677001953125,-9.328310012817383,-9.279291152954102,-9.231695175170898,-9.184577941894531,-9.136868476867676,-9.088480949401855,-9.040172576904297,-8.992398262023926,-8.943962097167969,-8.894794464111328,-8.847151756286621,-8.799400329589844,-8.751380920410156,-8.702949523925781,-8.654092788696289,-8.605738639831543,-8.558613777160645,-8.509952545166016,-8.461898803710938,-8.41420841217041,-8.366235733032227,-8.31795597076416,-8.270414352416992,-8.22332763671875,-8.176283836364746,-8.127931594848633,-8.08072566986084,-8.031234741210938,-7.9830732345581055,-7.934869289398193,-7.885651588439941,-7.8374481201171875,-7.790369510650635,-7.7440361976623535,-7.699455261230469,-7.657472610473633,-7.617012977600098,-7.577357769012451,-7.5378618240356445,-7.496068954467773,-7.4511895179748535,-7.405749797821045,-7.357883930206299,-7.310103416442871,-7.261771202087402,-7.213346004486084,-7.165321350097656,-7.116989612579346,-7.069071292877197,-7.020618438720703,-6.972877025604248,-6.926158905029297,-6.8789825439453125,-6.83082914352417,-6.782439708709717,-6.734716415405273,-6.685711860656738,-6.637698650360107,-6.590293884277344,-6.541372299194336,-6.492821216583252,-6.44449520111084,-6.396616458892822,-6.3485026359558105,-6.300850868225098,-6.252702713012695,-6.204519271850586,-6.156757831573486,-6.108283996582031,-6.06030797958374,-6.011752605438232,-5.964066028594971,-5.915894985198975,-5.868310451507568,-5.82017707824707,-5.772242546081543,-5.724526882171631,-5.676694869995117,-5.629923343658447,-5.582435607910156,-5.534426689147949,-5.486382484436035,-5.440773963928223,-5.3972673416137695,-5.356330394744873,-5.316904067993164,-5.277078628540039,-5.236093044281006,-5.192790985107422,-5.147561550140381,-5.100947380065918,-5.053258419036865,-5.00499153137207,-4.957563877105713,-4.9093337059021,-4.860594272613525,-4.8116536140441895,-4.763241291046143,-4.715653896331787,-4.668188095092773,-4.620922088623047,-4.5747389793396,-4.530270099639893,-4.489192962646484,-4.449862957000732,-4.410600662231445,-4.3703131675720215,-4.328125,-4.282756805419922,-4.235544681549072,-4.1878132820129395,-4.13941764831543,-4.091446399688721,-4.043557643890381,-3.9958841800689697,-3.9476943016052246,-3.900056838989258,-3.8520307540893555,-3.8045260906219482,-3.7564644813537598,-3.7082719802856445,-3.66031813621521,-3.6122310161590576,-3.5643084049224854,-3.5159780979156494,-3.4683308601379395,-3.42063045501709,-3.3729135990142822,-3.324881076812744,-3.2768545150756836,-3.229278802871704,-3.1813831329345703,-3.1332669258117676,-3.0862278938293457,-3.041144609451294,-2.9981720447540283,-2.957260847091675,-2.917804479598999,-2.8783376216888428,-2.8371219635009766,-2.793348789215088,-2.7479631900787354,-2.700684070587158,-2.6532020568847656,-2.6060738563537598,-2.5579628944396973,-2.508942127227783,-2.4606828689575195,-2.4127280712127686,-2.3643672466278076,-2.3161349296569824,-2.26802921295166,-2.2197916507720947,-2.171495199203491,-2.1257097721099854,-2.0848631858825684,-2.0504510402679443,-2.0219974517822266,-1.998152732849121,-1.943568229675293,-1.8902338743209839,-1.8395270109176636,-1.790183663368225,-1.7421841621398926,-1.6946005821228027,-1.646398663520813,-1.5980353355407715,-1.550278902053833,-1.5026054382324219,-1.4544316530227661,-1.4060771465301514,-1.358414888381958,-1.3105570077896118,-1.2616901397705078,-1.2128716707229614,-1.164534091949463,-1.1164685487747192,-1.0692964792251587,-1.0224720239639282,-0.9755113124847412,-0.927897572517395,-0.8799452185630798,-0.8303982019424438,-0.7793838381767273,-0.7313541173934937,-0.6836519241333008,-0.6358910202980042,-0.5885204076766968,-0.5411385297775269,-0.49463793635368347,-0.4454177916049957,-0.39745694398880005,-0.3502797484397888,-0.30293214321136475,-0.2565934658050537,-0.20718802511692047,-0.15917067229747772,-0.11002771556377411,-0.062529556453228,-0.01600388064980507,0.02856338769197464,0.07815299928188324,0.12770654261112213,0.1777411699295044,0.22617363929748535,0.27307912707328796,0.32114189863204956,0.3723422586917877,0.4199615716934204,0.47043994069099426,0.5175425410270691,0.5621745586395264,0.6120983362197876,0.6634505987167358,0.7104429006576538,0.7565469145774841,0.8045815229415894,0.8521592617034912,0.9044132828712463,0.9490560293197632,0.9949399828910828,1.042457938194275,1.0916815996170044,1.1429426670074463,1.1893057823181152,1.230269432067871,1.276546597480774,1.3154070377349854,1.3641772270202637,1.4174996614456177,1.4708753824234009,1.5265276432037354,1.5734564065933228,1.6290820837020874,1.663161277770996,1.7226125001907349,1.825610876083374,1.8584115505218506,1.8952088356018066,1.9417328834533691,2.113672971725464,2.2460479736328125],"files":["scales.webp"]},"quats":{"files":["quats.webp"]},