{"version":2,"count":534467,"means":{"mins":[-4.8697459362349695,-4.259228773644554,-1.4725485867963826],"maxs":[4.28829526503679,5.097118399454226,3.4417802118427123],"files":["means_l.webp","means_u.webp"]},"scales":{"codebook":[-9.99898624420166,-9.956096649169922,-9.904245376586914,-9.851095199584961,-9.798649787902832,-9.746429443359375,-9.69437313079834,-9.641229629516602,-9.589081764221191,-9.537532806396484,-9.485591888427734,-9.434272766113281,-9.382997512817383,-9.332283020019531,-9.280531883239746,-9.227423667907715,-9.17596435546875,-9.125059127807617,-9.074258804321289,-9.022429466247559,-8.970128059387207,-8.917764663696289,-8.867416381835938,-8.815476417541504,-8.7634859085083,-8.711930274963379,-8.660737037658691,-8.609292984008789,-8.558066368103027,-8.50614070892334,-8.454182624816895,-8.402799606323242,-8.35291576385498,-8.301863670349121,-8.250679969787598,-8.197352409362793,-8.14606761932373,-8.094514846801758,-8.043097496032715,-7.990732192993164,-7.938072681427002,-7.887194633483887,-7.834772109985352,-7.783202171325684,-7.733250141143799,-7.682690143585205,-7.632009983062744,-7.580761909484863,-7.528237819671631,-7.476252555847168,-7.424485206604004,-7.3727126121521,-7.321924209594727,-7.270489692687988,-7.218426704406738,-7.166724681854248,-7.1147894859313965,-7.064355373382568,-7.013285160064697,-6.961428642272949,-6.909181594848633,-6.856769561767578,-6.805022239685059,-6.7537360191345215,-6.702065944671631,-6.649787902832031,-6.597177028656006,-6.545492649078369,-6.495139122009277,-6.44404935836792,-6.391754150390625,-6.340047836303711,-6.288926601409912,-6.237127304077148,-6.185861110687256,-6.135195732116699,-6.083029747009277,-6.031574726104736,-5.980198383331299,-5.92893123626709,-5.878182411193848,-5.827240467071533,-5.775847434997559,-5.722853660583496,-5.670263767242432,-5.61907958984375,-5.568747043609619,-5.519021034240723,-5.470369815826416,-5.423997402191162,-5.380633354187012,-5.337954521179199,-5.295459747314453,-5.251709938049316,-5.205064296722412,-5.155351161956787,-5.104801177978516,-5.054122447967529,-5.003131866455078,-4.9515581130981445,-4.89967679977417,-4.848073482513428,-4.7965192794799805,-4.745597839355469,-4.694459915161133,-4.642983436584473,-4.590889930725098,-4.538966178894043,-4.487811088562012,-4.436470985412598,-4.388129234313965,-4.341971397399902,-4.297837257385254,-4.255945205688477,-4.214859962463379,-4.173460483551025,-4.1333465576171875,-4.093348979949951,-4.052809238433838,-4.010285377502441,-3.965334892272949,-3.9178783893585205,-3.868068218231201,-3.817352056503296,-3.7663116455078125,-3.715085744857788,-3.66386342048645,-3.612705707550049,-3.5620832443237305,-3.5128302574157715,-3.466101884841919,-3.4231412410736084,-3.384099006652832,-3.348925828933716,-3.3171026706695557,-3.287069320678711,-3.2569141387939453,-3.223315477371216,-3.1850528717041016,-3.1415767669677734,-3.0940911769866943,-3.0449328422546387,-2.994649887084961,-2.9434406757354736,-2.893087863922119,-2.8433279991149902,-2.7951457500457764,-2.750425338745117,-2.7073609828948975,-2.665321111679077,-2.6228644847869873,-2.5783421993255615,-2.530109167098999,-2.479792833328247,-2.428546667098999,-2.3771843910217285,-2.326728582382202,-2.2772529125213623,-2.229412317276001,-2.183185577392578,-2.1384692192077637,-2.093815565109253,-2.0496201515197754,-2.0079402923583984,-1.9615827798843384,-1.912541151046753,-1.8624688386917114,-1.8112711906433105,-1.7594170570373535,-1.708036184310913,-1.656930923461914,-1.6051435470581055,-1.5546377897262573,-1.5036139488220215,-1.4516206979751587,-1.3993858098983765,-1.347516655921936,-1.296688437461853,-1.2446166276931763,-1.1940760612487793,-1.1433100700378418,-1.0923641920089722,-1.041852593421936,-0.9907283186912537,-0.9380849599838257,-0.885936439037323,-0.8340062499046326,-0.7822815775871277,-0.7300158143043518,-0.6779972910881042,-0.6277040839195251,-0.576852023601532,-0.5255639553070068,-0.474384605884552,-0.42438504099845886,-0.37201616168022156,-0.32014700770378113,-0.2650994658470154,-0.2116083949804306,-0.1618509590625763,-0.11016838252544403,-0.05932110548019409,-0.00809513684362173,0.04052257537841797,0.09234864264726639,0.14385391771793365,0.1994112879037857,0.25010713934898376,0.29828688502311707,0.34573423862457275,0.39936506748199463,0.4540504515171051,0.5105326175689697,0.5665281414985657,0.6164173483848572,0.6624049544334412,0.7129260897636414,0.7658820152282715,0.8157258629798889,0.8641059994697571,0.9135668277740479,0.966198742389679,1.0180054903030396,1.069830298423767,1.1181482076644897,1.1674014329910278,1.2260724306106567,1.2853611707687378,1.3302067518234253,1.3750123977661133,1.4219228029251099,1.4764188528060913,1.527714729309082,1.5825881958007812,1.6345570087432861,1.6845426559448242,1.72042977809906,1.7710756063461304,1.8420897722244263,1.9059042930603027,1.934570550918579,1.983691692352295,2.056960105895996,2.116722822189331,2.139587163925171,2.233605146408081,2.278475284576416,2.3217990398406982,2.3496499061584473,2.401564121246338,2.5358381271362305,2.5484442710876465,2.7305498123168945,2.767674207687378,2.8245108127593994,3.135037422180176],"files":["scales.webp"]},"quats":{"files":["quats.webp"]},