{"version":2,"count":647985,"means":{"mins":[-3.7653596748370792,-3.941486991281555,-1.2115381754994312],"maxs":[-2.5378207663672265,-3.462848243621929,2.960177394657832],"files":["means_l.webp","means_u.webp"]},"scales":{"codebook":[-9.999059677124023,-9.954365730285645,-9.909063339233398,-9.866043090820312,-9.822553634643555,-9.778848648071289,-9.736368179321289,-9.693017959594727,-9.648975372314453,-9.603195190429688,-9.558084487915039,-9.513280868530273,-9.47022533416748,-9.42597484588623,-9.383137702941895,-9.341055870056152,-9.297412872314453,-9.253011703491211,-9.20938777923584,-9.165241241455078,-9.119874000549316,-9.07590103149414,-9.032288551330566,-8.988531112670898,-8.943777084350586,-8.899779319763184,-8.855998039245605,-8.812448501586914,-8.767776489257812,-8.722883224487305,-8.679803848266602,-8.635763168334961,-8.59270191192627,-8.549823760986328,-8.505475997924805,-8.461506843566895,-8.416879653930664,-8.37314510345459,-8.328843116760254,-8.285754203796387,-8.242344856262207,-8.1995267868042,-8.156391143798828,-8.111095428466797,-8.066170692443848,-8.022380828857422,-7.9787702560424805,-7.934929370880127,-7.890272617340088,-7.84604549407959,-7.802469253540039,-7.7588419914245605,-7.714475631713867,-7.670132637023926,-7.626084804534912,-7.582798004150391,-7.538581848144531,-7.494091510772705,-7.450373649597168,-7.406595706939697,-7.362457752227783,-7.3182053565979,-7.274186134338379,-7.2303547859191895,-7.186842441558838,-7.142827033996582,-7.098985195159912,-7.054798126220703,-7.0112624168396,-6.967522144317627,-6.923601150512695,-6.879389762878418,-6.835119724273682,-6.791253566741943,-6.74722957611084,-6.7032976150512695,-6.659474849700928,-6.614858627319336,-6.5712127685546875,-6.5278167724609375,-6.484910011291504,-6.443214416503906,-6.403167724609375,-6.364892959594727,-6.328714847564697,-6.293822288513184,-6.259352684020996,-6.225092887878418,-6.191736698150635,-6.159483909606934,-6.1285271644592285,-6.099272727966309,-6.071047306060791,-6.043877124786377,-6.015950679779053,-5.987236499786377,-5.95726203918457,-5.925567150115967,-5.892550468444824,-5.8583807945251465,-5.823045253753662,-5.787518501281738,-5.752741813659668,-5.719189643859863,-5.6866326332092285,-5.654150485992432,-5.620933532714844,-5.586869239807129,-5.551072120666504,-5.513497352600098,-5.473937511444092,-5.434289932250977,-5.396212100982666,-5.359664440155029,-5.324410915374756,-5.289301872253418,-5.253627300262451,-5.2179107666015625,-5.182958602905273,-5.149659156799316,-5.117938041687012,-5.086606502532959,-5.0545783042907715,-5.020528793334961,-4.983841419219971,-4.944402694702148,-4.9028472900390625,-4.859965801239014,-4.8165764808654785,-4.772716045379639,-4.729188442230225,-4.685525417327881,-4.641550540924072,-4.59766960144043,-4.553901195526123,-4.509721279144287,-4.4657135009765625,-4.4220499992370605,-4.378115177154541,-4.334492206573486,-4.2905707359313965,-4.247567653656006,-4.204817295074463,-4.162891387939453,-4.123289108276367,-4.085907459259033,-4.049747943878174,-4.013211727142334,-3.975593090057373,-3.935882806777954,-3.894063711166382,-3.8505799770355225,-3.8068583011627197,-3.762840747833252,-3.7187561988830566,-3.676055669784546,-3.6345388889312744,-3.5948643684387207,-3.5576789379119873,-3.5217435359954834,-3.485165596008301,-3.4476335048675537,-3.4081013202667236,-3.3662171363830566,-3.3233425617218018,-3.2805404663085938,-3.236776828765869,-3.1927218437194824,-3.14862322807312,-3.104790687561035,-3.060765504837036,-3.016437530517578,-2.972684860229492,-2.928980827331543,-2.8852360248565674,-2.841876983642578,-2.7988452911376953,-2.756256103515625,-2.714548349380493,-2.6757493019104004,-2.639324188232422,-2.602938175201416,-2.565577507019043,-2.5272130966186523,-2.4874773025512695,-2.4455924034118652,-2.4021074771881104,-2.3583827018737793,-2.314363479614258,-2.2715272903442383,-2.22749662399292,-2.183100461959839,-2.1380419731140137,-2.092808961868286,-2.048090934753418,-2.0069937705993652,-1.9636446237564087,-1.9197449684143066,-1.8769980669021606,-1.8331971168518066,-1.7895292043685913,-1.74494469165802,-1.699543833732605,-1.653346300125122,-1.6093379259109497,-1.5656369924545288,-1.526279091835022,-1.4871549606323242,-1.4502663612365723,-1.4140918254852295,-1.3805204629898071,-1.344010353088379,-1.3023079633712769,-1.2603862285614014,-1.215864896774292,-1.1738330125808716,-1.1300230026245117,-1.090468406677246,-1.0444811582565308,-0.9968660473823547,-0.9510425925254822,-0.9045237302780151,-0.8642811179161072,-0.8189570903778076,-0.7748410105705261,-0.7327275276184082,-0.6875708699226379,-0.6437405943870544,-0.596932053565979,-0.553490936756134,-0.5093569755554199,-0.46345290541648865,-0.42225903272628784,-0.37685075402259827,-0.33793163299560547,-0.2903508245944977,-0.24440540373325348,-0.1989888697862625,-0.15523292124271393,-0.11045639216899872,-0.06541089713573456,-0.03364460542798042,0.005778506398200989,0.04566393792629242,0.1107630804181099,0.14271672070026398,0.1810225248336792,0.2680896520614624,0.46867287158966064,0.5318630337715149,0.6526488065719604,0.8455808758735657,0.9096652865409851,0.9280391335487366,1.079016089439392,1.2023537158966064],"files":["scales.webp"]},"quats":{"files":["quats.webp"]},