{"version":2,"count":646939,"means":{"mins":[-6.857238820936981,-3.4992342391669236,-6.246172529882748],"maxs":[-2.2807811892718997,-3.012316386825219,-1.0494159317268497],"files":["means_l.webp","means_u.webp"]},"scales":{"codebook":[-9.998320579528809,-9.948954582214355,-9.897726058959961,-9.84902572631836,-9.798357009887695,-9.7467679977417,-9.695497512817383,-9.645594596862793,-9.598917007446289,-9.553624153137207,-9.510693550109863,-9.468753814697266,-9.42784309387207,-9.38631534576416,-9.341935157775879,-9.294875144958496,-9.246679306030273,-9.196684837341309,-9.145559310913086,-9.0945463180542,-9.045119285583496,-8.995304107666016,-8.944330215454102,-8.893953323364258,-8.844406127929688,-8.794822692871094,-8.74504566192627,-8.695493698120117,-8.645026206970215,-8.594069480895996,-8.543543815612793,-8.492172241210938,-8.442333221435547,-8.392692565917969,-8.34228801727295,-8.292525291442871,-8.243001937866211,-8.192139625549316,-8.143475532531738,-8.093140602111816,-8.042757034301758,-7.99246072769165,-7.942070960998535,-7.891396999359131,-7.842247486114502,-7.7946882247924805,-7.749551296234131,-7.705941200256348,-7.664721965789795,-7.623429775238037,-7.581348419189453,-7.5362958908081055,-7.488620281219482,-7.439352035522461,-7.389438152313232,-7.340713977813721,-7.293972969055176,-7.250042915344238,-7.209925651550293,-7.173598766326904,-7.13967752456665,-7.105739593505859,-7.070063591003418,-7.033376693725586,-6.994193077087402,-6.953722953796387,-6.913964748382568,-6.874305725097656,-6.834969520568848,-6.7966179847717285,-6.76073694229126,-6.728275775909424,-6.699013710021973,-6.669613838195801,-6.639528274536133,-6.607418060302734,-6.572359561920166,-6.536319732666016,-6.499989032745361,-6.465177059173584,-6.431434631347656,-6.398846626281738,-6.366279125213623,-6.332703113555908,-6.297527313232422,-6.260594367980957,-6.221505165100098,-6.180871486663818,-6.140056610107422,-6.0999321937561035,-6.05977201461792,-6.019416809082031,-5.978278160095215,-5.937370300292969,-5.898964881896973,-5.864804744720459,-5.835859775543213,-5.810380935668945,-5.785068035125732,-5.758026599884033,-5.728329181671143,-5.695873737335205,-5.6631011962890625,-5.63083553314209,-5.60073709487915,-5.572985649108887,-5.548646926879883,-5.527864456176758,-5.510347366333008,-5.495324611663818,-5.480890274047852,-5.463497638702393,-5.440696716308594,-5.410498142242432,-5.373234748840332,-5.3306989669799805,-5.286581516265869,-5.244540691375732,-5.206365585327148,-5.172251224517822,-5.142068386077881,-5.1140289306640625,-5.086450576782227,-5.058130264282227,-5.028961658477783,-4.999914646148682,-4.972452163696289,-4.948818206787109,-4.92937707901001,-4.913156032562256,-4.898214340209961,-4.881998062133789,-4.861934185028076,-4.8370256423950195,-4.807437419891357,-4.773758888244629,-4.737766265869141,-4.700460910797119,-4.662137508392334,-4.623210430145264,-4.584432601928711,-4.547903537750244,-4.51433801651001,-4.483631134033203,-4.454774379730225,-4.4275031089782715,-4.402059078216553,-4.379044055938721,-4.359987735748291,-4.3445844650268555,-4.330111980438232,-4.31337308883667,-4.290680408477783,-4.259889125823975,-4.221829414367676,-4.177947044372559,-4.131766319274902,-4.086883544921875,-4.045596122741699,-4.010194778442383,-3.982027769088745,-3.960649013519287,-3.9449188709259033,-3.9326980113983154,-3.9223430156707764,-3.9119887351989746,-3.901050329208374,-3.887939929962158,-3.8699989318847656,-3.8455183506011963,-3.815181255340576,-3.779327154159546,-3.741819143295288,-3.70534086227417,-3.671314001083374,-3.6386189460754395,-3.6048669815063477,-3.567751169204712,-3.52797532081604,-3.4867589473724365,-3.44545316696167,-3.4042789936065674,-3.3628220558166504,-3.3201498985290527,-3.2746777534484863,-3.226362705230713,-3.1773757934570312,-3.1280157566070557,-3.0788567066192627,-3.0284008979797363,-2.9782581329345703,-2.9274494647979736,-2.877296209335327,-2.8280117511749268,-2.777271032333374,-2.726628303527832,-2.6757993698120117,-2.626128911972046,-2.578348159790039,-2.528290271759033,-2.477370262145996,-2.4245715141296387,-2.373246908187866,-2.3241493701934814,-2.275463819503784,-2.226268768310547,-2.1772353649139404,-2.1259419918060303,-2.0745303630828857,-2.0233051776885986,-1.9709824323654175,-1.9205271005630493,-1.8696820735931396,-1.818888545036316,-1.7712492942810059,-1.7207401990890503,-1.67112398147583,-1.6222765445709229,-1.5707672834396362,-1.5209732055664062,-1.4696213006973267,-1.4180850982666016,-1.365131139755249,-1.3163557052612305,-1.2691302299499512,-1.219151258468628,-1.1723730564117432,-1.1278135776519775,-1.0729200839996338,-1.0207371711730957,-0.9650744199752808,-0.9118622541427612,-0.8617005348205566,-0.8163185119628906,-0.7655423283576965,-0.7163960933685303,-0.6541568040847778,-0.6125440001487732,-0.5740680694580078,-0.5248931646347046,-0.47131457924842834,-0.4357354938983917,-0.3906171917915344,-0.3283896744251251,-0.2647591233253479,-0.16261710226535797,-0.11223407834768295,-0.04737473651766777,0.2802063524723053,0.3227674067020416,0.45568525791168213,1.188086986541748,1.2936429977416992,1.5341697931289673,1.76513671875,2.7967021465301514],"files":["scales.webp"]},"quats":{"files":["quats.webp"]},