{"version":2,"count":526944,"means":{"mins":[-7.543452362829044,-3.012304661895265,-6.768754997153521],"maxs":[7.046434880572826,7.4920985901572585,7.564494929231437],"files":["means_l.webp","means_u.webp"]},"scales":{"codebook":[-9.998369216918945,-9.95488452911377,-9.894136428833008,-9.832449913024902,-9.772000312805176,-9.713480949401855,-9.655355453491211,-9.597643852233887,-9.541342735290527,-9.483443260192871,-9.42587947845459,-9.367705345153809,-9.31015396118164,-9.252708435058594,-9.195371627807617,-9.137924194335938,-9.079509735107422,-9.021014213562012,-8.963129997253418,-8.904991149902344,-8.848666191101074,-8.792189598083496,-8.734844207763672,-8.6784086227417,-8.62035083770752,-8.563458442687988,-8.505341529846191,-8.446573257446289,-8.387869834899902,-8.329693794250488,-8.27198600769043,-8.213875770568848,-8.156882286071777,-8.100743293762207,-8.042330741882324,-7.984888076782227,-7.926613807678223,-7.869124412536621,-7.812072277069092,-7.754156589508057,-7.696910381317139,-7.640483379364014,-7.582202434539795,-7.523736476898193,-7.465655326843262,-7.407439708709717,-7.3503336906433105,-7.292996406555176,-7.235133171081543,-7.1776018142700195,-7.119554042816162,-7.061963081359863,-7.003640174865723,-6.945595741271973,-6.88887882232666,-6.831719398498535,-6.773565769195557,-6.71566915512085,-6.658638000488281,-6.602052688598633,-6.54564905166626,-6.4880242347717285,-6.429194450378418,-6.371263027191162,-6.313279151916504,-6.254896640777588,-6.197157382965088,-6.139426231384277,-6.082281112670898,-6.025395393371582,-5.9684906005859375,-5.911198139190674,-5.853186130523682,-5.794992923736572,-5.737346172332764,-5.6794281005859375,-5.6217756271362305,-5.5647382736206055,-5.506802558898926,-5.44981050491333,-5.3915839195251465,-5.33463191986084,-5.277568340301514,-5.22008752822876,-5.162528038024902,-5.105024337768555,-5.047939777374268,-4.9904680252075195,-4.932184219360352,-4.874238967895508,-4.816102981567383,-4.758919715881348,-4.701143741607666,-4.643539905548096,-4.585870742797852,-4.528050422668457,-4.469991683959961,-4.412662029266357,-4.354590892791748,-4.297172546386719,-4.239859580993652,-4.18239164352417,-4.124662399291992,-4.067434310913086,-4.010638236999512,-3.953488349914551,-3.8965330123901367,-3.8393890857696533,-3.7819836139678955,-3.7248382568359375,-3.6678223609924316,-3.6105940341949463,-3.553168773651123,-3.4950332641601562,-3.436976432800293,-3.379509687423706,-3.32214093208313,-3.2646541595458984,-3.207252264022827,-3.1496987342834473,-3.0924646854400635,-3.035132884979248,-2.9776782989501953,-2.9205257892608643,-2.8635153770446777,-2.806525230407715,-2.748783588409424,-2.6912152767181396,-2.6330196857452393,-2.5744259357452393,-2.516547441482544,-2.4592597484588623,-2.402038097381592,-2.344440460205078,-2.2874157428741455,-2.228834629058838,-2.169804811477661,-2.111091136932373,-2.0568013191223145,-2.00903058052063,-1.9497450590133667,-1.8898838758468628,-1.8310761451721191,-1.7724554538726807,-1.7136049270629883,-1.6547914743423462,-1.5974266529083252,-1.5409454107284546,-1.4825267791748047,-1.424019694328308,-1.366091251373291,-1.309523344039917,-1.2524529695510864,-1.195759654045105,-1.1376441717147827,-1.0773144960403442,-1.0210096836090088,-0.9634472727775574,-0.9071375131607056,-0.84779953956604,-0.7892146110534668,-0.7302661538124084,-0.6738042235374451,-0.6219171285629272,-0.5646194815635681,-0.5020327568054199,-0.4407895505428314,-0.38260072469711304,-0.3284001052379608,-0.27284106612205505,-0.21571338176727295,-0.15916013717651367,-0.1037835106253624,-0.04265521094202995,0.018100611865520477,0.07825563848018646,0.13524697721004486,0.1954968124628067,0.2467893809080124,0.30830118060112,0.3670603036880493,0.4300840198993683,0.48512983322143555,0.5433923602104187,0.6002898216247559,0.6544400453567505,0.7083293199539185,0.7702834010124207,0.8289296627044678,0.8852179050445557,0.9421607851982117,0.9984848499298096,1.0509587526321411,1.1060235500335693,1.1647366285324097,1.2305396795272827,1.2937525510787964,1.3486452102661133,1.4047285318374634,1.46071195602417,1.519858956336975,1.5773118734359741,1.6322118043899536,1.6862244606018066,1.7410780191421509,1.8013098239898682,1.8596665859222412,1.9185364246368408,1.9766223430633545,2.0374393463134766,2.091600179672241,2.1513285636901855,2.2119193077087402,2.269289016723633,2.320565938949585,2.3737218379974365,2.4291281700134277,2.4888453483581543,2.5499091148376465,2.6062495708465576,2.669367790222168,2.7284936904907227,2.7842421531677246,2.8396592140197754,2.8976261615753174,2.9566080570220947,3.0091984272003174,3.0636396408081055,3.116015911102295,3.182185411453247,3.239509105682373,3.2948989868164062,3.3472378253936768,3.4071500301361084,3.4628713130950928,3.5218639373779297,3.5797841548919678,3.6398777961730957,3.7063868045806885,3.7616066932678223,3.814889669418335,3.865492343902588,3.917832612991333,3.97428035736084,4.0351152420043945,4.092340469360352,4.177577495574951,4.234072685241699,4.272446632385254,4.322083950042725,4.39826774597168,4.427816867828369,4.506783485412598,4.541652202606201,4.615416526794434,4.68285608291626],"files":["scales.webp"]},"quats":{"files":["quats.webp"]},