{"version":2,"count":534380,"means":{"mins":[-0.47104145558368055,-3.0122864645317247,-6.759406997365891],"maxs":[7.046434880572826,7.3077413747295905,0.7956356984943258],"files":["means_l.webp","means_u.webp"]},"scales":{"codebook":[-9.998222351074219,-9.954846382141113,-9.898042678833008,-9.843111038208008,-9.78824234008789,-9.733710289001465,-9.6802396774292,-9.627740859985352,-9.572629928588867,-9.518655776977539,-9.465653419494629,-9.412354469299316,-9.359260559082031,-9.305645942687988,-9.251276016235352,-9.196234703063965,-9.144001960754395,-9.091948509216309,-9.037607192993164,-8.983991622924805,-8.929611206054688,-8.876608848571777,-8.822830200195312,-8.77019214630127,-8.716615676879883,-8.663250923156738,-8.610596656799316,-8.558647155761719,-8.506690979003906,-8.453413009643555,-8.398463249206543,-8.344335556030273,-8.291585922241211,-8.23882007598877,-8.185497283935547,-8.132437705993652,-8.078248977661133,-8.024473190307617,-7.9704155921936035,-7.91621208190918,-7.86309289932251,-7.8102593421936035,-7.757410049438477,-7.703885078430176,-7.650639533996582,-7.597158432006836,-7.543231964111328,-7.489894866943359,-7.4370198249816895,-7.384705543518066,-7.331324577331543,-7.276617527008057,-7.22302770614624,-7.169557094573975,-7.115703105926514,-7.063127517700195,-7.01051139831543,-6.957084655761719,-6.904996395111084,-6.853569030761719,-6.805717945098877,-6.760291576385498,-6.716670513153076,-6.67274808883667,-6.627288341522217,-6.579047203063965,-6.5281171798706055,-6.475133895874023,-6.4219560623168945,-6.3686299324035645,-6.3154520988464355,-6.262338161468506,-6.20936918258667,-6.1554856300354,-6.1020917892456055,-6.048800945281982,-5.995285987854004,-5.941745758056641,-5.888256549835205,-5.834681510925293,-5.781801700592041,-5.729394435882568,-5.6761016845703125,-5.622336387634277,-5.568700313568115,-5.514926433563232,-5.46163272857666,-5.408731460571289,-5.357002258300781,-5.306872844696045,-5.259039402008057,-5.213934421539307,-5.171462535858154,-5.130560874938965,-5.090282917022705,-5.049937725067139,-5.008886337280273,-4.96620512008667,-4.9208502769470215,-4.872453212738037,-4.823800086975098,-4.776204586029053,-4.731814861297607,-4.691976547241211,-4.655613899230957,-4.620415210723877,-4.583230018615723,-4.541638374328613,-4.495899677276611,-4.44647216796875,-4.395054340362549,-4.343691349029541,-4.293849945068359,-4.246315002441406,-4.200521469116211,-4.156369209289551,-4.1126909255981445,-4.067359447479248,-4.019617557525635,-3.9690470695495605,-3.9163854122161865,-3.863647937774658,-3.8102662563323975,-3.7571349143981934,-3.70355224609375,-3.650242328643799,-3.5966455936431885,-3.5436086654663086,-3.49017596244812,-3.436915636062622,-3.3829216957092285,-3.3292558193206787,-3.276031732559204,-3.222261905670166,-3.1698050498962402,-3.117056369781494,-3.064016819000244,-3.010457992553711,-2.9572811126708984,-2.903984546661377,-2.85048246383667,-2.7969024181365967,-2.7436845302581787,-2.6908352375030518,-2.6377577781677246,-2.584540605545044,-2.5314042568206787,-2.4785006046295166,-2.4258484840393066,-2.373072385787964,-2.3198044300079346,-2.2661635875701904,-2.2116262912750244,-2.155829668045044,-2.1020259857177734,-2.0522851943969727,-2.008944272994995,-1.9534422159194946,-1.8987088203430176,-1.844055414199829,-1.7906033992767334,-1.7354806661605835,-1.6812433004379272,-1.6251780986785889,-1.56951904296875,-1.5151153802871704,-1.4602344036102295,-1.405653715133667,-1.3569934368133545,-1.3071634769439697,-1.2562954425811768,-1.2038042545318604,-1.1531426906585693,-1.0973764657974243,-1.0417400598526,-0.9877239465713501,-0.9327312111854553,-0.8690373301506042,-0.8228234052658081,-0.7692843079566956,-0.7133505940437317,-0.6595761775970459,-0.602981686592102,-0.5610802173614502,-0.5034084320068359,-0.4418962299823761,-0.3853803277015686,-0.3415427803993225,-0.28890618681907654,-0.2479408234357834,-0.18279926478862762,-0.12611764669418335,-0.06852413713932037,-0.00941495131701231,0.03681020066142082,0.09479009360074997,0.1353144645690918,0.1867525726556778,0.24729850888252258,0.2950289249420166,0.3553048074245453,0.40453988313674927,0.4586476683616638,0.5140458941459656,0.5812621116638184,0.6329582929611206,0.6894047260284424,0.7277442812919617,0.7793893814086914,0.8347401022911072,0.8881002068519592,0.9368815422058105,0.9890938997268677,1.0533745288848877,1.1002451181411743,1.1517506837844849,1.215614914894104,1.2773702144622803,1.329451084136963,1.3842116594314575,1.4303686618804932,1.471742868423462,1.5271785259246826,1.5839715003967285,1.6376104354858398,1.691048502922058,1.7458746433258057,1.7954211235046387,1.8514666557312012,1.9179351329803467,1.9704545736312866,2.0088255405426025,2.048586368560791,2.090273380279541,2.157743215560913,2.2159698009490967,2.2756404876708984,2.333042621612549,2.3869876861572266,2.434001922607422,2.490720748901367,2.543808698654175,2.599649429321289,2.650616407394409,2.7097089290618896,2.76106595993042,2.8069286346435547,2.851599931716919,2.890500068664551,2.959134817123413,3.030588150024414,3.107151985168457,3.211271047592163,3.3570337295532227,3.4793035984039307,3.6039135456085205],"files":["scales.webp"]},"quats":{"files":["quats.webp"]},