{"version":2,"count":481734,"means":{"mins":[-4.7277419489540184,-4.74250595920536,-1.5212517164755406],"maxs":[4.9533017658323,4.593182806325743,3.1897597468754366],"files":["means_l.webp","means_u.webp"]},"scales":{"codebook":[-9.998950004577637,-9.958166122436523,-9.910914421081543,-9.862630844116211,-9.815917015075684,-9.769713401794434,-9.723434448242188,-9.678316116333008,-9.633302688598633,-9.587188720703125,-9.540791511535645,-9.494010925292969,-9.448393821716309,-9.402040481567383,-9.356842041015625,-9.311135292053223,-9.265512466430664,-9.219181060791016,-9.17269515991211,-9.126338005065918,-9.080148696899414,-9.03412914276123,-8.98891544342041,-8.942708969116211,-8.897953033447266,-8.851503372192383,-8.805174827575684,-8.75899887084961,-8.713191032409668,-8.667013168334961,-8.62132740020752,-8.574277877807617,-8.528231620788574,-8.482501983642578,-8.436575889587402,-8.391815185546875,-8.346562385559082,-8.299962997436523,-8.253678321838379,-8.206042289733887,-8.15958309173584,-8.114080429077148,-8.069239616394043,-8.02337646484375,-7.977471351623535,-7.930756092071533,-7.883793354034424,-7.839502334594727,-7.7942891120910645,-7.747923851013184,-7.702517509460449,-7.6560163497924805,-7.6105217933654785,-7.56469202041626,-7.518183708190918,-7.4732160568237305,-7.4268293380737305,-7.37919282913208,-7.332861423492432,-7.28701114654541,-7.2402753829956055,-7.194169044494629,-7.148320198059082,-7.102816104888916,-7.0578765869140625,-7.011353969573975,-6.965155124664307,-6.9191575050354,-6.872772693634033,-6.826946258544922,-6.780694961547852,-6.734307765960693,-6.6877121925354,-6.641613960266113,-6.596169471740723,-6.550624370574951,-6.506217956542969,-6.461135387420654,-6.414733409881592,-6.367987155914307,-6.320519924163818,-6.274482250213623,-6.228983402252197,-6.184590816497803,-6.137859344482422,-6.092134952545166,-6.046230792999268,-5.999650955200195,-5.953914165496826,-5.908353328704834,-5.863343238830566,-5.817591190338135,-5.771268367767334,-5.724793910980225,-5.679308891296387,-5.632204532623291,-5.585901260375977,-5.539881706237793,-5.49371337890625,-5.448654651641846,-5.402576446533203,-5.356622219085693,-5.311928749084473,-5.265552043914795,-5.219749927520752,-5.1731696128845215,-5.1268157958984375,-5.0808916091918945,-5.034311771392822,-4.988309860229492,-4.942323207855225,-4.8951215744018555,-4.849215507507324,-4.8027191162109375,-4.756986141204834,-4.7113165855407715,-4.665822982788086,-4.619801044464111,-4.574397087097168,-4.529184341430664,-4.483022689819336,-4.436282634735107,-4.390175819396973,-4.344676494598389,-4.2989726066589355,-4.253336429595947,-4.2073774337768555,-4.160884857177734,-4.113579273223877,-4.067239284515381,-4.021028995513916,-3.9748823642730713,-3.929616928100586,-3.883838176727295,-3.8376946449279785,-3.7923989295959473,-3.7471377849578857,-3.7013118267059326,-3.655301094055176,-3.6095075607299805,-3.562983989715576,-3.5169012546539307,-3.4710261821746826,-3.424772262573242,-3.379039764404297,-3.3335580825805664,-3.287858009338379,-3.242128610610962,-3.195892095565796,-3.15047550201416,-3.104585886001587,-3.0581557750701904,-3.0123038291931152,-2.9665586948394775,-2.9205920696258545,-2.8744499683380127,-2.828878164291382,-2.782888889312744,-2.7369658946990967,-2.6910088062286377,-2.645190954208374,-2.598972797393799,-2.55338716506958,-2.507411479949951,-2.4614150524139404,-2.4152255058288574,-2.369230270385742,-2.323359251022339,-2.2775166034698486,-2.2306032180786133,-2.183840036392212,-2.1370832920074463,-2.0897083282470703,-2.0442898273468018,-2.0036780834198,-1.9579554796218872,-1.911040186882019,-1.8643574714660645,-1.8181509971618652,-1.773187279701233,-1.727868914604187,-1.6820993423461914,-1.6366063356399536,-1.5907388925552368,-1.5443953275680542,-1.4978543519973755,-1.4516996145248413,-1.4058620929718018,-1.3600975275039673,-1.3140603303909302,-1.26750910282135,-1.2212910652160645,-1.1750961542129517,-1.1291040182113647,-1.083943247795105,-1.0377053022384644,-0.9917532801628113,-0.9460959434509277,-0.9012369513511658,-0.8554463982582092,-0.8094214200973511,-0.7629045248031616,-0.716798722743988,-0.6714017987251282,-0.6262726187705994,-0.5801568627357483,-0.5340933203697205,-0.48752111196517944,-0.44186338782310486,-0.3967018723487854,-0.3508909046649933,-0.3045399785041809,-0.25807487964630127,-0.21183058619499207,-0.16535648703575134,-0.12013263255357742,-0.07491827011108398,-0.02875635400414467,0.015859730541706085,0.05993415787816048,0.10645876079797745,0.15144863724708557,0.19768701493740082,0.24256695806980133,0.28850096464157104,0.3359612822532654,0.382881224155426,0.4316549599170685,0.47883838415145874,0.5214279890060425,0.5639697313308716,0.6111847162246704,0.6545658707618713,0.7010033130645752,0.7454418540000916,0.7883672118186951,0.8359213471412659,0.8831373453140259,0.9280152320861816,0.9812913537025452,1.0265026092529297,1.0680832862854004,1.1124181747436523,1.1705873012542725,1.2185425758361816,1.2652766704559326,1.311323881149292,1.3513026237487793,1.4012216329574585,1.4538755416870117,1.4787073135375977,1.516532063484192,1.5889928340911865,1.6114171743392944,1.6810554265975952,1.7218717336654663],"files":["scales.webp"]},"quats":{"files":["quats.webp"]},