{"version":2,"count":525418,"means":{"mins":[3.285711158140211,4.569786091628723,-4.71555149309974],"maxs":[5.933018351235771,6.546401174497181,-3.5647491409498544],"files":["means_l.webp","means_u.webp"]},"scales":{"codebook":[-10,-9.922369956970215,-9.901350021362305,-7.755586624145508,-7.191838264465332,-7.122708797454834,-6.927938938140869,-6.738168716430664,-6.531826019287109,-6.461115837097168,-6.2582268714904785,-6.244404315948486,-6.137654781341553,-6.066393852233887,-5.915334224700928,-5.860697269439697,-5.855667591094971,-5.784127235412598,-5.668155670166016,-5.635956764221191,-5.569798946380615,-5.470125675201416,-5.455930233001709,-5.371363639831543,-5.3043212890625,-5.2315168380737305,-5.169622898101807,-5.09915828704834,-5.054301738739014,-5.031009197235107,-4.9690375328063965,-4.90901517868042,-4.868426322937012,-4.829181671142578,-4.775217533111572,-4.738754749298096,-4.693163871765137,-4.6622185707092285,-4.616095542907715,-4.561938762664795,-4.4881696701049805,-4.441740989685059,-4.408232688903809,-4.37246561050415,-4.340390682220459,-4.308697700500488,-4.263267517089844,-4.22108268737793,-4.180381774902344,-4.1293439865112305,-4.081137180328369,-4.029796123504639,-3.977245330810547,-3.9266974925994873,-3.873589277267456,-3.824157953262329,-3.7725303173065186,-3.710484504699707,-3.6590640544891357,-3.6098568439483643,-3.572232723236084,-3.5347840785980225,-3.502908706665039,-3.4764411449432373,-3.4506216049194336,-3.4234907627105713,-3.3946187496185303,-3.3673393726348877,-3.348914861679077,-3.3334548473358154,-3.2980401515960693,-3.2655749320983887,-3.2496304512023926,-3.233017683029175,-3.2127537727355957,-3.1928060054779053,-3.169980049133301,-3.1356241703033447,-3.0946528911590576,-3.0525033473968506,-3.0099122524261475,-2.976274013519287,-2.951500177383423,-2.9332470893859863,-2.915160655975342,-2.895897388458252,-2.8807716369628906,-2.8737411499023438,-2.8618946075439453,-2.84623384475708,-2.8296549320220947,-2.8133182525634766,-2.7944562435150146,-2.77557635307312,-2.7483017444610596,-2.723998546600342,-2.7018778324127197,-2.6781256198883057,-2.651817798614502,-2.6175737380981445,-2.580900192260742,-2.549429178237915,-2.523797035217285,-2.50213885307312,-2.4805259704589844,-2.4581644535064697,-2.437506914138794,-2.417232036590576,-2.3976969718933105,-2.3756988048553467,-2.3533291816711426,-2.328261375427246,-2.296513319015503,-2.2618985176086426,-2.231459140777588,-2.2046425342559814,-2.1851229667663574,-2.171025037765503,-2.1570420265197754,-2.1383256912231445,-2.1161019802093506,-2.0919880867004395,-2.0696322917938232,-2.0441994667053223,-2.0205931663513184,-1.9983516931533813,-1.9735198020935059,-1.9434096813201904,-1.9083740711212158,-1.8751202821731567,-1.8455220460891724,-1.8186254501342773,-1.7932686805725098,-1.7657204866409302,-1.7358887195587158,-1.704464077949524,-1.671787142753601,-1.636087417602539,-1.5985640287399292,-1.56092369556427,-1.524238109588623,-1.4845925569534302,-1.4458258152008057,-1.4110184907913208,-1.3792797327041626,-1.3473169803619385,-1.3158442974090576,-1.2873196601867676,-1.2596917152404785,-1.2357388734817505,-1.211769700050354,-1.185219645500183,-1.1555681228637695,-1.1225252151489258,-1.0865155458450317,-1.0500379800796509,-1.0151110887527466,-0.984152615070343,-0.9563494920730591,-0.9320875406265259,-0.9115625023841858,-0.8920120000839233,-0.8708856701850891,-0.8472079038619995,-0.8196086287498474,-0.7867936491966248,-0.7474266290664673,-0.7034013867378235,-0.6566807627677917,-0.6095098257064819,-0.5653923153877258,-0.5265827178955078,-0.4936120808124542,-0.46577295660972595,-0.44040238857269287,-0.4157317578792572,-0.389874130487442,-0.3611484169960022,-0.32869860529899597,-0.2927550971508026,-0.2558651566505432,-0.22035722434520721,-0.1868513971567154,-0.15448373556137085,-0.12304305285215378,-0.09273409843444824,-0.060709018260240555,-0.027248440310359,0.008551615290343761,0.04703671112656593,0.08787038922309875,0.13116814196109772,0.1755431741476059,0.2205171436071396,0.2651097774505615,0.3080796003341675,0.34853672981262207,0.38642609119415283,0.4221966564655304,0.45532628893852234,0.48590144515037537,0.5156087279319763,0.5456748604774475,0.576842725276947,0.6090943217277527,0.642286479473114,0.6764422655105591,0.7114210724830627,0.7462032437324524,0.7809685468673706,0.8168754577636719,0.8591983318328857,0.9039457440376282,0.9513109922409058,1.0008282661437988,1.051791787147522,1.1034661531448364,1.1560654640197754,1.2080342769622803,1.2618931531906128,1.3131824731826782,1.361183762550354,1.413441777229309,1.4660835266113281,1.5166511535644531,1.5675182342529297,1.6205500364303589,1.674612283706665,1.730737566947937,1.78357994556427,1.835022211074829,1.8866232633590698,1.9391509294509888,1.9894351959228516,2.0446548461914062,2.0971884727478027,2.148160696029663,2.196708917617798,2.2487640380859375,2.304448127746582,2.3541321754455566,2.4013724327087402,2.4533777236938477,2.5032575130462646,2.556394338607788,2.623481512069702,2.6705751419067383,2.717266082763672,2.7630839347839355,2.8318843841552734,2.8769686222076416,2.9221811294555664,2.9779176712036133,3.023056745529175,3.0786736011505127,3.2368147373199463],"files":["scales.webp"]},"quats":{"files":["quats.webp"]},