{"version":2,"count":524637,"means":{"mins":[3.2855848403403023,-5.104860031357319,-4.681086443472613],"maxs":[6.344037461285058,5.32698646719293,-4.243749085608968],"files":["means_l.webp","means_u.webp"]},"scales":{"codebook":[-10,-9.922369956970215,-9.901350021362305,-7.755586624145508,-7.191838264465332,-7.122708797454834,-6.927938938140869,-6.738168716430664,-6.531826019287109,-6.461115837097168,-6.249506950378418,-6.137654781341553,-6.066393852233887,-5.915334224700928,-5.860697269439697,-5.855667591094971,-5.784127235412598,-5.668155670166016,-5.635956764221191,-5.569669723510742,-5.470125675201416,-5.455930233001709,-5.384106636047363,-5.356265544891357,-5.304904460906982,-5.303421974182129,-5.2315168380737305,-5.173405647277832,-5.163149356842041,-5.09915828704834,-5.038290023803711,-4.966239929199219,-4.928605079650879,-4.8837738037109375,-4.84208345413208,-4.774822235107422,-4.738754749298096,-4.6925787925720215,-4.66191291809082,-4.615983486175537,-4.5759453773498535,-4.544901371002197,-4.508139133453369,-4.472342491149902,-4.4082512855529785,-4.3562140464782715,-4.308424949645996,-4.257516384124756,-4.190273761749268,-4.128537654876709,-4.080839157104492,-4.035059928894043,-3.9914088249206543,-3.957854986190796,-3.9263949394226074,-3.8906900882720947,-3.858793258666992,-3.8365724086761475,-3.823010206222534,-3.817267894744873,-3.7925944328308105,-3.7581627368927,-3.7347571849823,-3.7095701694488525,-3.6746327877044678,-3.6336634159088135,-3.586185932159424,-3.544637680053711,-3.5083677768707275,-3.473764181137085,-3.442246913909912,-3.4128177165985107,-3.3869967460632324,-3.3521437644958496,-3.300311803817749,-3.2595646381378174,-3.2227959632873535,-3.1794912815093994,-3.133430004119873,-3.092057943344116,-3.052330732345581,-3.0099446773529053,-2.9762518405914307,-2.948270082473755,-2.9213030338287354,-2.8886823654174805,-2.853043794631958,-2.8173680305480957,-2.780803918838501,-2.753164529800415,-2.7311666011810303,-2.703632116317749,-2.678034543991089,-2.6572203636169434,-2.6368517875671387,-2.608403205871582,-2.5787224769592285,-2.5443403720855713,-2.5089869499206543,-2.4804720878601074,-2.4582440853118896,-2.435373067855835,-2.4085378646850586,-2.3793423175811768,-2.3499531745910645,-2.3205726146698,-2.2970991134643555,-2.2750608921051025,-2.2518579959869385,-2.2292678356170654,-2.2082107067108154,-2.1908271312713623,-2.1710517406463623,-2.1471409797668457,-2.118969202041626,-2.080322265625,-2.037338972091675,-1.996774435043335,-1.9598363637924194,-1.9216663837432861,-1.885087490081787,-1.8495712280273438,-1.816564917564392,-1.7852610349655151,-1.749632477760315,-1.7164274454116821,-1.6850210428237915,-1.6550445556640625,-1.625833511352539,-1.6000947952270508,-1.5772647857666016,-1.5548757314682007,-1.534273624420166,-1.5145227909088135,-1.492291808128357,-1.4678980112075806,-1.4419431686401367,-1.414476752281189,-1.3858954906463623,-1.3565176725387573,-1.327135443687439,-1.2958590984344482,-1.2649199962615967,-1.2340822219848633,-1.2031669616699219,-1.173482894897461,-1.14755117893219,-1.1246293783187866,-1.1046104431152344,-1.0875993967056274,-1.0696955919265747,-1.0518558025360107,-1.0326869487762451,-1.012157917022705,-0.9890933036804199,-0.9664496183395386,-0.9468799233436584,-0.9298294186592102,-0.9135631322860718,-0.8956459164619446,-0.8741400837898254,-0.8507699966430664,-0.8255898952484131,-0.8007658123970032,-0.7783823609352112,-0.7579150199890137,-0.7394930124282837,-0.7218026518821716,-0.7012959122657776,-0.6774685382843018,-0.6497798562049866,-0.6185691356658936,-0.585027277469635,-0.5507401823997498,-0.5174860954284668,-0.48627880215644836,-0.4567762613296509,-0.42632514238357544,-0.39316999912261963,-0.3565417528152466,-0.3171021640300751,-0.2753063142299652,-0.23320655524730682,-0.19034916162490845,-0.14719238877296448,-0.1030871719121933,-0.06108257547020912,-0.02192826196551323,0.01425220724195242,0.049896955490112305,0.08502659201622009,0.11994198709726334,0.1537441462278366,0.18734677135944366,0.22223728895187378,0.2607920169830322,0.3041297197341919,0.352387011051178,0.40313541889190674,0.45511671900749207,0.5066664814949036,0.5551236867904663,0.6002981066703796,0.6456836462020874,0.6910581588745117,0.7385380268096924,0.7898193001747131,0.8437471389770508,0.8995890021324158,0.9540014863014221,1.0084290504455566,1.0622504949569702,1.1151421070098877,1.1635278463363647,1.2096580266952515,1.2552036046981812,1.300950288772583,1.349034309387207,1.3989129066467285,1.4510456323623657,1.508275032043457,1.564104437828064,1.625390887260437,1.6815273761749268,1.7382023334503174,1.7911633253097534,1.8426812887191772,1.8932300806045532,1.9487777948379517,2.0053811073303223,2.059903860092163,2.111942768096924,2.1624691486358643,2.2378602027893066,2.2828361988067627,2.3405747413635254,2.3912250995635986,2.450247049331665,2.512645721435547,2.556805372238159,2.600733995437622,2.6725025177001953,2.737097978591919,2.7810959815979004,2.8526499271392822,2.895913600921631,2.959977626800537,3.0277955532073975,3.0803043842315674,3.1058871746063232,3.1566202640533447,3.22353196144104,3.2716362476348877,3.6911864280700684,3.8507814407348633,4.114968299865723],"files":["scales.webp"]},"quats":{"files":["quats.webp"]},