{"version":2,"count":778484,"means":{"mins":[2.2175000155699793,-4.7088880950663485,-0.9920946147064187],"maxs":[3.024595781478298,-3.8921486195759374,3.0743636922484554],"files":["means_l.webp","means_u.webp"]},"scales":{"codebook":[-9.998649597167969,-9.961650848388672,-9.914159774780273,-9.865955352783203,-9.820220947265625,-9.775551795959473,-9.731216430664062,-9.686680793762207,-9.64224624633789,-9.597018241882324,-9.552043914794922,-9.507176399230957,-9.462799072265625,-9.418360710144043,-9.372961044311523,-9.327557563781738,-9.28295612335205,-9.239155769348145,-9.195581436157227,-9.151421546936035,-9.106642723083496,-9.062516212463379,-9.01755428314209,-8.973013877868652,-8.92790699005127,-8.882842063903809,-8.83661937713623,-8.792128562927246,-8.747936248779297,-8.703384399414062,-8.658742904663086,-8.614219665527344,-8.568902015686035,-8.5246000289917,-8.479819297790527,-8.4354829788208,-8.390459060668945,-8.34574031829834,-8.300495147705078,-8.257503509521484,-8.216689109802246,-8.177459716796875,-8.140027046203613,-8.103782653808594,-8.065980911254883,-8.026788711547852,-7.985300540924072,-7.942370891571045,-7.898303985595703,-7.8540472984313965,-7.809433937072754,-7.765043258666992,-7.720552921295166,-7.675441741943359,-7.629613876342773,-7.584986686706543,-7.5401458740234375,-7.494679927825928,-7.449630260467529,-7.406012535095215,-7.361896991729736,-7.317477226257324,-7.272438049316406,-7.227315902709961,-7.182379722595215,-7.137827396392822,-7.093776702880859,-7.049580097198486,-7.004734039306641,-6.959612846374512,-6.914421081542969,-6.869538307189941,-6.8252997398376465,-6.781336307525635,-6.738001823425293,-6.69639778137207,-6.656651020050049,-6.6190290451049805,-6.582248210906982,-6.544422149658203,-6.505130290985107,-6.463491916656494,-6.420408725738525,-6.376529693603516,-6.331762313842773,-6.286767482757568,-6.2420148849487305,-6.197383880615234,-6.153129577636719,-6.108561038970947,-6.064053535461426,-6.019062519073486,-5.974586486816406,-5.930215835571289,-5.886192798614502,-5.842843532562256,-5.800378322601318,-5.759913444519043,-5.721400737762451,-5.684642314910889,-5.648245811462402,-5.61020040512085,-5.570147514343262,-5.528062343597412,-5.4849019050598145,-5.4419145584106445,-5.400537490844727,-5.361660957336426,-5.325907230377197,-5.293116569519043,-5.261973857879639,-5.231749534606934,-5.200679779052734,-5.168745040893555,-5.135929584503174,-5.102480411529541,-5.067058086395264,-5.029412746429443,-4.989651203155518,-4.947455883026123,-4.903868198394775,-4.859659671783447,-4.8154616355896,-4.770686149597168,-4.726123809814453,-4.681280612945557,-4.636751651763916,-4.591998100280762,-4.547234058380127,-4.5021748542785645,-4.457736492156982,-4.413506984710693,-4.368741989135742,-4.323411464691162,-4.2785139083862305,-4.2340288162231445,-4.189830780029297,-4.145280838012695,-4.100207805633545,-4.0553436279296875,-4.010532379150391,-3.966280460357666,-3.922037363052368,-3.877474784851074,-3.8325610160827637,-3.7874038219451904,-3.7429311275482178,-3.698183059692383,-3.653064250946045,-3.6082568168640137,-3.5638227462768555,-3.519472599029541,-3.4751639366149902,-3.4302568435668945,-3.385263681411743,-3.34065318107605,-3.295975685119629,-3.251483201980591,-3.2060647010803223,-3.1605846881866455,-3.115748405456543,-3.071870803833008,-3.0275049209594727,-2.9836883544921875,-2.9421298503875732,-2.9021525382995605,-2.8642640113830566,-2.8274590969085693,-2.790705442428589,-2.752347230911255,-2.712116003036499,-2.6688361167907715,-2.625474691390991,-2.580840587615967,-2.5368595123291016,-2.4923651218414307,-2.4473628997802734,-2.401615858078003,-2.35701322555542,-2.3128511905670166,-2.267897605895996,-2.222275495529175,-2.1763782501220703,-2.1311240196228027,-2.0862960815429688,-2.045145034790039,-2.0057759284973145,-1.959130048751831,-1.9129011631011963,-1.8675456047058105,-1.8230382204055786,-1.7772139310836792,-1.7311139106750488,-1.6845898628234863,-1.6414272785186768,-1.595840334892273,-1.5512531995773315,-1.5067027807235718,-1.462875247001648,-1.4196054935455322,-1.374407410621643,-1.3316904306411743,-1.2870028018951416,-1.2393678426742554,-1.1936074495315552,-1.1490347385406494,-1.105771780014038,-1.0577971935272217,-1.0138403177261353,-0.9725028872489929,-0.9270578026771545,-0.8817858695983887,-0.8381361365318298,-0.7943512201309204,-0.7459208369255066,-0.704628050327301,-0.6559531688690186,-0.6095180511474609,-0.5649479627609253,-0.5241642594337463,-0.4766921401023865,-0.4314863979816437,-0.38268256187438965,-0.34381043910980225,-0.2954416275024414,-0.25254422426223755,-0.20935891568660736,-0.16589795053005219,-0.11917822062969208,-0.07574564218521118,-0.03260301426053047,0.015228948555886745,0.05950133875012398,0.10161372274160385,0.1676023155450821,0.19197623431682587,0.23153811693191528,0.292277991771698,0.33007779717445374,0.3657323718070984,0.39870643615722656,0.4600164294242859,0.5128518342971802,0.5334528088569641,0.5846370458602905,0.6339958906173706,0.7555336952209473,0.8148766160011292,0.8655546307563782,0.8923438787460327,0.953423798084259,1.000089406967163,1.0924715995788574,1.1131868362426758,1.230322241783142,1.399406909942627],"files":["scales.webp"]},"quats":{"files":["quats.webp"]},