{"version":2,"count":657764,"means":{"mins":[1.8779195879595627,-2.6949167980693027,-2.174670081462779],"maxs":[2.137895602925529,2.3812055803094485,2.1429439663323135],"files":["means_l.webp","means_u.webp"]},"scales":{"codebook":[-9.998581886291504,-9.972224235534668,-9.930532455444336,-9.885706901550293,-9.844269752502441,-9.808082580566406,-9.775604248046875,-9.743085861206055,-9.7095365524292,-9.674578666687012,-9.639342308044434,-9.602300643920898,-9.566577911376953,-9.532795906066895,-9.500641822814941,-9.468268394470215,-9.434209823608398,-9.39785385131836,-9.35989761352539,-9.319798469543457,-9.279180526733398,-9.24014663696289,-9.200374603271484,-9.161300659179688,-9.121744155883789,-9.081464767456055,-9.041629791259766,-9.001191139221191,-8.961291313171387,-8.922728538513184,-8.883162498474121,-8.842418670654297,-8.801617622375488,-8.762264251708984,-8.722906112670898,-8.683263778686523,-8.642666816711426,-8.602859497070312,-8.562007904052734,-8.520773887634277,-8.479904174804688,-8.44016170501709,-8.40041732788086,-8.361120223999023,-8.32103443145752,-8.28138542175293,-8.24218463897705,-8.202141761779785,-8.162566184997559,-8.123601913452148,-8.083614349365234,-8.043597221374512,-8.003908157348633,-7.963987827301025,-7.923612594604492,-7.8829803466796875,-7.843369007110596,-7.804389476776123,-7.765886306762695,-7.729222297668457,-7.6944499015808105,-7.661490440368652,-7.628673076629639,-7.5943403244018555,-7.558298587799072,-7.520649433135986,-7.481273174285889,-7.4413628578186035,-7.401973724365234,-7.362321376800537,-7.322895050048828,-7.283214092254639,-7.243020534515381,-7.202793121337891,-7.162935256958008,-7.123519420623779,-7.0836944580078125,-7.043787956237793,-7.003916263580322,-6.9642720222473145,-6.924202919006348,-6.883786201477051,-6.843227386474609,-6.803649425506592,-6.764115333557129,-6.724453926086426,-6.684662342071533,-6.644879341125488,-6.604856491088867,-6.56489896774292,-6.525015354156494,-6.485559940338135,-6.445353031158447,-6.405681610107422,-6.366062641143799,-6.325899600982666,-6.285687446594238,-6.24564266204834,-6.206045627593994,-6.166104316711426,-6.12602424621582,-6.085760593414307,-6.045969486236572,-6.006417274475098,-5.966756343841553,-5.9277262687683105,-5.891168117523193,-5.856410980224609,-5.823341369628906,-5.791053295135498,-5.757449626922607,-5.722210884094238,-5.684972763061523,-5.646342754364014,-5.606860160827637,-5.56690788269043,-5.527127265930176,-5.486751079559326,-5.446909427642822,-5.407378673553467,-5.367714881896973,-5.327576160430908,-5.287463188171387,-5.24731969833374,-5.207092761993408,-5.16716194152832,-5.127288818359375,-5.0872979164123535,-5.047461032867432,-5.007954120635986,-4.968252658843994,-4.928497314453125,-4.888534069061279,-4.8487372398376465,-4.809285640716553,-4.770366191864014,-4.732805252075195,-4.697285175323486,-4.663656234741211,-4.631219387054443,-4.598343372344971,-4.564300060272217,-4.529473781585693,-4.494441986083984,-4.4605865478515625,-4.427360534667969,-4.394530296325684,-4.3606181144714355,-4.324768543243408,-4.287299633026123,-4.249004364013672,-4.210256099700928,-4.171318531036377,-4.133408069610596,-4.096704959869385,-4.062363147735596,-4.029614448547363,-3.9966859817504883,-3.962738037109375,-3.926577568054199,-3.889512062072754,-3.8521769046783447,-3.8162033557891846,-3.781966209411621,-3.7491190433502197,-3.7166669368743896,-3.683379650115967,-3.647777557373047,-3.6109426021575928,-3.572197675704956,-3.5327835083007812,-3.4930107593536377,-3.4525935649871826,-3.4120311737060547,-3.371670722961426,-3.331798553466797,-3.2922685146331787,-3.2530219554901123,-3.2132866382598877,-3.173942804336548,-3.1341893672943115,-3.0937414169311523,-3.0528604984283447,-3.011568307876587,-2.9720170497894287,-2.9326772689819336,-2.893547773361206,-2.853290557861328,-2.812889575958252,-2.7723262310028076,-2.732027769088745,-2.693019151687622,-2.6538991928100586,-2.614267110824585,-2.5754032135009766,-2.5360147953033447,-2.495748519897461,-2.4563002586364746,-2.4155452251434326,-2.37565016746521,-2.3353312015533447,-2.294506788253784,-2.2540123462677,-2.214130401611328,-2.175863742828369,-2.137075662612915,-2.095783233642578,-2.0541186332702637,-2.013942241668701,-1.9761459827423096,-1.9377360343933105,-1.8961403369903564,-1.8560271263122559,-1.8173434734344482,-1.776484489440918,-1.739111065864563,-1.6992990970611572,-1.6547977924346924,-1.6157764196395874,-1.5771359205245972,-1.5364179611206055,-1.494488000869751,-1.4548605680465698,-1.4158046245574951,-1.373250126838684,-1.3404899835586548,-1.2983630895614624,-1.260506510734558,-1.218326210975647,-1.1719204187393188,-1.1357897520065308,-1.0965163707733154,-1.050437331199646,-1.0064111948013306,-0.9710250496864319,-0.9342712759971619,-0.8935783505439758,-0.8578301668167114,-0.8164026737213135,-0.7792204022407532,-0.7459755539894104,-0.687329113483429,-0.6531278491020203,-0.6137102842330933,-0.583960235118866,-0.5365482568740845,-0.5073664784431458,-0.4635769724845886,-0.418399840593338,-0.3721618950366974,-0.274580717086792,-0.2456423044204712,-0.22807586193084717,-0.0845542848110199,-0.020486745983362198,0.18379710614681244],"files":["scales.webp"]},"quats":{"files":["quats.webp"]},