{"version":2,"count":528049,"means":{"mins":[-4.586987848706345,-4.400439279099205,-0.9056114089838241],"maxs":[-3.7653600282195994,-3.4629105891013237,3.09817299578746],"files":["means_l.webp","means_u.webp"]},"scales":{"codebook":[-9.999255180358887,-9.951055526733398,-9.903422355651855,-9.856890678405762,-9.81116008758545,-9.76285457611084,-9.718062400817871,-9.67177963256836,-9.625937461853027,-9.577062606811523,-9.529111862182617,-9.482312202453613,-9.436347961425781,-9.38931655883789,-9.344499588012695,-9.298805236816406,-9.251140594482422,-9.204694747924805,-9.158095359802246,-9.111230850219727,-9.063765525817871,-9.016975402832031,-8.969635009765625,-8.92212200164795,-8.87641429901123,-8.830456733703613,-8.783414840698242,-8.737752914428711,-8.690382957458496,-8.643150329589844,-8.595897674560547,-8.54821491241455,-8.50217342376709,-8.456146240234375,-8.409173965454102,-8.361063003540039,-8.315279960632324,-8.269563674926758,-8.223245620727539,-8.178230285644531,-8.130687713623047,-8.083622932434082,-8.036550521850586,-7.99065637588501,-7.944474697113037,-7.897705554962158,-7.850334644317627,-7.803507328033447,-7.755918502807617,-7.7091803550720215,-7.663675308227539,-7.617229461669922,-7.568730354309082,-7.520615100860596,-7.473973751068115,-7.4268798828125,-7.380080223083496,-7.333732604980469,-7.2867560386657715,-7.238967418670654,-7.192039489746094,-7.146242141723633,-7.100637435913086,-7.054389953613281,-7.007327556610107,-6.960150718688965,-6.913020610809326,-6.866078853607178,-6.818181991577148,-6.77195405960083,-6.725432872772217,-6.679585933685303,-6.633243560791016,-6.586291313171387,-6.538887023925781,-6.492997646331787,-6.446023941040039,-6.399065017700195,-6.352722644805908,-6.306849479675293,-6.260909557342529,-6.215275764465332,-6.170012474060059,-6.126901626586914,-6.086581707000732,-6.047677040100098,-6.009744167327881,-5.970398426055908,-5.928338527679443,-5.884250640869141,-5.8388495445251465,-5.792737007141113,-5.746516704559326,-5.700008392333984,-5.653354167938232,-5.607345104217529,-5.560388565063477,-5.513504981994629,-5.466427326202393,-5.4196882247924805,-5.3733978271484375,-5.326582431793213,-5.279979705810547,-5.2328901290893555,-5.1864752769470215,-5.140613079071045,-5.094686985015869,-5.049450874328613,-5.006319046020508,-4.965627193450928,-4.926831245422363,-4.88848352432251,-4.849130153656006,-4.808116912841797,-4.764252662658691,-4.718713760375977,-4.6729583740234375,-4.626723766326904,-4.579967021942139,-4.5330915451049805,-4.486603736877441,-4.441357135772705,-4.397502899169922,-4.356775760650635,-4.317760944366455,-4.2800397872924805,-4.241034030914307,-4.199887752532959,-4.156594276428223,-4.112285137176514,-4.067270278930664,-4.023003101348877,-3.9809634685516357,-3.9415714740753174,-3.903538227081299,-3.8648033142089844,-3.824171781539917,-3.781618118286133,-3.7376370429992676,-3.6924476623535156,-3.6483960151672363,-3.6059107780456543,-3.5657148361206055,-3.5272812843322754,-3.4891252517700195,-3.44913649559021,-3.407379388809204,-3.363107681274414,-3.317440986633301,-3.270364761352539,-3.223513603210449,-3.1764707565307617,-3.130160093307495,-3.0840578079223633,-3.037278890609741,-2.9908974170684814,-2.944089412689209,-2.8971023559570312,-2.8502275943756104,-2.8032021522521973,-2.7569878101348877,-2.711172342300415,-2.664022445678711,-2.6164677143096924,-2.569739818572998,-2.523165464401245,-2.4768099784851074,-2.4301023483276367,-2.3833489418029785,-2.3359432220458984,-2.2889788150787354,-2.2424697875976562,-2.1963706016540527,-2.149761199951172,-2.102362632751465,-2.05525541305542,-2.009502410888672,-1.9622286558151245,-1.9154417514801025,-1.8691465854644775,-1.823678731918335,-1.7777106761932373,-1.731905460357666,-1.6849197149276733,-1.6385982036590576,-1.5925664901733398,-1.5445319414138794,-1.4968922138214111,-1.44999361038208,-1.403984785079956,-1.3575221300125122,-1.3097045421600342,-1.263512372970581,-1.2169996500015259,-1.1710094213485718,-1.1236937046051025,-1.0778011083602905,-1.0307738780975342,-0.9847325682640076,-0.9374380707740784,-0.8894602656364441,-0.8425910472869873,-0.7970044612884521,-0.7513406872749329,-0.7054112553596497,-0.6577564477920532,-0.6107011437416077,-0.5641331076622009,-0.5183365345001221,-0.47266870737075806,-0.4253746569156647,-0.3789632320404053,-0.32958656549453735,-0.2805418372154236,-0.23230856657028198,-0.18645936250686646,-0.1427357792854309,-0.09211432188749313,-0.04714498668909073,-0.0031587579287588596,0.043210308998823166,0.08793220669031143,0.13353493809700012,0.18338865041732788,0.23828533291816711,0.2830115556716919,0.3336281478404999,0.3737388849258423,0.4186452627182007,0.4607135057449341,0.5082235336303711,0.5563238263130188,0.6043756008148193,0.6522291302680969,0.6957984566688538,0.7456642389297485,0.7919541597366333,0.8331512808799744,0.869295060634613,0.9222927689552307,0.9674617648124695,1.0223760604858398,1.0688188076019287,1.1176475286483765,1.162803292274475,1.212282419204712,1.2553176879882812,1.30730140209198,1.3559565544128418,1.4249200820922852,1.4638216495513916,1.5507322549819946,1.570926547050476,1.7127269506454468,1.8796138763427734,1.9154834747314453],"files":["scales.webp"]},"quats":{"files":["quats.webp"]},