{"version":2,"count":566513,"means":{"mins":[3.1589004444584186,1.6256875767415853,-1.3333228740358958],"maxs":[3.620908433286706,4.240681174295406,3.1877899455250613],"files":["means_l.webp","means_u.webp"]},"scales":{"codebook":[-9.999285697937012,-9.956284523010254,-9.911678314208984,-9.866349220275879,-9.819714546203613,-9.772361755371094,-9.725981712341309,-9.682818412780762,-9.641815185546875,-9.604327201843262,-9.566633224487305,-9.529848098754883,-9.49111270904541,-9.45055866241455,-9.410128593444824,-9.36956787109375,-9.32751750946045,-9.284173965454102,-9.239477157592773,-9.19430923461914,-9.149569511413574,-9.103962898254395,-9.058568000793457,-9.013385772705078,-8.967855453491211,-8.922307968139648,-8.879018783569336,-8.835074424743652,-8.791255950927734,-8.74539566040039,-8.69968318939209,-8.654365539550781,-8.608717918395996,-8.563143730163574,-8.517454147338867,-8.473383903503418,-8.429777145385742,-8.385173797607422,-8.34130573272705,-8.298340797424316,-8.2532958984375,-8.207436561584473,-8.161979675292969,-8.116679191589355,-8.072678565979004,-8.027771949768066,-7.984436511993408,-7.9405293464660645,-7.894639492034912,-7.84820032119751,-7.802968502044678,-7.757831573486328,-7.712369441986084,-7.667196273803711,-7.623517036437988,-7.579102993011475,-7.53429651260376,-7.489229679107666,-7.443761825561523,-7.398862838745117,-7.354120254516602,-7.3082804679870605,-7.263205051422119,-7.217824935913086,-7.173254489898682,-7.128339767456055,-7.0845465660095215,-7.041447639465332,-6.996802806854248,-6.951416969299316,-6.907382965087891,-6.862518310546875,-6.817295074462891,-6.772715091705322,-6.727222919464111,-6.68178653717041,-6.636326313018799,-6.591535568237305,-6.546678066253662,-6.502965450286865,-6.460594654083252,-6.420104503631592,-6.381279468536377,-6.344052791595459,-6.307065486907959,-6.2691264152526855,-6.228479385375977,-6.185979843139648,-6.14254093170166,-6.098274230957031,-6.054430961608887,-6.0102314949035645,-5.965839385986328,-5.920872211456299,-5.875730991363525,-5.830842971801758,-5.785996437072754,-5.740929126739502,-5.6957268714904785,-5.651210784912109,-5.606753826141357,-5.562299728393555,-5.5181779861450195,-5.475398540496826,-5.434960842132568,-5.396862983703613,-5.36027717590332,-5.3236775398254395,-5.285816669464111,-5.2459869384765625,-5.204207897186279,-5.161381244659424,-5.118682861328125,-5.077466011047363,-5.038748264312744,-5.001511096954346,-4.964515209197998,-4.926413059234619,-4.886776924133301,-4.845974445343018,-4.804701805114746,-4.764248371124268,-4.7260050773620605,-4.688958644866943,-4.652072906494141,-4.613942623138428,-4.5734405517578125,-4.531007766723633,-4.487441062927246,-4.444557189941406,-4.403170585632324,-4.363414764404297,-4.32615327835083,-4.289719104766846,-4.2534356117248535,-4.216962814331055,-4.180712699890137,-4.145442008972168,-4.112025260925293,-4.080674648284912,-4.049985885620117,-4.01788330078125,-3.983349323272705,-3.945250988006592,-3.9039220809936523,-3.8610012531280518,-3.817932605743408,-3.7760708332061768,-3.7363638877868652,-3.698601484298706,-3.662177324295044,-3.6253910064697266,-3.5862557888031006,-3.5449652671813965,-3.5019476413726807,-3.4573745727539062,-3.4128808975219727,-3.3684887886047363,-3.323701858520508,-3.2788329124450684,-3.2341439723968506,-3.189584493637085,-3.1447391510009766,-3.0996956825256348,-3.054724931716919,-3.00986909866333,-2.965412139892578,-2.9202158451080322,-2.875770330429077,-2.8307671546936035,-2.7859504222869873,-2.741635322570801,-2.6970417499542236,-2.6524605751037598,-2.6076743602752686,-2.5621135234832764,-2.516392946243286,-2.4716250896453857,-2.4271883964538574,-2.3830339908599854,-2.338568925857544,-2.2936224937438965,-2.248383045196533,-2.203890085220337,-2.159132957458496,-2.113868474960327,-2.0689520835876465,-2.026622772216797,-1.9853167533874512,-1.9393283128738403,-1.8930041790008545,-1.847128987312317,-1.8018362522125244,-1.757265567779541,-1.7129443883895874,-1.6687421798706055,-1.6234866380691528,-1.577156901359558,-1.5320591926574707,-1.4873278141021729,-1.4417656660079956,-1.3967809677124023,-1.3499300479888916,-1.3059157133102417,-1.2627103328704834,-1.2184722423553467,-1.1730873584747314,-1.1278715133666992,-1.0845234394073486,-1.0403882265090942,-0.9953386187553406,-0.9500495791435242,-0.9049803614616394,-0.8615890145301819,-0.8179711103439331,-0.7712748646736145,-0.7277603149414062,-0.6845173239707947,-0.6419099569320679,-0.5954618453979492,-0.5499261021614075,-0.5012572407722473,-0.4544811546802521,-0.41072821617126465,-0.3663414418697357,-0.321473628282547,-0.2740405797958374,-0.23224705457687378,-0.19014181196689606,-0.14479875564575195,-0.09838826209306717,-0.05174564570188522,-0.00804141815751791,0.03858643397688866,0.08594129979610443,0.12849296629428864,0.17271609604358673,0.21671950817108154,0.2605782151222229,0.30501508712768555,0.3559314012527466,0.397886723279953,0.43671590089797974,0.4931260347366333,0.5311509966850281,0.5841385722160339,0.6288586854934692,0.6635366082191467,0.7065039277076721,0.8051601052284241,0.9261887669563293,0.9803763031959534,1.073932409286499,1.1013903617858887,1.2018959522247314,1.4280985593795776],"files":["scales.webp"]},"quats":{"files":["quats.webp"]},