{"version":2,"count":554028,"means":{"mins":[0.9621568832424863,-3.892109861771352,-1.128300603222774],"maxs":[1.9224733684616795,-2.888329234182223,3.2368984720336194],"files":["means_l.webp","means_u.webp"]},"scales":{"codebook":[-9.998801231384277,-9.965290069580078,-9.921947479248047,-9.87828540802002,-9.83719539642334,-9.795877456665039,-9.754220008850098,-9.713348388671875,-9.672616004943848,-9.631135940551758,-9.591397285461426,-9.550691604614258,-9.510246276855469,-9.46824836730957,-9.426661491394043,-9.386446952819824,-9.345251083374023,-9.304418563842773,-9.263718605041504,-9.222764015197754,-9.182754516601562,-9.141572952270508,-9.099059104919434,-9.058454513549805,-9.0177001953125,-8.976913452148438,-8.936551094055176,-8.895947456359863,-8.855463027954102,-8.814144134521484,-8.772936820983887,-8.732046127319336,-8.691320419311523,-8.650980949401855,-8.609954833984375,-8.568866729736328,-8.528172492980957,-8.487954139709473,-8.447704315185547,-8.406983375549316,-8.366466522216797,-8.325197219848633,-8.284183502197266,-8.242226600646973,-8.20069408416748,-8.15999698638916,-8.118918418884277,-8.07865047454834,-8.037900924682617,-7.996112823486328,-7.954467296600342,-7.914092063903809,-7.87298583984375,-7.831973552703857,-7.791652679443359,-7.750606536865234,-7.709110736846924,-7.668181896209717,-7.627936363220215,-7.587291240692139,-7.546136379241943,-7.505419731140137,-7.464705944061279,-7.424005508422852,-7.383054733276367,-7.341951847076416,-7.3012166023254395,-7.260993003845215,-7.21994161605835,-7.178954124450684,-7.1378560066223145,-7.096995830535889,-7.0562591552734375,-7.015526294708252,-6.974466323852539,-6.933675765991211,-6.893036842346191,-6.852225303649902,-6.8113813400268555,-6.769697666168213,-6.727829456329346,-6.6869659423828125,-6.6462531089782715,-6.605629920959473,-6.564334869384766,-6.523655891418457,-6.483471870422363,-6.442888259887695,-6.401605606079102,-6.360866069793701,-6.319665431976318,-6.278381824493408,-6.237063407897949,-6.196068286895752,-6.155747413635254,-6.115627765655518,-6.075206756591797,-6.034750938415527,-5.99491548538208,-5.956528663635254,-5.9200439453125,-5.885643005371094,-5.852057456970215,-5.818500995635986,-5.78365421295166,-5.748053550720215,-5.712399959564209,-5.677958011627197,-5.644431114196777,-5.611128807067871,-5.5767669677734375,-5.540326118469238,-5.501713752746582,-5.461704730987549,-5.421054840087891,-5.380382061004639,-5.340386390686035,-5.301722049713135,-5.264462947845459,-5.229186534881592,-5.195563793182373,-5.162357330322266,-5.127875804901123,-5.091514587402344,-5.05294132232666,-5.012965679168701,-4.972568511962891,-4.931748867034912,-4.891507148742676,-4.851787090301514,-4.812999248504639,-4.775900363922119,-4.7409281730651855,-4.707265377044678,-4.673715114593506,-4.63861608505249,-4.601638317108154,-4.563026428222656,-4.523179054260254,-4.482734203338623,-4.442008018493652,-4.401067733764648,-4.360063552856445,-4.3192009925842285,-4.278515815734863,-4.238282203674316,-4.1973114013671875,-4.156249046325684,-4.115350246429443,-4.07448673248291,-4.033858299255371,-3.9929215908050537,-3.952293634414673,-3.911447763442993,-3.87016224861145,-3.8290822505950928,-3.788196325302124,-3.747483491897583,-3.7065176963806152,-3.6657285690307617,-3.6244096755981445,-3.583954334259033,-3.543140172958374,-3.502173662185669,-3.460712432861328,-3.419370651245117,-3.3787357807159424,-3.3384287357330322,-3.297553539276123,-3.2567501068115234,-3.2149720191955566,-3.173818349838257,-3.133240222930908,-3.093573570251465,-3.0535240173339844,-3.0127854347229004,-2.9721016883850098,-2.9308433532714844,-2.889772415161133,-2.8485045433044434,-2.806766986846924,-2.7666354179382324,-2.7266459465026855,-2.6874752044677734,-2.646941900253296,-2.6053714752197266,-2.5637876987457275,-2.5232608318328857,-2.4833014011383057,-2.4425086975097656,-2.401123523712158,-2.361677646636963,-2.320218801498413,-2.276484489440918,-2.2333364486694336,-2.1929688453674316,-2.1506526470184326,-2.1066009998321533,-2.0665080547332764,-2.0343339443206787,-2.0033133029937744,-1.9608206748962402,-1.9149904251098633,-1.8704830408096313,-1.8286397457122803,-1.787009596824646,-1.7476519346237183,-1.707837462425232,-1.6682294607162476,-1.625885009765625,-1.5841875076293945,-1.536878228187561,-1.4970215559005737,-1.4624814987182617,-1.4180171489715576,-1.3740097284317017,-1.3368175029754639,-1.294103980064392,-1.249637484550476,-1.2139443159103394,-1.1676865816116333,-1.1214966773986816,-1.0870558023452759,-1.0519179105758667,-1.0070524215698242,-0.9671571850776672,-0.9244582653045654,-0.8895933032035828,-0.8563045263290405,-0.8020123243331909,-0.7637792825698853,-0.7313480377197266,-0.6771551966667175,-0.6527941226959229,-0.5941009521484375,-0.5545814633369446,-0.5171773433685303,-0.47899603843688965,-0.43192869424819946,-0.39787164330482483,-0.3470921516418457,-0.31186115741729736,-0.2617359757423401,-0.2318795919418335,-0.18364384770393372,-0.15068219602108002,-0.10045784711837769,-0.04269879683852196,0.04667656868696213,0.08043424785137177,0.1378210335969925,0.1692923605442047,0.30188944935798645,0.3250652253627777,0.37142670154571533,0.41335558891296387],"files":["scales.webp"]},"quats":{"files":["quats.webp"]},