{"version":2,"count":781074,"means":{"mins":[-2.537698723646318,-2.7284005237650963,-1.5269334856178423],"maxs":[4.277209989307396,1.6236761800940729,3.1726048961052675],"files":["means_l.webp","means_u.webp"]},"scales":{"codebook":[-9.999037742614746,-9.954665184020996,-9.909292221069336,-9.865351676940918,-9.820356369018555,-9.775556564331055,-9.730084419250488,-9.685336112976074,-9.640604972839355,-9.595947265625,-9.550625801086426,-9.505928039550781,-9.461878776550293,-9.41702938079834,-9.372722625732422,-9.327834129333496,-9.281970024108887,-9.237089157104492,-9.19199275970459,-9.146790504455566,-9.102712631225586,-9.05806827545166,-9.013371467590332,-8.968754768371582,-8.924034118652344,-8.878700256347656,-8.83350944519043,-8.788570404052734,-8.743717193603516,-8.699286460876465,-8.654601097106934,-8.610529899597168,-8.566070556640625,-8.521223068237305,-8.47619342803955,-8.430757522583008,-8.385075569152832,-8.340563774108887,-8.295690536499023,-8.250926971435547,-8.206764221191406,-8.162384033203125,-8.118141174316406,-8.073478698730469,-8.027637481689453,-7.983096122741699,-7.937628746032715,-7.892991065979004,-7.84845495223999,-7.803577899932861,-7.758196830749512,-7.713696002960205,-7.668918609619141,-7.623719692230225,-7.578184127807617,-7.532309532165527,-7.4878363609313965,-7.44329833984375,-7.398581504821777,-7.354151725769043,-7.308984279632568,-7.264614105224609,-7.219978332519531,-7.17548131942749,-7.130932331085205,-7.08629035949707,-7.041116714477539,-6.996094226837158,-6.951258182525635,-6.905457973480225,-6.860517978668213,-6.81544828414917,-6.771033763885498,-6.726502895355225,-6.682126998901367,-6.6373772621154785,-6.59230375289917,-6.547164440155029,-6.502993106842041,-6.45829439163208,-6.4136857986450195,-6.368674278259277,-6.32368278503418,-6.27871561050415,-6.234010219573975,-6.189998626708984,-6.148159027099609,-6.108991622924805,-6.0719146728515625,-6.036016464233398,-5.99937629699707,-5.96008825302124,-5.918450832366943,-5.875219821929932,-5.831431865692139,-5.788228988647461,-5.746227264404297,-5.706880569458008,-5.669376373291016,-5.632661819458008,-5.59542989730835,-5.556394100189209,-5.515040397644043,-5.472400665283203,-5.428601264953613,-5.384193420410156,-5.33942174911499,-5.2943220138549805,-5.2494306564331055,-5.204442501068115,-5.159302234649658,-5.114614009857178,-5.070011138916016,-5.025411605834961,-4.980313777923584,-4.9352312088012695,-4.89063835144043,-4.846269130706787,-4.801477909088135,-4.756338119506836,-4.711343765258789,-4.66603422164917,-4.620725631713867,-4.57605504989624,-4.5313520431518555,-4.486464500427246,-4.441775321960449,-4.396825790405273,-4.351800441741943,-4.30714225769043,-4.262317657470703,-4.217566967010498,-4.172320365905762,-4.127347946166992,-4.082031726837158,-4.0370097160339355,-3.991953134536743,-3.947194814682007,-3.9028916358947754,-3.858426570892334,-3.8139519691467285,-3.7692525386810303,-3.7246413230895996,-3.679765462875366,-3.6348307132720947,-3.589949607849121,-3.5452888011932373,-3.5006656646728516,-3.4559383392333984,-3.4112555980682373,-3.3666200637817383,-3.322383403778076,-3.279043197631836,-3.2369484901428223,-3.19773530960083,-3.160651922225952,-3.1240711212158203,-3.0869290828704834,-3.0473618507385254,-3.005983591079712,-2.9629104137420654,-2.9186770915985107,-2.8743131160736084,-2.8295254707336426,-2.7852065563201904,-2.740666389465332,-2.696415662765503,-2.650996208190918,-2.605510950088501,-2.5612523555755615,-2.5169601440429688,-2.472310781478882,-2.4284510612487793,-2.3842976093292236,-2.3421261310577393,-2.302499771118164,-2.2643983364105225,-2.227390766143799,-2.190641164779663,-2.152479410171509,-2.1130611896514893,-2.0741126537323,-2.037198781967163,-2.0030362606048584,-1.9662178754806519,-1.9280859231948853,-1.8874568939208984,-1.8441288471221924,-1.7995632886886597,-1.7543870210647583,-1.710240364074707,-1.6664050817489624,-1.6213724613189697,-1.5762091875076294,-1.5313197374343872,-1.4850884675979614,-1.440080165863037,-1.395776629447937,-1.3525234460830688,-1.3082904815673828,-1.2638615369796753,-1.2180503606796265,-1.1715055704116821,-1.1268419027328491,-1.0820268392562866,-1.0374106168746948,-0.994082510471344,-0.951518177986145,-0.907881498336792,-0.8621122241020203,-0.8165525197982788,-0.7710797190666199,-0.7237644791603088,-0.6792163848876953,-0.6363595128059387,-0.5889081358909607,-0.5443708300590515,-0.49784907698631287,-0.45365583896636963,-0.4075859487056732,-0.3620665967464447,-0.31894823908805847,-0.2763177156448364,-0.23128613829612732,-0.18949967622756958,-0.14478769898414612,-0.09207654744386673,-0.04487525671720505,-0.004183745477348566,0.03496517613530159,0.07609935104846954,0.11788366734981537,0.16807392239570618,0.21507441997528076,0.26370617747306824,0.31160080432891846,0.3604987561702728,0.40002214908599854,0.448466956615448,0.4831802546977997,0.5306411385536194,0.574764609336853,0.6171130537986755,0.6677049398422241,0.7049146890640259,0.7508031725883484,0.7955978512763977,0.8355186581611633,0.8722392320632935,0.9476955533027649,1.0080008506774902,1.0802949666976929,1.17353093624115,1.2910398244857788,1.338854193687439,1.4299145936965942],"files":["scales.webp"]},"quats":{"files":["quats.webp"]},