{"version":2,"count":543080,"means":{"mins":[-4.0742105430466,-4.761492273691815,-0.977143311966238],"maxs":[2.2174306500587746,-3.892148853052136,3.073797042556123],"files":["means_l.webp","means_u.webp"]},"scales":{"codebook":[-9.999604225158691,-9.975309371948242,-9.939859390258789,-9.899175643920898,-9.855822563171387,-9.80966854095459,-9.76312255859375,-9.716117858886719,-9.668787002563477,-9.62121868133545,-9.572855949401855,-9.524618148803711,-9.47680377960205,-9.42819881439209,-9.380593299865723,-9.332720756530762,-9.285818099975586,-9.239265441894531,-9.191693305969238,-9.144461631774902,-9.097143173217773,-9.050908088684082,-9.004110336303711,-8.956720352172852,-8.90793228149414,-8.859749794006348,-8.81242561340332,-8.765181541442871,-8.716253280639648,-8.668017387390137,-8.620072364807129,-8.572197914123535,-8.525247573852539,-8.477879524230957,-8.430131912231445,-8.38276481628418,-8.335129737854004,-8.287881851196289,-8.240815162658691,-8.192627906799316,-8.145268440246582,-8.097622871398926,-8.051713943481445,-8.00414752960205,-7.95625638961792,-7.908689975738525,-7.8613457679748535,-7.812963008880615,-7.76614236831665,-7.718902111053467,-7.670283794403076,-7.622494697570801,-7.574830532073975,-7.527266502380371,-7.479498863220215,-7.43290901184082,-7.3855180740356445,-7.336325645446777,-7.28693151473999,-7.239527702331543,-7.193824291229248,-7.146784782409668,-7.099501132965088,-7.052210807800293,-7.005314826965332,-6.958601474761963,-6.910765647888184,-6.862518787384033,-6.81448221206665,-6.7663750648498535,-6.7189788818359375,-6.6715922355651855,-6.624423027038574,-6.575678825378418,-6.526854991912842,-6.4795684814453125,-6.432726860046387,-6.385491847991943,-6.338183403015137,-6.290466785430908,-6.2430830001831055,-6.194718360900879,-6.146296977996826,-6.099860668182373,-6.053553104400635,-6.006711959838867,-5.958857536315918,-5.910780906677246,-5.863523960113525,-5.815806865692139,-5.7695698738098145,-5.7219133377075195,-5.672733783721924,-5.6246256828308105,-5.57760763168335,-5.529750823974609,-5.48056697845459,-5.432611465454102,-5.385580539703369,-5.339156150817871,-5.2919135093688965,-5.243574619293213,-5.196044921875,-5.1471686363220215,-5.099527359008789,-5.051458835601807,-5.002956867218018,-4.955616474151611,-4.908631324768066,-4.8609418869018555,-4.813281536102295,-4.765578746795654,-4.71806526184082,-4.670494079589844,-4.622746467590332,-4.574787616729736,-4.527565956115723,-4.479936599731445,-4.432390213012695,-4.3850274085998535,-4.338078022003174,-4.292015075683594,-4.247827053070068,-4.205384254455566,-4.165327548980713,-4.126796722412109,-4.089104175567627,-4.051406383514404,-4.013716697692871,-3.976355791091919,-3.9388105869293213,-3.8994553089141846,-3.8580613136291504,-3.814335346221924,-3.768935203552246,-3.7227556705474854,-3.677495002746582,-3.633512258529663,-3.5920050144195557,-3.552652359008789,-3.514125347137451,-3.474303722381592,-3.4327950477600098,-3.3906314373016357,-3.347702741622925,-3.3062705993652344,-3.266611337661743,-3.2280008792877197,-3.1886487007141113,-3.1473371982574463,-3.1040408611297607,-3.0592401027679443,-3.0146241188049316,-2.9722061157226562,-2.932131052017212,-2.892801284790039,-2.853168249130249,-2.8121373653411865,-2.7690820693969727,-2.724538564682007,-2.678187131881714,-2.6306464672088623,-2.5827019214630127,-2.534961223602295,-2.4876599311828613,-2.4414076805114746,-2.395793914794922,-2.352097749710083,-2.311476945877075,-2.2751431465148926,-2.2422573566436768,-2.2097222805023193,-2.1747467517852783,-2.1357522010803223,-2.0937576293945312,-2.0507218837738037,-2.0096542835235596,-1.9693706035614014,-1.930390477180481,-1.892066240310669,-1.852919101715088,-1.8130046129226685,-1.771552324295044,-1.7269920110702515,-1.680816888809204,-1.6339970827102661,-1.5868247747421265,-1.5381568670272827,-1.4897136688232422,-1.4433231353759766,-1.3957605361938477,-1.3486956357955933,-1.3015830516815186,-1.2557529211044312,-1.2074873447418213,-1.1589677333831787,-1.1094952821731567,-1.0615887641906738,-1.014908790588379,-0.9695592522621155,-0.9215857982635498,-0.873583972454071,-0.8262566924095154,-0.7800857424736023,-0.7329510450363159,-0.686195433139801,-0.6364795565605164,-0.5873188376426697,-0.5371459722518921,-0.48909837007522583,-0.4417074918746948,-0.3961920142173767,-0.3505483865737915,-0.29976528882980347,-0.25119784474372864,-0.2049652487039566,-0.15937675535678864,-0.10919029265642166,-0.06306416541337967,-0.01185323391109705,0.04045243561267853,0.09107494354248047,0.132731094956398,0.18203745782375336,0.22843152284622192,0.2730101943016052,0.31794676184654236,0.36947813630104065,0.410707026720047,0.45867088437080383,0.5100412964820862,0.559843897819519,0.6051859259605408,0.6443715691566467,0.6901822686195374,0.7546187043190002,0.8015986084938049,0.8492064476013184,0.8931070566177368,0.9374842047691345,0.9879295229911804,1.0415244102478027,1.0723326206207275,1.1298013925552368,1.1729260683059692,1.2489614486694336,1.2836062908172607,1.31166410446167,1.3575379848480225,1.4019060134887695,1.4552783966064453,1.502388834953308,1.5428434610366821,1.6888622045516968,2.058664560317993,2.1263415813446045],"files":["scales.webp"]},"quats":{"files":["quats.webp"]},