{"version":2,"count":527927,"means":{"mins":[-5.810207395557553,-7.540165427538231,-6.287532456737361],"maxs":[7.589005555167607,0.20520427393510782,7.584682451185341],"files":["means_l.webp","means_u.webp"]},"scales":{"codebook":[-9.997904777526855,-9.954069137573242,-9.890812873840332,-9.82848072052002,-9.768710136413574,-9.710930824279785,-9.651529312133789,-9.592727661132812,-9.53431224822998,-9.476536750793457,-9.419143676757812,-9.36111068725586,-9.302177429199219,-9.244255065917969,-9.186258316040039,-9.128021240234375,-9.070626258850098,-9.012723922729492,-8.954541206359863,-8.897162437438965,-8.838579177856445,-8.7808837890625,-8.722018241882324,-8.663079261779785,-8.6051664352417,-8.54649829864502,-8.48779582977295,-8.429707527160645,-8.3732271194458,-8.314929008483887,-8.25654411315918,-8.198918342590332,-8.142415046691895,-8.084975242614746,-8.025628089904785,-7.967945575714111,-7.909966945648193,-7.851275444030762,-7.792137622833252,-7.735682487487793,-7.680729389190674,-7.627748012542725,-7.5772528648376465,-7.528860569000244,-7.481029033660889,-7.4317193031311035,-7.3792924880981445,-7.325063228607178,-7.268589496612549,-7.210158348083496,-7.152573108673096,-7.094953536987305,-7.036137104034424,-6.976830959320068,-6.917703628540039,-6.859512805938721,-6.801353931427002,-6.742738723754883,-6.685153484344482,-6.630147933959961,-6.5751543045043945,-6.519968032836914,-6.462630748748779,-6.403651237487793,-6.344423294067383,-6.285065174102783,-6.225804328918457,-6.168276786804199,-6.112403869628906,-6.058763027191162,-6.008192539215088,-5.959514617919922,-5.912449836730957,-5.863988399505615,-5.812315464019775,-5.757336139678955,-5.70078706741333,-5.643397331237793,-5.584399700164795,-5.526175022125244,-5.469159126281738,-5.412380695343018,-5.35739278793335,-5.304741859436035,-5.254951000213623,-5.207132816314697,-5.15944766998291,-5.110002517700195,-5.057854652404785,-5.002748489379883,-4.946073532104492,-4.8889031410217285,-4.830705165863037,-4.77308988571167,-4.715256690979004,-4.656989574432373,-4.598756313323975,-4.5404486656188965,-4.4827094078063965,-4.424903869628906,-4.366981506347656,-4.309659481048584,-4.251863479614258,-4.194238185882568,-4.13690185546875,-4.079504013061523,-4.023020267486572,-3.967963695526123,-3.9153740406036377,-3.865767478942871,-3.8181586265563965,-3.770542860031128,-3.720745086669922,-3.668030023574829,-3.612738847732544,-3.5558626651763916,-3.49865984916687,-3.4413986206054688,-3.3853976726531982,-3.3322982788085938,-3.2833750247955322,-3.239316940307617,-3.198223114013672,-3.159327268600464,-3.1187565326690674,-3.0743088722229004,-3.0254814624786377,-2.97306227684021,-2.917435884475708,-2.8593833446502686,-2.8018131256103516,-2.743849754333496,-2.686504364013672,-2.6279189586639404,-2.569777727127075,-2.5118327140808105,-2.4543755054473877,-2.396465539932251,-2.338437557220459,-2.280590057373047,-2.222639799118042,-2.1644766330718994,-2.105146646499634,-2.048696756362915,-1.993518590927124,-1.9334511756896973,-1.8741075992584229,-1.8160160779953003,-1.757454514503479,-1.699396014213562,-1.641967535018921,-1.583609938621521,-1.5262597799301147,-1.4687321186065674,-1.4118770360946655,-1.3533438444137573,-1.294942021369934,-1.2365200519561768,-1.1796954870224,-1.1224335432052612,-1.0649845600128174,-1.0063236951828003,-0.947986900806427,-0.8895596265792847,-0.8301268219947815,-0.7713887691497803,-0.71477872133255,-0.656059741973877,-0.5988289713859558,-0.5388471484184265,-0.47933387756347656,-0.41714245080947876,-0.36125412583351135,-0.30798473954200745,-0.25518402457237244,-0.194562166929245,-0.13773863017559052,-0.08280773460865021,-0.01959400251507759,0.033769793808460236,0.09920048713684082,0.15673908591270447,0.21350279450416565,0.27495718002319336,0.33465883135795593,0.39089831709861755,0.4485810101032257,0.5093162655830383,0.5675176978111267,0.6194750070571899,0.675376832485199,0.73563551902771,0.7953259348869324,0.8589068055152893,0.9063597917556763,0.9700557589530945,1.0263887643814087,1.0871789455413818,1.1474162340164185,1.2089899778366089,1.27550208568573,1.3335597515106201,1.3905209302902222,1.455359697341919,1.5106136798858643,1.5640606880187988,1.6188793182373047,1.6789690256118774,1.7326306104660034,1.788692593574524,1.847496747970581,1.9026228189468384,1.9583669900894165,2.0141003131866455,2.0778839588165283,2.1388752460479736,2.1961491107940674,2.259411573410034,2.3173718452453613,2.372117519378662,2.42930006980896,2.48346209526062,2.537055492401123,2.601287841796875,2.6604390144348145,2.713794708251953,2.7728559970855713,2.832244396209717,2.8901267051696777,2.945077657699585,2.9999258518218994,3.0600168704986572,3.1134068965911865,3.173306465148926,3.2376911640167236,3.299889087677002,3.354924201965332,3.4062836170196533,3.4544694423675537,3.512540817260742,3.5677223205566406,3.6217105388641357,3.683941602706909,3.7455966472625732,3.8077943325042725,3.864286422729492,3.9315953254699707,3.9955053329467773,4.0615644454956055,4.109409332275391,4.164259433746338,4.215218544006348,4.297228813171387,4.367584228515625,4.43373966217041,4.805911064147949],"files":["scales.webp"]},"quats":{"files":["quats.webp"]},