{"version":2,"count":524567,"means":{"mins":[-7.571450139668198,-7.5988444962195,-6.925536798310804],"maxs":[7.44543873339499,-3.0123129162602766,7.593529766858175],"files":["means_l.webp","means_u.webp"]},"scales":{"codebook":[-9.998176574707031,-9.951927185058594,-9.89100170135498,-9.830144882202148,-9.771380424499512,-9.713266372680664,-9.653715133666992,-9.595972061157227,-9.538661003112793,-9.480484008789062,-9.421839714050293,-9.363801002502441,-9.306364059448242,-9.248726844787598,-9.191949844360352,-9.134554862976074,-9.077220916748047,-9.019822120666504,-8.962377548217773,-8.904439926147461,-8.84647274017334,-8.78825855255127,-8.730863571166992,-8.672647476196289,-8.614806175231934,-8.55817699432373,-8.500929832458496,-8.44217300415039,-8.38400650024414,-8.325484275817871,-8.26821231842041,-8.210599899291992,-8.153243064880371,-8.096467018127441,-8.03954792022705,-7.981546401977539,-7.923106670379639,-7.865100860595703,-7.807154655456543,-7.748892784118652,-7.690001487731934,-7.6322712898254395,-7.574438571929932,-7.517628192901611,-7.46142578125,-7.40365743637085,-7.346091270446777,-7.288529396057129,-7.230600357055664,-7.1727471351623535,-7.114906311035156,-7.056610584259033,-6.997546672821045,-6.939958095550537,-6.882449150085449,-6.824283123016357,-6.766716480255127,-6.709020137786865,-6.650925159454346,-6.594159126281738,-6.537750244140625,-6.480641841888428,-6.423031330108643,-6.364984512329102,-6.307432174682617,-6.250498294830322,-6.192809104919434,-6.134799003601074,-6.075953006744385,-6.01838493347168,-5.96086311340332,-5.903493881225586,-5.845094680786133,-5.7864837646484375,-5.727604866027832,-5.669463157653809,-5.612236976623535,-5.554496765136719,-5.497486591339111,-5.440025806427002,-5.383480072021484,-5.326740264892578,-5.2693772315979,-5.21220588684082,-5.1543869972229,-5.0960235595703125,-5.0379228591918945,-4.979911804199219,-4.922150611877441,-4.864240646362305,-4.805700778961182,-4.747336387634277,-4.689441680908203,-4.631577491760254,-4.573587417602539,-4.515547752380371,-4.457479476928711,-4.400095462799072,-4.342629432678223,-4.285165309906006,-4.228177547454834,-4.171508312225342,-4.114010810852051,-4.056123733520508,-3.9981400966644287,-3.9406609535217285,-3.883371591567993,-3.8257884979248047,-3.7681891918182373,-3.7111997604370117,-3.65378737449646,-3.5962536334991455,-3.5386762619018555,-3.481473684310913,-3.4240620136260986,-3.366190195083618,-3.3084545135498047,-3.250706672668457,-3.1931867599487305,-3.1359996795654297,-3.0782835483551025,-3.0211474895477295,-2.9636547565460205,-2.9055674076080322,-2.8472869396209717,-2.7886860370635986,-2.7316067218780518,-2.675107002258301,-2.6171627044677734,-2.5593414306640625,-2.501507043838501,-2.443493366241455,-2.3860628604888916,-2.328524112701416,-2.270414113998413,-2.212026596069336,-2.153442859649658,-2.096367835998535,-2.0430748462677,-1.9947261810302734,-1.9314855337142944,-1.8704710006713867,-1.811547875404358,-1.7542760372161865,-1.6992944478988647,-1.647386074066162,-1.5976858139038086,-1.5498896837234497,-1.501883864402771,-1.4537159204483032,-1.4015562534332275,-1.3464938402175903,-1.2896630764007568,-1.2329530715942383,-1.1746665239334106,-1.1163179874420166,-1.0573588609695435,-0.9997122287750244,-0.9434778094291687,-0.8858442902565002,-0.8293040990829468,-0.7711542844772339,-0.71104896068573,-0.652902364730835,-0.5945947766304016,-0.5370568633079529,-0.4798109531402588,-0.4227065443992615,-0.3661309480667114,-0.30954644083976746,-0.25391918420791626,-0.197630375623703,-0.13855105638504028,-0.07873667031526566,-0.023313255980610847,0.03199956566095352,0.08860758692026138,0.14915503561496735,0.2070537954568863,0.26324453949928284,0.31873953342437744,0.37569302320480347,0.43488430976867676,0.4933149516582489,0.5562856197357178,0.6198444962501526,0.6773455739021301,0.7332589626312256,0.7883437871932983,0.843418538570404,0.9003270268440247,0.9584762454032898,1.0159157514572144,1.071652889251709,1.1303386688232422,1.1865726709365845,1.2471457719802856,1.3068568706512451,1.3654249906539917,1.426730990409851,1.479714274406433,1.5393340587615967,1.5930836200714111,1.650883674621582,1.7119821310043335,1.769169807434082,1.8325213193893433,1.890933871269226,1.9450546503067017,2.002389669418335,2.055626153945923,2.1161177158355713,2.175663948059082,2.234332323074341,2.286579132080078,2.3451600074768066,2.4044675827026367,2.4625682830810547,2.5210630893707275,2.5855000019073486,2.642218828201294,2.6934618949890137,2.7507827281951904,2.813573122024536,2.87705659866333,2.9340062141418457,2.9844067096710205,3.042743682861328,3.0934157371520996,3.1514711380004883,3.2068068981170654,3.262474536895752,3.317871570587158,3.380939483642578,3.444619655609131,3.5007553100585938,3.552570343017578,3.610185146331787,3.666121244430542,3.7245049476623535,3.7813565731048584,3.843242645263672,3.9005794525146484,3.95184326171875,4.02971887588501,4.081284523010254,4.140683650970459,4.191279888153076,4.25309944152832,4.3032331466674805,4.348937034606934,4.40172004699707,4.502929210662842,4.553733825683594,4.652898788452148,4.713098526000977],"files":["scales.webp"]},"quats":{"files":["quats.webp"]},