{"version":2,"count":537666,"means":{"mins":[-7.571450139668198,-7.576819490793048,-6.925536798310804],"maxs":[7.44543873339499,-3.0123129162602766,7.593529766858175],"files":["means_l.webp","means_u.webp"]},"scales":{"codebook":[-9.9976806640625,-9.954912185668945,-9.893566131591797,-9.831368446350098,-9.77090835571289,-9.713754653930664,-9.6553373336792,-9.59716796875,-9.538508415222168,-9.479894638061523,-9.421106338500977,-9.363600730895996,-9.305953979492188,-9.248685836791992,-9.19125747680664,-9.134047508239746,-9.077398300170898,-9.019329071044922,-8.961191177368164,-8.905132293701172,-8.846796035766602,-8.789128303527832,-8.729910850524902,-8.672520637512207,-8.613981246948242,-8.555120468139648,-8.498614311218262,-8.440730094909668,-8.383882522583008,-8.326391220092773,-8.269028663635254,-8.210883140563965,-8.15410327911377,-8.097557067871094,-8.041157722473145,-7.987081050872803,-7.935952186584473,-7.888142108917236,-7.840567588806152,-7.7921833992004395,-7.741357803344727,-7.687314033508301,-7.631773471832275,-7.575630187988281,-7.517787933349609,-7.46026611328125,-7.40217924118042,-7.345571994781494,-7.287720680236816,-7.2292890548706055,-7.171109676361084,-7.112586975097656,-7.053872585296631,-6.996073246002197,-6.938609600067139,-6.880176544189453,-6.821657180786133,-6.762585163116455,-6.703853130340576,-6.646295547485352,-6.59152364730835,-6.5381340980529785,-6.484224319458008,-6.428743839263916,-6.370211601257324,-6.309556007385254,-6.249783515930176,-6.190422058105469,-6.1326398849487305,-6.075080394744873,-6.017587184906006,-5.959587097167969,-5.901434898376465,-5.843020915985107,-5.78468656539917,-5.726757526397705,-5.669063091278076,-5.611708641052246,-5.5548200607299805,-5.497706413269043,-5.440035820007324,-5.3827033042907715,-5.325742244720459,-5.268517971038818,-5.210718154907227,-5.1530327796936035,-5.095027923583984,-5.036804676055908,-4.978723526000977,-4.920738697052002,-4.862499237060547,-4.80509090423584,-4.748273849487305,-4.691289901733398,-4.634024143218994,-4.576401710510254,-4.518494606018066,-4.45978307723999,-4.401731967926025,-4.344670295715332,-4.288004398345947,-4.231362342834473,-4.174211502075195,-4.1166486740112305,-4.058376789093018,-4.000550270080566,-3.9429848194122314,-3.885322332382202,-3.8282079696655273,-3.7713277339935303,-3.713636875152588,-3.656061887741089,-3.5983664989471436,-3.540957450866699,-3.4834206104278564,-3.4256114959716797,-3.367906093597412,-3.3099660873413086,-3.2513537406921387,-3.192976236343384,-3.1357479095458984,-3.078113079071045,-3.020629644393921,-2.962669610977173,-2.904366970062256,-2.8470821380615234,-2.789438247680664,-2.7313930988311768,-2.6741764545440674,-2.6172022819519043,-2.5595688819885254,-2.5009469985961914,-2.4428176879882812,-2.384392738342285,-2.3263728618621826,-2.268822193145752,-2.2118377685546875,-2.1548218727111816,-2.0971498489379883,-2.0412681102752686,-1.987540364265442,-1.927201747894287,-1.8678096532821655,-1.8094896078109741,-1.7518517971038818,-1.6938458681106567,-1.6348025798797607,-1.5777069330215454,-1.518960952758789,-1.4615079164505005,-1.4052302837371826,-1.3481751680374146,-1.2905793190002441,-1.2329970598220825,-1.1756591796875,-1.117745041847229,-1.060555100440979,-1.0026612281799316,-0.94492107629776,-0.8880342841148376,-0.8295568823814392,-0.7730090022087097,-0.7166593670845032,-0.6594347953796387,-0.600605309009552,-0.5411136746406555,-0.485157310962677,-0.42616522312164307,-0.36690980195999146,-0.3119116723537445,-0.2590077519416809,-0.20294779539108276,-0.14469987154006958,-0.08179652690887451,-0.02221181057393551,0.03381328284740448,0.09139648079872131,0.14700061082839966,0.20525020360946655,0.2605229914188385,0.3202667534351349,0.3808614909648895,0.4358310401439667,0.4916183352470398,0.5473088026046753,0.611829936504364,0.6706703901290894,0.7369077801704407,0.7920648455619812,0.8456659317016602,0.9033932685852051,0.954326331615448,1.0142126083374023,1.0723152160644531,1.1326401233673096,1.1877473592758179,1.2537446022033691,1.3120591640472412,1.3693821430206299,1.4353286027908325,1.48650324344635,1.5405066013336182,1.589100956916809,1.6466666460037231,1.707474708557129,1.7665709257125854,1.8308093547821045,1.8866163492202759,1.9454227685928345,2.0072317123413086,2.0661580562591553,2.1269967555999756,2.1836695671081543,2.2378461360931396,2.2886903285980225,2.34709095954895,2.405463218688965,2.462038516998291,2.5213534832000732,2.5851173400878906,2.6410326957702637,2.6929779052734375,2.7504703998565674,2.812631368637085,2.8762645721435547,2.9338009357452393,2.983642101287842,3.0420424938201904,3.093829870223999,3.1517457962036133,3.20819354057312,3.265836000442505,3.320734977722168,3.382345199584961,3.4461848735809326,3.5008974075317383,3.5524165630340576,3.610093593597412,3.665388822555542,3.723494529724121,3.7813565731048584,3.843242645263672,3.9012343883514404,3.95184326171875,4.02971887588501,4.081284523010254,4.140505313873291,4.191279888153076,4.25309944152832,4.304279804229736,4.348937034606934,4.40172004699707,4.502929210662842,4.553733825683594,4.659262180328369,4.713098526000977],"files":["scales.webp"]},"quats":{"files":["quats.webp"]},