{"version":2,"count":532514,"means":{"mins":[-4.652753523951592,-2.8883237127826584,-0.8058237849820892],"maxs":[1.9224743447505515,1.9390164446861307,3.1013084203349246],"files":["means_l.webp","means_u.webp"]},"scales":{"codebook":[-9.998077392578125,-9.958541870117188,-9.908883094787598,-9.857237815856934,-9.807580947875977,-9.759126663208008,-9.711255073547363,-9.664203643798828,-9.617559432983398,-9.570901870727539,-9.523231506347656,-9.475509643554688,-9.42679500579834,-9.377071380615234,-9.330148696899414,-9.28329849243164,-9.235105514526367,-9.18656063079834,-9.138374328613281,-9.089789390563965,-9.041613578796387,-8.992958068847656,-8.945261001586914,-8.898326873779297,-8.852351188659668,-8.804749488830566,-8.757537841796875,-8.710172653198242,-8.663071632385254,-8.61622428894043,-8.568212509155273,-8.51892375946045,-8.471851348876953,-8.425898551940918,-8.380658149719238,-8.336761474609375,-8.296456336975098,-8.257749557495117,-8.218316078186035,-8.176916122436523,-8.132731437683105,-8.087176322937012,-8.039896011352539,-7.992446422576904,-7.943840503692627,-7.895386695861816,-7.846980094909668,-7.798360824584961,-7.751196384429932,-7.705525875091553,-7.660767555236816,-7.618396282196045,-7.578951358795166,-7.539580345153809,-7.499731063842773,-7.458548545837402,-7.414000034332275,-7.367832183837891,-7.320418357849121,-7.272916793823242,-7.225373268127441,-7.177735805511475,-7.129733562469482,-7.081355094909668,-7.033302307128906,-6.986018657684326,-6.9385175704956055,-6.8908162117004395,-6.843106746673584,-6.795051097869873,-6.747677803039551,-6.699456691741943,-6.6515374183654785,-6.603442192077637,-6.555910110473633,-6.509894371032715,-6.46577262878418,-6.423371315002441,-6.383225440979004,-6.344334125518799,-6.304876327514648,-6.263912200927734,-6.221590042114258,-6.17946195602417,-6.138554096221924,-6.099102973937988,-6.060362815856934,-6.020889759063721,-5.979135513305664,-5.934944152832031,-5.888857841491699,-5.841427326202393,-5.793840408325195,-5.746155261993408,-5.698239326477051,-5.650557041168213,-5.602698802947998,-5.554619312286377,-5.506783962249756,-5.4587225914001465,-5.411308288574219,-5.363239288330078,-5.315289497375488,-5.267055034637451,-5.218842506408691,-5.171254634857178,-5.124141693115234,-5.07851505279541,-5.034134387969971,-4.992281436920166,-4.952632427215576,-4.913929462432861,-4.874380111694336,-4.832332611083984,-4.787779808044434,-4.742591381072998,-4.699069499969482,-4.657989978790283,-4.620970249176025,-4.587338924407959,-4.555910110473633,-4.523593425750732,-4.487985134124756,-4.447988986968994,-4.404623508453369,-4.359651565551758,-4.31451940536499,-4.270727634429932,-4.228552341461182,-4.188222885131836,-4.149519920349121,-4.11032247543335,-4.069667339324951,-4.027955532073975,-3.9870846271514893,-3.94754695892334,-3.908748149871826,-3.8703548908233643,-3.831432342529297,-3.792222023010254,-3.7528836727142334,-3.7145001888275146,-3.675783395767212,-3.6351757049560547,-3.592076301574707,-3.547039270401001,-3.4999008178710938,-3.4532651901245117,-3.406514883041382,-3.3588685989379883,-3.3107874393463135,-3.262141466140747,-3.214531660079956,-3.166567087173462,-3.1184346675872803,-3.0708980560302734,-3.0228097438812256,-2.975391149520874,-2.92848539352417,-2.8808982372283936,-2.8334145545959473,-2.7850229740142822,-2.737046957015991,-2.688847064971924,-2.6402382850646973,-2.591559648513794,-2.5421013832092285,-2.493734121322632,-2.446424722671509,-2.3994452953338623,-2.3509681224823,-2.3043458461761475,-2.2569403648376465,-2.2089884281158447,-2.1601498126983643,-2.1111905574798584,-2.0626518726348877,-2.0164451599121094,-1.9720158576965332,-1.924209475517273,-1.8747633695602417,-1.8289364576339722,-1.7802793979644775,-1.7334717512130737,-1.685483455657959,-1.6377899646759033,-1.5905592441558838,-1.5414284467697144,-1.4915995597839355,-1.444521188735962,-1.3955633640289307,-1.3486120700836182,-1.3013747930526733,-1.253797173500061,-1.2040067911148071,-1.1544218063354492,-1.10930335521698,-1.0641965866088867,-1.017487645149231,-0.9708008766174316,-0.921421229839325,-0.8704857230186462,-0.8214382529258728,-0.7734487652778625,-0.7285398840904236,-0.6838059425354004,-0.6325905919075012,-0.5857062935829163,-0.5396865010261536,-0.49106910824775696,-0.4445653557777405,-0.4013875424861908,-0.3535090684890747,-0.30402275919914246,-0.2476658672094345,-0.19561558961868286,-0.14996518194675446,-0.10779403150081635,-0.06140465289354324,-0.009145716205239296,0.03779715672135353,0.09178656339645386,0.13704431056976318,0.18176110088825226,0.22620604932308197,0.27967873215675354,0.325722873210907,0.37078791856765747,0.42123499512672424,0.46819600462913513,0.519666850566864,0.5727120637893677,0.6124446392059326,0.6618912816047668,0.7182101607322693,0.7491820454597473,0.7993366718292236,0.8519139885902405,0.8986577987670898,0.9468985795974731,0.9933278560638428,1.0477410554885864,1.0806671380996704,1.1205241680145264,1.181172490119934,1.2390809059143066,1.2751667499542236,1.3164156675338745,1.369600534439087,1.4375319480895996,1.5284010171890259,1.6308826208114624,1.7174910306930542,1.885261058807373,2.1210837364196777,2.1892993450164795],"files":["scales.webp"]},"quats":{"files":["quats.webp"]},