{"version":2,"count":565827,"means":{"mins":[-3.765341387121216,-3.799937589909619,-1.1917181946933932],"maxs":[-2.5377514171732023,-3.4628478251827617,3.028456075323995],"files":["means_l.webp","means_u.webp"]},"scales":{"codebook":[-9.999159812927246,-9.954292297363281,-9.908903121948242,-9.864821434020996,-9.822192192077637,-9.778762817382812,-9.734842300415039,-9.690896034240723,-9.647237777709961,-9.602322578430176,-9.557685852050781,-9.513355255126953,-9.469758987426758,-9.427284240722656,-9.383566856384277,-9.339763641357422,-9.295820236206055,-9.251252174377441,-9.2068510055542,-9.163289070129395,-9.119094848632812,-9.07482624053955,-9.0313138961792,-8.988329887390137,-8.944249153137207,-8.900167465209961,-8.856374740600586,-8.811738014221191,-8.766865730285645,-8.723101615905762,-8.679024696350098,-8.63463306427002,-8.591358184814453,-8.548532485961914,-8.504674911499023,-8.459579467773438,-8.415059089660645,-8.370477676391602,-8.326229095458984,-8.282835960388184,-8.239167213439941,-8.195377349853516,-8.150559425354004,-8.106636047363281,-8.063265800476074,-8.019515991210938,-7.975582122802734,-7.931096076965332,-7.887033462524414,-7.842826843261719,-7.798534870147705,-7.75428581237793,-7.710142612457275,-7.665942668914795,-7.62374210357666,-7.580844879150391,-7.538753032684326,-7.498729228973389,-7.460754871368408,-7.424788951873779,-7.387996673583984,-7.35040283203125,-7.310095310211182,-7.268115997314453,-7.224390983581543,-7.18018102645874,-7.1360578536987305,-7.092238426208496,-7.048051357269287,-7.004390716552734,-6.960955619812012,-6.917748928070068,-6.874040126800537,-6.829516887664795,-6.784769058227539,-6.740408420562744,-6.696613311767578,-6.653650760650635,-6.6129350662231445,-6.574308395385742,-6.537562847137451,-6.5013933181762695,-6.465133190155029,-6.427149295806885,-6.387109279632568,-6.34429931640625,-6.30055046081543,-6.256804466247559,-6.212244510650635,-6.168185710906982,-6.124105453491211,-6.08063268661499,-6.037929058074951,-5.996853828430176,-5.958496570587158,-5.921639442443848,-5.885523796081543,-5.8493266105651855,-5.811027526855469,-5.770257472991943,-5.727471828460693,-5.6837029457092285,-5.640023231506348,-5.596414566040039,-5.552187442779541,-5.508190155029297,-5.464097499847412,-5.4201836585998535,-5.376709938049316,-5.333608150482178,-5.291420936584473,-5.250768661499023,-5.212750434875488,-5.17631196975708,-5.140529155731201,-5.103537559509277,-5.063905715942383,-5.022350311279297,-4.979653358459473,-4.936257362365723,-4.893161773681641,-4.849804878234863,-4.8068437576293945,-4.766005992889404,-4.72820520401001,-4.6942830085754395,-4.663454532623291,-4.633615016937256,-4.602961540222168,-4.569980144500732,-4.534499168395996,-4.4976806640625,-4.460303783416748,-4.423696517944336,-4.388001918792725,-4.351822376251221,-4.313893795013428,-4.273451328277588,-4.231273174285889,-4.18731164932251,-4.142989635467529,-4.098734378814697,-4.0544891357421875,-4.010444164276123,-3.966771125793457,-3.92315673828125,-3.8795218467712402,-3.8358607292175293,-3.7916414737701416,-3.7472662925720215,-3.702862024307251,-3.6589574813842773,-3.6154465675354004,-3.571476459503174,-3.5276830196380615,-3.484112024307251,-3.4409446716308594,-3.399841547012329,-3.3612864017486572,-3.3244071006774902,-3.2884769439697266,-3.2520253658294678,-3.213881492614746,-3.173604726791382,-3.1315085887908936,-3.0881400108337402,-3.0446689128875732,-3.0013484954833984,-2.95717453956604,-2.9132816791534424,-2.8692662715911865,-2.8252429962158203,-2.7812445163726807,-2.737048387527466,-2.6933157444000244,-2.649473190307617,-2.605241060256958,-2.561368942260742,-2.5172057151794434,-2.4733693599700928,-2.430105209350586,-2.3866899013519287,-2.342655658721924,-2.2985446453094482,-2.2542903423309326,-2.2098729610443115,-2.165919780731201,-2.1227171421051025,-2.0789122581481934,-2.0363926887512207,-1.9970755577087402,-1.950926423072815,-1.9056493043899536,-1.8600013256072998,-1.8145371675491333,-1.769057035446167,-1.7242615222930908,-1.6805025339126587,-1.6367169618606567,-1.5947480201721191,-1.5510278940200806,-1.5060791969299316,-1.4621326923370361,-1.4169955253601074,-1.3699582815170288,-1.3252238035202026,-1.2822736501693726,-1.2404906749725342,-1.1965363025665283,-1.150999665260315,-1.107013463973999,-1.0636221170425415,-1.0229482650756836,-0.979764461517334,-0.9352282881736755,-0.8909451961517334,-0.8441404700279236,-0.7973566055297852,-0.7545261979103088,-0.7102999091148376,-0.6631360054016113,-0.6205488443374634,-0.5752542614936829,-0.5353295803070068,-0.49206629395484924,-0.4549940526485443,-0.41263139247894287,-0.36296552419662476,-0.319988489151001,-0.2748837172985077,-0.21820569038391113,-0.1814059019088745,-0.14881570637226105,-0.09357254207134247,-0.050585515797138214,-0.00427172239869833,0.040541619062423706,0.08756430447101593,0.11950282752513885,0.16444836556911469,0.2071717232465744,0.27606695890426636,0.3046591281890869,0.3511054217815399,0.39429184794425964,0.42996975779533386,0.48363637924194336,0.5187962055206299,0.598341703414917,0.706688404083252,0.7907736897468567,0.8314810991287231,0.8644968271255493,0.8987060785293579,0.9902227520942688,1.2276631593704224],"files":["scales.webp"]},"quats":{"files":["quats.webp"]},