{"version":2,"count":525887,"means":{"mins":[1.4912819205804848,-1.4830010991329095,-1.3439139592169058],"maxs":[3.6846606676331586,1.6256803517850087,3.002696965907822],"files":["means_l.webp","means_u.webp"]},"scales":{"codebook":[-9.999021530151367,-9.957785606384277,-9.91718578338623,-9.874512672424316,-9.831167221069336,-9.7894287109375,-9.748880386352539,-9.707554817199707,-9.666069984436035,-9.624382019042969,-9.584000587463379,-9.543456077575684,-9.502035140991211,-9.460442543029785,-9.418773651123047,-9.377448081970215,-9.33590030670166,-9.294014930725098,-9.253304481506348,-9.211122512817383,-9.169049263000488,-9.12669563293457,-9.084281921386719,-9.042912483215332,-9.001019477844238,-8.959002494812012,-8.916604995727539,-8.876432418823242,-8.836312294006348,-8.79490852355957,-8.752570152282715,-8.710929870605469,-8.669681549072266,-8.628718376159668,-8.586487770080566,-8.544015884399414,-8.503005981445312,-8.462055206298828,-8.420927047729492,-8.379904747009277,-8.339316368103027,-8.29925537109375,-8.257927894592285,-8.215179443359375,-8.172679901123047,-8.12989330291748,-8.088149070739746,-8.047972679138184,-8.007227897644043,-7.966354846954346,-7.925518989562988,-7.883440971374512,-7.840618133544922,-7.798219680786133,-7.756945610046387,-7.715279579162598,-7.674143314361572,-7.6326727867126465,-7.591980457305908,-7.549713134765625,-7.50789213180542,-7.465278625488281,-7.4236626625061035,-7.382653713226318,-7.341124057769775,-7.29957389831543,-7.257988452911377,-7.216536045074463,-7.174843788146973,-7.133294582366943,-7.092550754547119,-7.0509538650512695,-7.009255409240723,-6.96775484085083,-6.92630672454834,-6.885069370269775,-6.843640327453613,-6.802145957946777,-6.760561466217041,-6.719728469848633,-6.67953634262085,-6.640379905700684,-6.602811336517334,-6.567767143249512,-6.534229278564453,-6.49995756149292,-6.464378833770752,-6.426455020904541,-6.38649845123291,-6.345559120178223,-6.304561614990234,-6.262692451477051,-6.2211198806762695,-6.179496765136719,-6.138178825378418,-6.097381114959717,-6.057375431060791,-6.018531322479248,-5.981232643127441,-5.94551944732666,-5.911125659942627,-5.8765177726745605,-5.840800762176514,-5.803125381469727,-5.763518333435059,-5.723021984100342,-5.681623458862305,-5.640111923217773,-5.598361492156982,-5.556772708892822,-5.515790939331055,-5.4755635261535645,-5.436694145202637,-5.399632930755615,-5.364574909210205,-5.3302741050720215,-5.296027660369873,-5.261173725128174,-5.224583625793457,-5.187381267547607,-5.151186466217041,-5.116377830505371,-5.083026885986328,-5.049271583557129,-5.013548374176025,-4.975551128387451,-4.936468124389648,-4.897733211517334,-4.8607988357543945,-4.825565338134766,-4.791266441345215,-4.756910800933838,-4.720823287963867,-4.683150291442871,-4.643783092498779,-4.604829788208008,-4.567010879516602,-4.531203746795654,-4.497071266174316,-4.463712692260742,-4.4289751052856445,-4.392024040222168,-4.352973461151123,-4.312268257141113,-4.271136283874512,-4.229825019836426,-4.189160346984863,-4.149777412414551,-4.112778663635254,-4.077332019805908,-4.043316841125488,-4.009437561035156,-3.974268674850464,-3.9367032051086426,-3.8970375061035156,-3.856245279312134,-3.815258502960205,-3.7738068103790283,-3.731776714324951,-3.690004348754883,-3.6486880779266357,-3.6075735092163086,-3.566495180130005,-3.525209665298462,-3.4844095706939697,-3.443248987197876,-3.401188373565674,-3.3587329387664795,-3.317112684249878,-3.2755396366119385,-3.234177589416504,-3.1926934719085693,-3.1516969203948975,-3.1099767684936523,-3.068934202194214,-3.027987241744995,-2.986086368560791,-2.944944143295288,-2.9029648303985596,-2.861009120941162,-2.819444417953491,-2.7778210639953613,-2.736839532852173,-2.696228504180908,-2.655613422393799,-2.6146678924560547,-2.5737130641937256,-2.531440258026123,-2.4894630908966064,-2.447071075439453,-2.405238389968872,-2.363309144973755,-2.3214282989501953,-2.2801361083984375,-2.2392959594726562,-2.1967813968658447,-2.1557157039642334,-2.1122989654541016,-2.071377992630005,-2.0328352451324463,-1.9967201948165894,-1.9519072771072388,-1.9085325002670288,-1.8657824993133545,-1.8244571685791016,-1.7837764024734497,-1.7415200471878052,-1.6984343528747559,-1.6563029289245605,-1.6171684265136719,-1.574756383895874,-1.5343377590179443,-1.4915517568588257,-1.4513696432113647,-1.4132624864578247,-1.3708428144454956,-1.3289340734481812,-1.2866096496582031,-1.2451120615005493,-1.2031002044677734,-1.1585992574691772,-1.113060712814331,-1.0715919733047485,-1.0312926769256592,-0.9911981821060181,-0.9513842463493347,-0.9085098505020142,-0.8658545613288879,-0.8278393745422363,-0.7896735668182373,-0.7504569292068481,-0.7091270685195923,-0.6628588438034058,-0.6283422708511353,-0.5792175531387329,-0.5371317863464355,-0.5004798173904419,-0.45433172583580017,-0.4089331030845642,-0.3712582588195801,-0.32852327823638916,-0.28930819034576416,-0.241163969039917,-0.18428626656532288,-0.14312221109867096,-0.11698001623153687,-0.05342847853899002,-0.023812811821699142,0.003969405312091112,0.0791735127568245,0.10574501752853394,0.16927868127822876,0.28261205554008484,0.34201759099960327,0.38322725892066956,0.5859279036521912],"files":["scales.webp"]},"quats":{"files":["quats.webp"]},