{"version":2,"count":531035,"means":{"mins":[-7.172333137315036,-7.5988444962195,-6.5254819495541785],"maxs":[-2.280787719717054,-3.012313760452858,-1.0494145542992197],"files":["means_l.webp","means_u.webp"]},"scales":{"codebook":[-9.997608184814453,-9.945504188537598,-9.886885643005371,-9.827916145324707,-9.770941734313965,-9.711644172668457,-9.653200149536133,-9.596168518066406,-9.539215087890625,-9.481707572937012,-9.423955917358398,-9.36640739440918,-9.30978775024414,-9.252555847167969,-9.196139335632324,-9.13823127746582,-9.081475257873535,-9.024821281433105,-8.969686508178711,-8.915886878967285,-8.865880966186523,-8.817524909973145,-8.770315170288086,-8.720874786376953,-8.670039176940918,-8.616983413696289,-8.561902046203613,-8.505338668823242,-8.447818756103516,-8.389659881591797,-8.332802772521973,-8.276591300964355,-8.219667434692383,-8.161991119384766,-8.104884147644043,-8.047905921936035,-7.9906744956970215,-7.93305778503418,-7.876122951507568,-7.817424297332764,-7.7599639892578125,-7.702450752258301,-7.644636154174805,-7.587619781494141,-7.529409408569336,-7.4702863693237305,-7.4122772216796875,-7.3550920486450195,-7.298064231872559,-7.240516662597656,-7.1829047203063965,-7.126523971557617,-7.0714802742004395,-7.017019748687744,-6.965529441833496,-6.917088985443115,-6.869382381439209,-6.821695804595947,-6.772437572479248,-6.719874382019043,-6.665203094482422,-6.609196662902832,-6.552172660827637,-6.495405197143555,-6.439699172973633,-6.387242317199707,-6.33729887008667,-6.289980888366699,-6.244717597961426,-6.199213981628418,-6.153961658477783,-6.108598232269287,-6.0632123947143555,-6.017358779907227,-5.970617771148682,-5.92280387878418,-5.877247333526611,-5.834944248199463,-5.7961530685424805,-5.761740684509277,-5.7319159507751465,-5.704394817352295,-5.676807403564453,-5.645638942718506,-5.608706474304199,-5.565564155578613,-5.518637180328369,-5.470402717590332,-5.422852039337158,-5.376420497894287,-5.329955577850342,-5.282933712005615,-5.23617696762085,-5.189797401428223,-5.143772125244141,-5.097111701965332,-5.048567771911621,-4.997051239013672,-4.942975044250488,-4.887619495391846,-4.832914352416992,-4.780585765838623,-4.731667995452881,-4.686584949493408,-4.64442253112793,-4.603854656219482,-4.562849998474121,-4.519707679748535,-4.473189830780029,-4.42327880859375,-4.372217178344727,-4.3213701248168945,-4.272022247314453,-4.224607467651367,-4.17771577835083,-4.129291534423828,-4.078738212585449,-4.025806427001953,-3.9718260765075684,-3.9187536239624023,-3.867689847946167,-3.8189399242401123,-3.772563934326172,-3.72594952583313,-3.6764211654663086,-3.6242237091064453,-3.5694243907928467,-3.5131638050079346,-3.456188917160034,-3.398651599884033,-3.3419408798217773,-3.2864582538604736,-3.233706474304199,-3.183112859725952,-3.1351981163024902,-3.088247299194336,-3.040466547012329,-2.9896910190582275,-2.9359278678894043,-2.8801429271698,-2.8230834007263184,-2.7664010524749756,-2.70906925201416,-2.652208089828491,-2.5941381454467773,-2.5356290340423584,-2.4774556159973145,-2.419233798980713,-2.3621907234191895,-2.3050642013549805,-2.2478854656219482,-2.190035820007324,-2.1325504779815674,-2.073960542678833,-2.018646001815796,-1.9625890254974365,-1.9074918031692505,-1.8501968383789062,-1.7935055494308472,-1.7357097864151,-1.680503249168396,-1.6234546899795532,-1.5646284818649292,-1.5063613653182983,-1.44887375831604,-1.3904588222503662,-1.331594705581665,-1.2726303339004517,-1.2144824266433716,-1.1576143503189087,-1.09876549243927,-1.0417790412902832,-0.9820526838302612,-0.9263160228729248,-0.8678529858589172,-0.8071714639663696,-0.7489359974861145,-0.6940110325813293,-0.6404367685317993,-0.5845791101455688,-0.5323144197463989,-0.4714561104774475,-0.40973973274230957,-0.34972330927848816,-0.29097262024879456,-0.24198666214942932,-0.19202236831188202,-0.13969141244888306,-0.07283510267734528,-0.017075611278414726,0.04939514398574829,0.11033573001623154,0.16892360150814056,0.22363731265068054,0.28583091497421265,0.3399551808834076,0.38222768902778625,0.4378175139427185,0.4924969971179962,0.568591833114624,0.6200618147850037,0.6566786766052246,0.7692334651947021,0.8161966800689697,0.8615339994430542,0.9104400277137756,0.949062705039978,1.046668529510498,1.096968412399292,1.15631103515625,1.1876789331436157,1.2702304124832153,1.3115324974060059,1.3862754106521606,1.4269436597824097,1.4717679023742676,1.5377603769302368,1.5958833694458008,1.6494312286376953,1.6895716190338135,1.7676118612289429,1.8119956254959106,1.8999075889587402,1.9369908571243286,1.9860992431640625,2.0422701835632324,2.149872303009033,2.1758341789245605,2.2306671142578125,2.302645444869995,2.3370766639709473,2.4015347957611084,2.480520009994507,2.54154634475708,2.6018917560577393,2.6530544757843018,2.677823066711426,2.7508857250213623,2.808840274810791,2.8824751377105713,2.933962821960449,2.9843316078186035,3.0444979667663574,3.0820279121398926,3.153066635131836,3.2057342529296875,3.2797412872314453,3.3441362380981445,3.390678644180298,3.4369750022888184,3.5003819465637207,3.562718629837036,3.671541213989258,3.878967523574829,4.296953201293945,4.6465349197387695],"files":["scales.webp"]},"quats":{"files":["quats.webp"]},