{"version":2,"count":525305,"means":{"mins":[1.9224874548230693,-3.8921479969724744,-1.286112349269272],"maxs":[3.4836820328721854,-3.458254965850959,3.1256077327770804],"files":["means_l.webp","means_u.webp"]},"scales":{"codebook":[-9.999095916748047,-9.962831497192383,-9.918963432312012,-9.875441551208496,-9.832207679748535,-9.789203643798828,-9.746620178222656,-9.703619956970215,-9.660573959350586,-9.618000984191895,-9.575814247131348,-9.533729553222656,-9.489640235900879,-9.446511268615723,-9.403076171875,-9.361374855041504,-9.320070266723633,-9.277573585510254,-9.234702110290527,-9.193471908569336,-9.152277946472168,-9.109419822692871,-9.06717300415039,-9.024950981140137,-8.982124328613281,-8.939116477966309,-8.895889282226562,-8.85343074798584,-8.811222076416016,-8.76957893371582,-8.727513313293457,-8.685462951660156,-8.64238166809082,-8.600401878356934,-8.558257102966309,-8.514677047729492,-8.472161293029785,-8.429596900939941,-8.38698959350586,-8.3444242477417,-8.301981925964355,-8.259561538696289,-8.217373847961426,-8.17501163482666,-8.13345718383789,-8.091501235961914,-8.048249244689941,-8.004727363586426,-7.961606025695801,-7.91882848739624,-7.876514434814453,-7.834069728851318,-7.791376113891602,-7.748780250549316,-7.706936836242676,-7.664775848388672,-7.622516632080078,-7.581035614013672,-7.538364410400391,-7.495654106140137,-7.453837871551514,-7.410786151885986,-7.367903709411621,-7.32513952255249,-7.282570838928223,-7.240442752838135,-7.198023319244385,-7.155250072479248,-7.113121509552002,-7.070930480957031,-7.029707908630371,-6.987171173095703,-6.944462776184082,-6.9019012451171875,-6.858057022094727,-6.814474582672119,-6.77335786819458,-6.731224536895752,-6.68988561630249,-6.646922588348389,-6.6038126945495605,-6.560245990753174,-6.51837682723999,-6.476559638977051,-6.433712959289551,-6.390924453735352,-6.347903251647949,-6.304978370666504,-6.2619218826293945,-6.219011306762695,-6.177159309387207,-6.135219097137451,-6.0929951667785645,-6.051159381866455,-6.008373260498047,-5.966411113739014,-5.924551010131836,-5.882070064544678,-5.839515686035156,-5.796733379364014,-5.754398345947266,-5.711948394775391,-5.669317245483398,-5.626125812530518,-5.583846092224121,-5.541566371917725,-5.499313831329346,-5.457175254821777,-5.414839267730713,-5.372554302215576,-5.33012580871582,-5.287747383117676,-5.2448201179504395,-5.2015790939331055,-5.159122467041016,-5.11683988571167,-5.0742058753967285,-5.031864166259766,-4.988998889923096,-4.946465969085693,-4.904289245605469,-4.862154483795166,-4.819901466369629,-4.77690315246582,-4.733920097351074,-4.691445827484131,-4.649298191070557,-4.606802463531494,-4.564476490020752,-4.522152423858643,-4.480116367340088,-4.437748432159424,-4.395290374755859,-4.353264331817627,-4.311145305633545,-4.268498420715332,-4.22634744644165,-4.183990955352783,-4.141915321350098,-4.099510669708252,-4.057046890258789,-4.014725208282471,-3.9721765518188477,-3.9297497272491455,-3.887338161468506,-3.8445069789886475,-3.8023927211761475,-3.7603228092193604,-3.7180240154266357,-3.6753296852111816,-3.6328253746032715,-3.5907182693481445,-3.5487637519836426,-3.5065219402313232,-3.463627338409424,-3.421013355255127,-3.3790996074676514,-3.33725905418396,-3.29486346244812,-3.2518198490142822,-3.208864212036133,-3.1663594245910645,-3.123802900314331,-3.081057071685791,-3.038850784301758,-2.996699333190918,-2.954967498779297,-2.9131357669830322,-2.8710484504699707,-2.82879638671875,-2.78590989112854,-2.743905544281006,-2.7010586261749268,-2.658916473388672,-2.6167449951171875,-2.5739424228668213,-2.5315184593200684,-2.489284038543701,-2.446762800216675,-2.404348373413086,-2.362180471420288,-2.319093942642212,-2.2755985260009766,-2.2323267459869385,-2.188771963119507,-2.143754720687866,-2.098214626312256,-2.054576873779297,-2.0113799571990967,-1.9734047651290894,-1.9345345497131348,-1.8943970203399658,-1.8523321151733398,-1.8100807666778564,-1.7656056880950928,-1.72429621219635,-1.681260585784912,-1.6386637687683105,-1.5979324579238892,-1.55748450756073,-1.51590895652771,-1.4730703830718994,-1.4285300970077515,-1.3870651721954346,-1.344268798828125,-1.3036285638809204,-1.2612508535385132,-1.222071886062622,-1.1795384883880615,-1.1377599239349365,-1.094783902168274,-1.0502463579177856,-1.0089370012283325,-0.9642770886421204,-0.918737530708313,-0.8711397647857666,-0.8303533792495728,-0.7927685379981995,-0.7506634593009949,-0.7134276032447815,-0.6624907851219177,-0.6182880997657776,-0.582483172416687,-0.5374155044555664,-0.49592325091362,-0.4512730836868286,-0.40517374873161316,-0.3675229847431183,-0.31858110427856445,-0.279882550239563,-0.24679014086723328,-0.20725110173225403,-0.16653263568878174,-0.13115614652633667,-0.07769785076379776,-0.0410449281334877,0.011343561112880707,0.05418570712208748,0.09244056791067123,0.1354498416185379,0.18979139626026154,0.22642657160758972,0.27316513657569885,0.31155574321746826,0.3517705798149109,0.4025624096393585,0.4301813244819641,0.4733103811740875,0.5196293592453003,0.5591438412666321,0.6017763614654541,0.6421909332275391,0.6965458393096924,0.7524402141571045,0.7703572511672974,0.8245558738708496],"files":["scales.webp"]},"quats":{"files":["quats.webp"]},