{"version":2,"count":533807,"means":{"mins":[-3.1446423471677134,-3.270466629011448,-2.0870864027405385],"maxs":[1.4377387537869557,-0.4777369093192807,1.9093403054884401],"files":["means_l.webp","means_u.webp"]},"scales":{"codebook":[-9.999065399169922,-9.983236312866211,-9.957982063293457,-9.918619155883789,-9.87326717376709,-9.825966835021973,-9.780263900756836,-9.73578929901123,-9.691920280456543,-9.647674560546875,-9.605317115783691,-9.561361312866211,-9.517598152160645,-9.474416732788086,-9.43189525604248,-9.389068603515625,-9.345243453979492,-9.300239562988281,-9.256537437438965,-9.212648391723633,-9.169098854064941,-9.126203536987305,-9.082134246826172,-9.0369234085083,-8.992928504943848,-8.94970417022705,-8.905728340148926,-8.86137866973877,-8.817469596862793,-8.774223327636719,-8.732020378112793,-8.68867015838623,-8.644845962524414,-8.600719451904297,-8.556560516357422,-8.512715339660645,-8.4693603515625,-8.426497459411621,-8.383777618408203,-8.33938980102539,-8.295703887939453,-8.251593589782715,-8.207479476928711,-8.163823127746582,-8.120231628417969,-8.077438354492188,-8.033805847167969,-7.989850044250488,-7.945937156677246,-7.9008612632751465,-7.856121063232422,-7.812279224395752,-7.76866340637207,-7.725115776062012,-7.681655406951904,-7.637509822845459,-7.593984603881836,-7.551283359527588,-7.507456302642822,-7.462833404541016,-7.41884183883667,-7.374833583831787,-7.33027458190918,-7.286291599273682,-7.242953300476074,-7.199651718139648,-7.156342029571533,-7.112733364105225,-7.068994045257568,-7.025660991668701,-6.981553077697754,-6.93797492980957,-6.894421100616455,-6.85078239440918,-6.807140827178955,-6.763676166534424,-6.72156286239624,-6.680385112762451,-6.641193866729736,-6.604169845581055,-6.568709850311279,-6.532754898071289,-6.494478225708008,-6.453954696655273,-6.411498546600342,-6.368434906005859,-6.325443744659424,-6.28204345703125,-6.238471984863281,-6.194580078125,-6.151323318481445,-6.107571125030518,-6.064297199249268,-6.02157735824585,-5.978570938110352,-5.937504768371582,-5.898662090301514,-5.86237907409668,-5.826348781585693,-5.789676666259766,-5.75109338760376,-5.710997104644775,-5.669102668762207,-5.626494884490967,-5.584525108337402,-5.545042514801025,-5.508343696594238,-5.476493835449219,-5.44758939743042,-5.421067237854004,-5.395543575286865,-5.368680000305176,-5.339061260223389,-5.3053765296936035,-5.269078254699707,-5.229636192321777,-5.1881256103515625,-5.145259380340576,-5.102186679840088,-5.058032512664795,-5.014347076416016,-4.972272872924805,-4.931257724761963,-4.892198085784912,-4.854723930358887,-4.818517208099365,-4.782247543334961,-4.744870662689209,-4.704973220825195,-4.663339138031006,-4.62016487121582,-4.576569080352783,-4.533332824707031,-4.490002155303955,-4.446836948394775,-4.404028415679932,-4.363587379455566,-4.325236797332764,-4.289202690124512,-4.254067897796631,-4.217763900756836,-4.179530143737793,-4.138913154602051,-4.09664249420166,-4.053264617919922,-4.009640216827393,-3.966006278991699,-3.922593832015991,-3.8787927627563477,-3.8350822925567627,-3.791572093963623,-3.748412609100342,-3.7049756050109863,-3.6613399982452393,-3.6177845001220703,-3.574385166168213,-3.530721664428711,-3.4870445728302,-3.4438226222991943,-3.4007198810577393,-3.3595049381256104,-3.3203365802764893,-3.2835350036621094,-3.2478137016296387,-3.211878538131714,-3.173797607421875,-3.1334407329559326,-3.091972827911377,-3.049560546875,-3.006608009338379,-2.9630844593048096,-2.9185867309570312,-2.8748364448547363,-2.8315155506134033,-2.788400650024414,-2.7446038722991943,-2.7005341053009033,-2.655885934829712,-2.612086296081543,-2.5684709548950195,-2.525235414505005,-2.4819507598876953,-2.4383537769317627,-2.393829345703125,-2.350208044052124,-2.305727243423462,-2.261881113052368,-2.2180278301239014,-2.1747097969055176,-2.1309707164764404,-2.086677312850952,-2.0446064472198486,-2.003556489944458,-1.9594236612319946,-1.9148393869400024,-1.871083378791809,-1.8256983757019043,-1.7800260782241821,-1.7357081174850464,-1.693317174911499,-1.6516261100769043,-1.6099900007247925,-1.5646979808807373,-1.5204514265060425,-1.4788966178894043,-1.435231328010559,-1.38945472240448,-1.3453526496887207,-1.3024452924728394,-1.2562822103500366,-1.212662935256958,-1.1707950830459595,-1.1290881633758545,-1.0851880311965942,-1.0382431745529175,-0.9928601384162903,-0.945154070854187,-0.9014889001846313,-0.8618994355201721,-0.8183703422546387,-0.7783223390579224,-0.734930694103241,-0.689747154712677,-0.6508333683013916,-0.6091611981391907,-0.5629522204399109,-0.5159737467765808,-0.4708140194416046,-0.4276108741760254,-0.38243305683135986,-0.3426951766014099,-0.2941543757915497,-0.25674983859062195,-0.20705194771289825,-0.16370321810245514,-0.12862566113471985,-0.07758302986621857,-0.03127835690975189,0.01330992579460144,0.054634615778923035,0.09792019426822662,0.14438322186470032,0.18245691061019897,0.22418193519115448,0.27694904804229736,0.34217190742492676,0.38129010796546936,0.4048032760620117,0.44668951630592346,0.4995504915714264,0.5353751182556152,0.5663473010063171,0.6680865287780762,0.7314874529838562,0.7523156404495239,1.1504513025283813],"files":["scales.webp"]},"quats":{"files":["quats.webp"]},