{"version":2,"count":527076,"means":{"mins":[-4.662329841723157,-4.2592310380246206,-1.2929673581349765],"maxs":[4.306374749036995,-2.8883261549439183,3.441176613931483],"files":["means_l.webp","means_u.webp"]},"scales":{"codebook":[-9.999095916748047,-9.955886840820312,-9.909659385681152,-9.864334106445312,-9.817893981933594,-9.772529602050781,-9.727340698242188,-9.681761741638184,-9.63630485534668,-9.590126037597656,-9.544907569885254,-9.499736785888672,-9.455066680908203,-9.410390853881836,-9.365715980529785,-9.320138931274414,-9.274626731872559,-9.228753089904785,-9.182371139526367,-9.137874603271484,-9.093256950378418,-9.048173904418945,-9.003753662109375,-8.95822811126709,-8.91296672821045,-8.86723518371582,-8.822188377380371,-8.7760009765625,-8.72995376586914,-8.684694290161133,-8.63912582397461,-8.594621658325195,-8.54955005645752,-8.504096984863281,-8.458967208862305,-8.413374900817871,-8.36894416809082,-8.325833320617676,-8.285581588745117,-8.247352600097656,-8.210723876953125,-8.173921585083008,-8.134815216064453,-8.093998908996582,-8.050899505615234,-8.005231857299805,-7.95961856842041,-7.914172649383545,-7.86872673034668,-7.8223066329956055,-7.777548313140869,-7.731882572174072,-7.686210632324219,-7.641221046447754,-7.595468521118164,-7.550200939178467,-7.504605293273926,-7.459390163421631,-7.414013862609863,-7.36876916885376,-7.323379039764404,-7.278262615203857,-7.233064651489258,-7.188093662261963,-7.142208576202393,-7.0963969230651855,-7.051193714141846,-7.005136966705322,-6.9597086906433105,-6.914923191070557,-6.869187355041504,-6.823659420013428,-6.779122352600098,-6.734577655792236,-6.689491271972656,-6.644423961639404,-6.59866189956665,-6.552971839904785,-6.5071120262146,-6.462236404418945,-6.416520118713379,-6.370419502258301,-6.324978828430176,-6.279056072235107,-6.235245704650879,-6.189625263214111,-6.145023345947266,-6.0990800857543945,-6.053241729736328,-6.007625579833984,-5.961613178253174,-5.9159626960754395,-5.870463848114014,-5.82503604888916,-5.779808521270752,-5.735063552856445,-5.6900458335876465,-5.644955635070801,-5.599722862243652,-5.55503511428833,-5.510353088378906,-5.464323043823242,-5.41802978515625,-5.372027397155762,-5.325850009918213,-5.280362606048584,-5.234871864318848,-5.188650608062744,-5.142557144165039,-5.09674072265625,-5.051449298858643,-5.006448745727539,-4.961853504180908,-4.91646146774292,-4.871150016784668,-4.824981689453125,-4.7798285484313965,-4.734416484832764,-4.688877582550049,-4.643447399139404,-4.598159313201904,-4.553157329559326,-4.507742404937744,-4.463067054748535,-4.417994022369385,-4.3727216720581055,-4.326988697052002,-4.281857013702393,-4.237468242645264,-4.1931281089782715,-4.147854328155518,-4.101996421813965,-4.05626916885376,-4.011728286743164,-3.966679811477661,-3.9219398498535156,-3.876753330230713,-3.8316333293914795,-3.7872891426086426,-3.744171142578125,-3.7031090259552,-3.6640515327453613,-3.626713275909424,-3.5891788005828857,-3.550304889678955,-3.5094916820526123,-3.4668755531311035,-3.422396183013916,-3.3770346641540527,-3.331667423248291,-3.2864201068878174,-3.241159439086914,-3.1959919929504395,-3.151036024093628,-3.1059916019439697,-3.061211109161377,-3.01570463180542,-2.970057964324951,-2.9239368438720703,-2.8786447048187256,-2.8331267833709717,-2.787353992462158,-2.742295026779175,-2.697265863418579,-2.65189790725708,-2.606525421142578,-2.560835838317871,-2.5151994228363037,-2.4704065322875977,-2.4251511096954346,-2.3799285888671875,-2.3347370624542236,-2.2892558574676514,-2.243614435195923,-2.196747303009033,-2.1496543884277344,-2.102038860321045,-2.0553929805755615,-2.0110301971435547,-1.9686352014541626,-1.9247483015060425,-1.8803349733352661,-1.8361842632293701,-1.791285753250122,-1.745260238647461,-1.7001216411590576,-1.6553148031234741,-1.610074758529663,-1.5649243593215942,-1.5199648141860962,-1.4743623733520508,-1.4285871982574463,-1.3824888467788696,-1.3370436429977417,-1.2915781736373901,-1.2456070184707642,-1.2001903057098389,-1.1560324430465698,-1.1116931438446045,-1.0651581287384033,-1.0199224948883057,-0.9752030968666077,-0.9301416873931885,-0.8862360119819641,-0.841553807258606,-0.7949098944664001,-0.7495584487915039,-0.7056295871734619,-0.6603089570999146,-0.6154745221138,-0.5688018202781677,-0.5220909118652344,-0.4786308705806732,-0.4319177269935608,-0.3853593170642853,-0.3382765054702759,-0.2936438024044037,-0.250715047121048,-0.20320765674114227,-0.1570272445678711,-0.11087356507778168,-0.06577026844024658,-0.01965474523603916,0.02499193511903286,0.06528247147798538,0.10868877172470093,0.1616254299879074,0.20575319230556488,0.25233396887779236,0.297810822725296,0.3430067300796509,0.3870980143547058,0.43432313203811646,0.4768516719341278,0.5197721719741821,0.5581834316253662,0.6058081984519958,0.6580787897109985,0.7080681324005127,0.7500115633010864,0.7974931597709656,0.8434430360794067,0.8865905404090881,0.93076491355896,0.9757168889045715,1.0185644626617432,1.0638236999511719,1.1131658554077148,1.1608279943466187,1.2085775136947632,1.2465876340866089,1.277647614479065,1.3447996377944946,1.3788836002349854,1.5223387479782104,1.5659745931625366],"files":["scales.webp"]},"quats":{"files":["quats.webp"]},