{"version":2,"count":526147,"means":{"mins":[-5.302847571225266,-6.187692146598076,-4.676141202195102],"maxs":[3.285565284633122,-5.541797878862649,-4.259649321232596],"files":["means_l.webp","means_u.webp"]},"scales":{"codebook":[-10,-9.922369956970215,-9.901350021362305,-7.755586624145508,-7.191838264465332,-7.122708797454834,-6.927938938140869,-6.738168716430664,-6.531826019287109,-6.461115837097168,-6.24970006942749,-6.137654781341553,-6.066393852233887,-5.915334224700928,-5.858637809753418,-5.784127235412598,-5.668155670166016,-5.635956764221191,-5.577006816864014,-5.564246654510498,-5.470125675201416,-5.455930233001709,-5.371661186218262,-5.304354667663574,-5.2315168380737305,-5.173741340637207,-5.163149356842041,-5.09915828704834,-5.03689432144165,-4.982287883758545,-4.949710369110107,-4.928605079650879,-4.883668899536133,-4.839606285095215,-4.775364398956299,-4.738754749298096,-4.693299293518066,-4.662315368652344,-4.616098880767822,-4.575942516326904,-4.546555995941162,-4.543067932128906,-4.492280960083008,-4.459112644195557,-4.399743556976318,-4.347585678100586,-4.308103084564209,-4.2580695152282715,-4.207094669342041,-4.187806606292725,-4.150826930999756,-4.110691547393799,-4.071954250335693,-4.020483493804932,-3.9717957973480225,-3.9455726146698,-3.926541328430176,-3.9072041511535645,-3.883439064025879,-3.8454227447509766,-3.802229404449463,-3.7577402591705322,-3.7131686210632324,-3.6883325576782227,-3.6727335453033447,-3.6415085792541504,-3.613006591796875,-3.596505880355835,-3.5877199172973633,-3.5696866512298584,-3.5349838733673096,-3.489858865737915,-3.438101291656494,-3.3949031829833984,-3.3579704761505127,-3.3333072662353516,-3.296290159225464,-3.2496824264526367,-3.2145164012908936,-3.192739248275757,-3.1796634197235107,-3.1655428409576416,-3.142240047454834,-3.111466884613037,-3.0760629177093506,-3.0455684661865234,-3.023078680038452,-3.003485918045044,-2.9826865196228027,-2.9591329097747803,-2.9333338737487793,-2.9101064205169678,-2.8887007236480713,-2.8679163455963135,-2.848921060562134,-2.8351008892059326,-2.826737403869629,-2.814875841140747,-2.797389030456543,-2.77645206451416,-2.7471530437469482,-2.7101187705993652,-2.6643166542053223,-2.6194067001342773,-2.5872762203216553,-2.559647560119629,-2.5289673805236816,-2.4963982105255127,-2.465916395187378,-2.4383692741394043,-2.415264368057251,-2.394845485687256,-2.3728201389312744,-2.347519874572754,-2.3193647861480713,-2.2925710678100586,-2.265096664428711,-2.233933925628662,-2.1981122493743896,-2.166158437728882,-2.135286331176758,-2.1089088916778564,-2.0883893966674805,-2.069075107574463,-2.047447681427002,-2.029228925704956,-2.010087728500366,-1.9865450859069824,-1.9578148126602173,-1.9251834154129028,-1.8907248973846436,-1.8580819368362427,-1.8275659084320068,-1.800086259841919,-1.7754418849945068,-1.7495263814926147,-1.7225011587142944,-1.6941766738891602,-1.6677743196487427,-1.6455546617507935,-1.6273061037063599,-1.6126844882965088,-1.5995831489562988,-1.5866097211837769,-1.57273530960083,-1.5594968795776367,-1.5455092191696167,-1.529785394668579,-1.5107316970825195,-1.4904760122299194,-1.4707010984420776,-1.4520398378372192,-1.4350991249084473,-1.418100357055664,-1.4012863636016846,-1.3865010738372803,-1.3728289604187012,-1.359198808670044,-1.344154953956604,-1.3265224695205688,-1.3064523935317993,-1.2849472761154175,-1.2631044387817383,-1.243861436843872,-1.2255109548568726,-1.208154320716858,-1.188186764717102,-1.1674814224243164,-1.1477179527282715,-1.1291295289993286,-1.1103638410568237,-1.0901453495025635,-1.0661767721176147,-1.0398750305175781,-1.008758783340454,-0.9736140966415405,-0.938144862651825,-0.9041726589202881,-0.873823344707489,-0.8477179408073425,-0.8255807161331177,-0.8059374690055847,-0.7873647212982178,-0.7694509625434875,-0.7482268214225769,-0.7230759263038635,-0.6944867372512817,-0.6623367071151733,-0.6274780631065369,-0.5909976363182068,-0.5538833141326904,-0.5195057392120361,-0.4883202612400055,-0.4584522843360901,-0.42875826358795166,-0.39695999026298523,-0.36244338750839233,-0.32626497745513916,-0.2878628075122833,-0.24842151999473572,-0.20934143662452698,-0.17225147783756256,-0.13876797258853912,-0.10741888731718063,-0.07825413346290588,-0.049324605613946915,-0.018924929201602936,0.013724531047046185,0.04980381950736046,0.08993003517389297,0.13357539474964142,0.1806875765323639,0.2278001308441162,0.27465149760246277,0.32192733883857727,0.3695472478866577,0.41782262921333313,0.4657978117465973,0.5134451389312744,0.5588425993919373,0.6031230092048645,0.6468697786331177,0.6888625621795654,0.7281062602996826,0.7666404843330383,0.8061640858650208,0.8500280380249023,0.8984445929527283,0.9470902681350708,0.9965561628341675,1.0443577766418457,1.088423490524292,1.1352046728134155,1.1823949813842773,1.230928897857666,1.277428388595581,1.3318079710006714,1.3796755075454712,1.4261462688446045,1.4709477424621582,1.5191634893417358,1.5730420351028442,1.6288225650787354,1.6820942163467407,1.7201553583145142,1.7660093307495117,1.8171318769454956,1.8767428398132324,1.9124222993850708,1.9607436656951904,2.0165557861328125,2.0392937660217285,2.119673728942871,2.1977243423461914,2.2726047039031982,2.303938627243042],"files":["scales.webp"]},"quats":{"files":["quats.webp"]},