{"version":2,"count":525162,"means":{"mins":[-7.5847856691352815,-3.0123093518837436,-6.768754997153521],"maxs":[7.046434880572826,7.5876708362151595,7.564494929231437],"files":["means_l.webp","means_u.webp"]},"scales":{"codebook":[-9.998734474182129,-9.953726768493652,-9.893810272216797,-9.833452224731445,-9.773008346557617,-9.712947845458984,-9.654638290405273,-9.597942352294922,-9.539730072021484,-9.482324600219727,-9.424407958984375,-9.367412567138672,-9.309796333312988,-9.252099990844727,-9.194562911987305,-9.136350631713867,-9.078656196594238,-9.020941734313965,-8.964261054992676,-8.90707015991211,-8.849544525146484,-8.791796684265137,-8.734014511108398,-8.676538467407227,-8.61894702911377,-8.560890197753906,-8.502549171447754,-8.44514274597168,-8.387017250061035,-8.328926086425781,-8.27200698852539,-8.214577674865723,-8.156952857971191,-8.099621772766113,-8.04163932800293,-7.984279632568359,-7.925556182861328,-7.868740558624268,-7.812148094177246,-7.755177974700928,-7.697896957397461,-7.640120029449463,-7.5820536613464355,-7.523820877075195,-7.465836048126221,-7.40720796585083,-7.3505377769470215,-7.294083118438721,-7.23607873916626,-7.177589416503906,-7.120166301727295,-7.063384532928467,-7.00548791885376,-6.948184490203857,-6.888769626617432,-6.830079555511475,-6.773116111755371,-6.71754789352417,-6.660977840423584,-6.604573726654053,-6.546186923980713,-6.487793922424316,-6.428968906402588,-6.371630668640137,-6.313742160797119,-6.257229804992676,-6.199101448059082,-6.141455173492432,-6.083864212036133,-6.026311874389648,-5.968658447265625,-5.910486221313477,-5.852967739105225,-5.796006202697754,-5.738135814666748,-5.680057048797607,-5.621912002563477,-5.564764976501465,-5.5074896812438965,-5.4497575759887695,-5.392101764678955,-5.334344387054443,-5.276378631591797,-5.218756198883057,-5.161635875701904,-5.104660987854004,-5.047652721405029,-4.99102783203125,-4.933562755584717,-4.875311851501465,-4.81670618057251,-4.758538722991943,-4.701161861419678,-4.643588066101074,-4.586587429046631,-4.528792858123779,-4.470386505126953,-4.412132740020752,-4.354364395141602,-4.296207427978516,-4.238615989685059,-4.1805901527404785,-4.122815132141113,-4.066661834716797,-4.0098876953125,-3.952406406402588,-3.894721746444702,-3.836885690689087,-3.77933669090271,-3.7219862937927246,-3.6647121906280518,-3.607707977294922,-3.5505483150482178,-3.492846965789795,-3.4354913234710693,-3.378607988357544,-3.3215036392211914,-3.2640271186828613,-3.206225633621216,-3.148393154144287,-3.0911879539489746,-3.0337917804718018,-2.976166009902954,-2.9185702800750732,-2.861424684524536,-2.8035857677459717,-2.746157646179199,-2.6881062984466553,-2.6303794384002686,-2.5730578899383545,-2.515995979309082,-2.4586987495422363,-2.4013049602508545,-2.3435702323913574,-2.285714864730835,-2.226562738418579,-2.1672005653381348,-2.1088788509368896,-2.0553817749023438,-2.008183240890503,-1.94781494140625,-1.8877164125442505,-1.8287907838821411,-1.7703770399093628,-1.7123619318008423,-1.6555525064468384,-1.5980803966522217,-1.5404870510101318,-1.482681155204773,-1.4242395162582397,-1.3646646738052368,-1.3090311288833618,-1.2524203062057495,-1.1949657201766968,-1.136343002319336,-1.0791932344436646,-1.0216673612594604,-0.9633812308311462,-0.9057250618934631,-0.8465434312820435,-0.787438154220581,-0.7299201488494873,-0.6718838810920715,-0.6154984831809998,-0.5586983561515808,-0.5007563829421997,-0.44206148386001587,-0.383497029542923,-0.33156120777130127,-0.27489110827445984,-0.21760718524456024,-0.1599406898021698,-0.09998077154159546,-0.03843531385064125,0.018253639340400696,0.07775931805372238,0.1349593997001648,0.1898391842842102,0.24475333094596863,0.3034948408603668,0.3596940338611603,0.42133793234825134,0.4777403473854065,0.5352134108543396,0.596583366394043,0.6516220569610596,0.7063089609146118,0.7671594023704529,0.8267556428909302,0.8848531246185303,0.9436654448509216,1.0012311935424805,1.0568712949752808,1.1085011959075928,1.1656842231750488,1.2312949895858765,1.2927401065826416,1.3474684953689575,1.4004615545272827,1.4561777114868164,1.5184966325759888,1.5769122838974,1.6315643787384033,1.6868633031845093,1.7420189380645752,1.8018951416015625,1.8596431016921997,1.918815016746521,1.9763418436050415,2.037888526916504,2.092658758163452,2.151613473892212,2.212120532989502,2.269423484802246,2.321383476257324,2.3765461444854736,2.431687116622925,2.488663673400879,2.547060966491699,2.604255437850952,2.668145179748535,2.7284042835235596,2.7842366695404053,2.8399624824523926,2.8982458114624023,2.9560306072235107,3.009572744369507,3.063843011856079,3.116044521331787,3.180783748626709,3.237638235092163,3.294003486633301,3.3467681407928467,3.4055521488189697,3.4625236988067627,3.5228819847106934,3.580665349960327,3.6408329010009766,3.706913709640503,3.7616066932678223,3.814889669418335,3.864199161529541,3.915149688720703,3.97428035736084,4.0351152420043945,4.092340469360352,4.177577495574951,4.234072685241699,4.272446632385254,4.322083950042725,4.39826774597168,4.427816867828369,4.506783485412598,4.541652202606201,4.615416526794434,4.68285608291626],"files":["scales.webp"]},"quats":{"files":["quats.webp"]},