{"version":2,"count":524325,"means":{"mins":[-6.86497264377214,-6.518803793671144,-4.783811233809048],"maxs":[4.9492883973928095,6.22498310751578,0],"files":["means_l.webp","means_u.webp"]},"scales":{"codebook":[-10,-9.922369956970215,-9.901350021362305,-7.755586624145508,-7.191838264465332,-7.122708797454834,-6.927938938140869,-6.738168716430664,-6.531826019287109,-6.461115837097168,-6.2582268714904785,-6.244404315948486,-6.137654781341553,-6.066393852233887,-5.915334224700928,-5.858514308929443,-5.784127235412598,-5.668155670166016,-5.635956764221191,-5.577006816864014,-5.564246654510498,-5.466250896453857,-5.37462854385376,-5.304493427276611,-5.2315168380737305,-5.173620223999023,-5.163149356842041,-5.09915828704834,-5.037267208099365,-4.982287883758545,-4.935108184814453,-4.882109642028809,-4.837054252624512,-4.776747226715088,-4.738754749298096,-4.6766839027404785,-4.6162872314453125,-4.576714038848877,-4.5296173095703125,-4.468416213989258,-4.408641338348389,-4.364945888519287,-4.322528839111328,-4.292800426483154,-4.2560930252075195,-4.202145099639893,-4.150627136230469,-4.108031272888184,-4.076239109039307,-4.0358076095581055,-3.9833507537841797,-3.9268128871917725,-3.8818280696868896,-3.8365533351898193,-3.775763750076294,-3.7162835597991943,-3.674586772918701,-3.632479429244995,-3.597914695739746,-3.5550453662872314,-3.5084941387176514,-3.4769349098205566,-3.448162078857422,-3.41542649269104,-3.386629343032837,-3.363114833831787,-3.337024211883545,-3.29343843460083,-3.2396368980407715,-3.186724901199341,-3.140040159225464,-3.104768991470337,-3.0686557292938232,-3.0234036445617676,-2.972590923309326,-2.918797492980957,-2.8673360347747803,-2.827329158782959,-2.7995223999023438,-2.7735869884490967,-2.738269329071045,-2.694295883178711,-2.6500906944274902,-2.6070072650909424,-2.5700910091400146,-2.539296865463257,-2.5139050483703613,-2.4900972843170166,-2.4687719345092773,-2.4462637901306152,-2.4216959476470947,-2.396941900253296,-2.3755741119384766,-2.356774091720581,-2.3372690677642822,-2.312145948410034,-2.2830944061279297,-2.252039670944214,-2.222360372543335,-2.1946144104003906,-2.1658575534820557,-2.1333138942718506,-2.0976626873016357,-2.060772180557251,-2.0211665630340576,-1.9809629917144775,-1.9450794458389282,-1.9128071069717407,-1.8854830265045166,-1.8572453260421753,-1.8236697912216187,-1.787509560585022,-1.746423602104187,-1.7036499977111816,-1.661700963973999,-1.622062087059021,-1.5854101181030273,-1.5486611127853394,-1.5143338441848755,-1.483028531074524,-1.4538015127182007,-1.4268051385879517,-1.397255539894104,-1.3658896684646606,-1.333677887916565,-1.3032323122024536,-1.2764954566955566,-1.2519371509552002,-1.2292273044586182,-1.207016944885254,-1.1840740442276,-1.1618229150772095,-1.1398546695709229,-1.1172327995300293,-1.0919045209884644,-1.06596040725708,-1.0393683910369873,-1.0126811265945435,-0.9860999584197998,-0.9591944217681885,-0.9325973391532898,-0.9055838584899902,-0.8773894906044006,-0.8483580946922302,-0.8205394744873047,-0.7956035733222961,-0.7739900946617126,-0.7538027763366699,-0.7328482866287231,-0.7096022963523865,-0.6855286955833435,-0.6626831293106079,-0.6429636478424072,-0.6272427439689636,-0.6135504245758057,-0.6019091606140137,-0.5901856422424316,-0.5764784812927246,-0.5585650205612183,-0.5344152450561523,-0.5041356682777405,-0.47108742594718933,-0.43747425079345703,-0.40584972500801086,-0.37688636779785156,-0.34945806860923767,-0.32347002625465393,-0.2990163564682007,-0.27696317434310913,-0.25808870792388916,-0.24232527613639832,-0.22746650874614716,-0.21124525368213654,-0.19314953684806824,-0.1734941303730011,-0.15236957371234894,-0.13132749497890472,-0.11016348004341125,-0.08706554025411606,-0.05990208312869072,-0.02857072278857231,0.006093967240303755,0.04309889301657677,0.08133209496736526,0.11991868913173676,0.15834398567676544,0.19727516174316406,0.23648114502429962,0.27655985951423645,0.3173689544200897,0.3587356507778168,0.400483101606369,0.44368523359298706,0.4887625575065613,0.5355181694030762,0.5832229256629944,0.6298319101333618,0.6739373803138733,0.7159941792488098,0.7558649778366089,0.7948017716407776,0.8326941132545471,0.8698939681053162,0.9066856503486633,0.9441723823547363,0.9831428527832031,1.0241254568099976,1.0686209201812744,1.1165697574615479,1.1664692163467407,1.215283989906311,1.2615890502929688,1.3049647808074951,1.3480823040008545,1.3923146724700928,1.4395352602005005,1.4915969371795654,1.544167160987854,1.5966962575912476,1.6507964134216309,1.7027218341827393,1.7510192394256592,1.8015637397766113,1.8564139604568481,1.9111772775650024,1.9638229608535767,2.017951011657715,2.0686020851135254,2.124445915222168,2.180647373199463,2.2386839389801025,2.2880101203918457,2.341074228286743,2.3949086666107178,2.4542930126190186,2.5043768882751465,2.5593254566192627,2.605809450149536,2.664705753326416,2.7163400650024414,2.7658398151397705,2.813087224960327,2.869649887084961,2.9259188175201416,2.9598188400268555,3.0173110961914062,3.0799875259399414,3.136512279510498,3.200786828994751,3.26806902885437,3.317342519760132,3.3481836318969727,3.3924336433410645,3.471113920211792,3.532588481903076,3.5697131156921387],"files":["scales.webp"]},"quats":{"files":["quats.webp"]},