{"version":2,"count":546954,"means":{"mins":[3.230153091754895,-4.2592310380246206,-0.9740852004540601],"maxs":[3.5618568321894557,-3.8921506430345154,3.0857807384154836],"files":["means_l.webp","means_u.webp"]},"scales":{"codebook":[-9.998907089233398,-9.959423065185547,-9.91372013092041,-9.868733406066895,-9.824352264404297,-9.7802734375,-9.73628044128418,-9.692992210388184,-9.649493217468262,-9.6062650680542,-9.562151908874512,-9.518019676208496,-9.474710464477539,-9.430633544921875,-9.386509895324707,-9.343633651733398,-9.303406715393066,-9.264769554138184,-9.2281494140625,-9.192130088806152,-9.155828475952148,-9.117652893066406,-9.076227188110352,-9.034076690673828,-8.990541458129883,-8.946807861328125,-8.902958869934082,-8.858875274658203,-8.815781593322754,-8.772340774536133,-8.728692054748535,-8.684436798095703,-8.641302108764648,-8.597079277038574,-8.55345630645752,-8.510160446166992,-8.466775894165039,-8.423457145690918,-8.379766464233398,-8.335921287536621,-8.292823791503906,-8.249406814575195,-8.205733299255371,-8.161133766174316,-8.116804122924805,-8.072487831115723,-8.028606414794922,-7.983882904052734,-7.94005012512207,-7.896490573883057,-7.853189468383789,-7.8087239265441895,-7.764373302459717,-7.7206525802612305,-7.676825046539307,-7.633290767669678,-7.589745998382568,-7.546470642089844,-7.503598690032959,-7.4601969718933105,-7.415393352508545,-7.371803283691406,-7.328142166137695,-7.284571647644043,-7.240703582763672,-7.196239471435547,-7.152683258056641,-7.108407497406006,-7.064290523529053,-7.020803451538086,-6.977898597717285,-6.934247970581055,-6.890378952026367,-6.846516132354736,-6.802371501922607,-6.758083820343018,-6.715285301208496,-6.672762393951416,-6.629006385803223,-6.584810256958008,-6.539560317993164,-6.495077133178711,-6.451469898223877,-6.407852649688721,-6.363487243652344,-6.3198747634887695,-6.276308059692383,-6.232598304748535,-6.188562870025635,-6.145009994506836,-6.101749897003174,-6.05896520614624,-6.017366409301758,-5.977535247802734,-5.939916133880615,-5.904057502746582,-5.867849826812744,-5.830186367034912,-5.791330337524414,-5.751189231872559,-5.710942268371582,-5.671979904174805,-5.635663986206055,-5.599696159362793,-5.562830448150635,-5.523711681365967,-5.483170509338379,-5.441082954406738,-5.398039817810059,-5.354371070861816,-5.311595916748047,-5.268625259399414,-5.2246904373168945,-5.180551528930664,-5.136553764343262,-5.092534065246582,-5.04887580871582,-5.0053019523620605,-4.961159706115723,-4.917043685913086,-4.873146057128906,-4.829427242279053,-4.785633563995361,-4.742239475250244,-4.698355197906494,-4.654515743255615,-4.6107401847839355,-4.568249702453613,-4.527439594268799,-4.489081382751465,-4.452785491943359,-4.417106628417969,-4.380997180938721,-4.343003749847412,-4.302890777587891,-4.2608466148376465,-4.217822551727295,-4.174668312072754,-4.13130521774292,-4.088142395019531,-4.045802593231201,-4.005397319793701,-3.966662883758545,-3.930021286010742,-3.894388198852539,-3.857760190963745,-3.8194477558135986,-3.7786121368408203,-3.736215591430664,-3.692978858947754,-3.6494333744049072,-3.6058921813964844,-3.562415838241577,-3.5185647010803223,-3.4748942852020264,-3.4315779209136963,-3.389526605606079,-3.348689317703247,-3.3104629516601562,-3.2740705013275146,-3.2383108139038086,-3.2022159099578857,-3.163785457611084,-3.1230902671813965,-3.080472707748413,-3.0374085903167725,-2.9941513538360596,-2.949889898300171,-2.905625820159912,-2.8621084690093994,-2.8177835941314697,-2.773991823196411,-2.7303667068481445,-2.6865248680114746,-2.6434595584869385,-2.5999372005462646,-2.556981086730957,-2.5138304233551025,-2.470167636871338,-2.426401376724243,-2.3840765953063965,-2.342970371246338,-2.3035950660705566,-2.2664129734039307,-2.2296435832977295,-2.1937789916992188,-2.1550140380859375,-2.1153059005737305,-2.075181245803833,-2.0366530418395996,-2.0003068447113037,-1.9520477056503296,-1.904998540878296,-1.8583428859710693,-1.813165307044983,-1.7688992023468018,-1.7261199951171875,-1.6805311441421509,-1.6367067098617554,-1.593127965927124,-1.549538254737854,-1.5060040950775146,-1.463181972503662,-1.4196351766586304,-1.3733717203140259,-1.3291276693344116,-1.2867356538772583,-1.239574909210205,-1.1958173513412476,-1.1551604270935059,-1.1127012968063354,-1.0666661262512207,-1.0209696292877197,-0.9748761653900146,-0.9301438927650452,-0.8854255080223083,-0.8418173789978027,-0.8026474118232727,-0.7634139060974121,-0.7236269116401672,-0.674424409866333,-0.6269440054893494,-0.5805440545082092,-0.5382861495018005,-0.49416306614875793,-0.4472789168357849,-0.4061438739299774,-0.36455413699150085,-0.31795239448547363,-0.2740386128425598,-0.22317594289779663,-0.18521559238433838,-0.1394161581993103,-0.0881284773349762,-0.05285210162401199,-0.015072635374963284,0.02522294595837593,0.08294571191072464,0.12089911103248596,0.1458354890346527,0.20431937277317047,0.24853397905826569,0.28391364216804504,0.3390966057777405,0.364624559879303,0.42700836062431335,0.47228574752807617,0.5108659863471985,0.5698019862174988,0.606143057346344,0.6316632032394409,0.6792399883270264,0.7323728203773499,0.8613371849060059,1.0123587846755981,1.160478115081787],"files":["scales.webp"]},"quats":{"files":["quats.webp"]},