{"version":2,"count":348776,"means":{"mins":[-2.5374047498617016,1.6257075623885135,-1.3594522273386946],"maxs":[4.9532874379106655,4.649654654906709,3.1897024052053946],"files":["means_l.webp","means_u.webp"]},"scales":{"codebook":[-9.998886108398438,-9.956125259399414,-9.91003704071045,-9.862855911254883,-9.815309524536133,-9.768741607666016,-9.723118782043457,-9.676655769348145,-9.63138198852539,-9.585835456848145,-9.538799285888672,-9.49101448059082,-9.444655418395996,-9.399063110351562,-9.352914810180664,-9.305671691894531,-9.258108139038086,-9.213164329528809,-9.16760540008545,-9.123562812805176,-9.078941345214844,-9.031575202941895,-8.984527587890625,-8.937074661254883,-8.889507293701172,-8.844246864318848,-8.799483299255371,-8.754008293151855,-8.707817077636719,-8.661332130432129,-8.613582611083984,-8.566764831542969,-8.519746780395508,-8.474696159362793,-8.429040908813477,-8.382792472839355,-8.336854934692383,-8.290478706359863,-8.243945121765137,-8.196917533874512,-8.15023422241211,-8.102198600769043,-8.056221008300781,-8.010588645935059,-7.967161178588867,-7.9250078201293945,-7.884753227233887,-7.847339630126953,-7.810362339019775,-7.771507263183594,-7.729798316955566,-7.687002658843994,-7.64183235168457,-7.597392559051514,-7.550135135650635,-7.503166675567627,-7.457052230834961,-7.4108147621154785,-7.363333225250244,-7.31639289855957,-7.271474361419678,-7.226537227630615,-7.179843425750732,-7.134612083435059,-7.087718963623047,-7.040510177612305,-6.993287086486816,-6.946737289428711,-6.89952278137207,-6.854700088500977,-6.809417247772217,-6.763409614562988,-6.717679977416992,-6.671878337860107,-6.625589370727539,-6.578929424285889,-6.532779216766357,-6.485622882843018,-6.438873767852783,-6.392431735992432,-6.34621000289917,-6.3001790046691895,-6.2551445960998535,-6.208093166351318,-6.162547588348389,-6.116588592529297,-6.070318698883057,-6.024505615234375,-5.978606224060059,-5.932602882385254,-5.886342525482178,-5.839491367340088,-5.793091297149658,-5.746328830718994,-5.699062824249268,-5.652369499206543,-5.606922626495361,-5.561822414398193,-5.516302585601807,-5.470925807952881,-5.424858093261719,-5.37775993347168,-5.331830024719238,-5.285601615905762,-5.238976955413818,-5.192652225494385,-5.146468639373779,-5.099821090698242,-5.052628993988037,-5.0057291984558105,-4.959603786468506,-4.91409969329834,-4.86852502822876,-4.821930408477783,-4.775213718414307,-4.728856563568115,-4.682545185089111,-4.6363844871521,-4.590067386627197,-4.543968200683594,-4.498783111572266,-4.453676700592041,-4.40757942199707,-4.3606719970703125,-4.313457489013672,-4.266899108886719,-4.221309185028076,-4.175066947937012,-4.128619194030762,-4.082498073577881,-4.036152362823486,-3.989692211151123,-3.943664312362671,-3.8970189094543457,-3.851019859313965,-3.8045449256896973,-3.758913993835449,-3.7135367393493652,-3.667442798614502,-3.6208908557891846,-3.5746519565582275,-3.528477430343628,-3.4818108081817627,-3.435612440109253,-3.389721632003784,-3.3436295986175537,-3.2977161407470703,-3.251607656478882,-3.2057769298553467,-3.1598596572875977,-3.1134800910949707,-3.0666704177856445,-3.020425796508789,-2.9738433361053467,-2.927536725997925,-2.88171648979187,-2.8360471725463867,-2.7903730869293213,-2.7433807849884033,-2.696955919265747,-2.6509149074554443,-2.6047441959381104,-2.558539867401123,-2.5119128227233887,-2.465933322906494,-2.420426845550537,-2.3744962215423584,-2.3280532360076904,-2.2817318439483643,-2.2353789806365967,-2.1891977787017822,-2.1425061225891113,-2.0953752994537354,-2.0483713150024414,-2.0054829120635986,-1.9592043161392212,-1.912848949432373,-1.8670345544815063,-1.820292353630066,-1.773152232170105,-1.727155327796936,-1.6810446977615356,-1.6357604265213013,-1.5904872417449951,-1.5433151721954346,-1.4962103366851807,-1.4496628046035767,-1.4035863876342773,-1.3572816848754883,-1.3108652830123901,-1.2651169300079346,-1.2191952466964722,-1.1730586290359497,-1.1278396844863892,-1.0818380117416382,-1.0351022481918335,-0.9883062243461609,-0.9427746534347534,-0.8965020775794983,-0.85039222240448,-0.8038403987884521,-0.7572385668754578,-0.7114945650100708,-0.6664832830429077,-0.6215499043464661,-0.5754432678222656,-0.5280973315238953,-0.4805152714252472,-0.43646806478500366,-0.3923749625682831,-0.3434762954711914,-0.29602545499801636,-0.24916458129882812,-0.20240464806556702,-0.15707089006900787,-0.11389017105102539,-0.06655920296907425,-0.020302169024944305,0.027539100497961044,0.07599122077226639,0.12252622842788696,0.1676870882511139,0.21197062730789185,0.2523057162761688,0.2952052652835846,0.3431309163570404,0.3932775557041168,0.44185692071914673,0.489653080701828,0.5340609550476074,0.5821880102157593,0.6320784687995911,0.6810849905014038,0.7230876684188843,0.7674701809883118,0.8111275434494019,0.8546517491340637,0.9003384709358215,0.9429370760917664,0.992232620716095,1.0485475063323975,1.0949994325637817,1.136435866355896,1.1810775995254517,1.2193081378936768,1.2649235725402832,1.306167721748352,1.3621447086334229,1.401721715927124,1.4574713706970215,1.5073269605636597,1.562839388847351,1.6087491512298584,1.643993616104126,1.6748322248458862,1.7872867584228516],"files":["scales.webp"]},"quats":{"files":["quats.webp"]},