{"version":2,"count":500752,"means":{"mins":[-3.1443959620948707,-3.270528361056137,-2.125425570652309],"maxs":[3.5499108780851674,3.208213331765762,2.4430385003802626],"files":["means_l.webp","means_u.webp"]},"scales":{"codebook":[-9.998568534851074,-9.97119140625,-9.930932998657227,-9.884095191955566,-9.837769508361816,-9.794137001037598,-9.751477241516113,-9.7092866897583,-9.667021751403809,-9.624934196472168,-9.58360481262207,-9.542768478393555,-9.50106143951416,-9.459664344787598,-9.41714859008789,-9.37471866607666,-9.333029747009277,-9.292243003845215,-9.250514030456543,-9.207411766052246,-9.165438652038574,-9.124151229858398,-9.08344841003418,-9.042522430419922,-9.001176834106445,-8.960455894470215,-8.91894245147705,-8.876928329467773,-8.83415699005127,-8.791454315185547,-8.749013900756836,-8.70748233795166,-8.666422843933105,-8.624412536621094,-8.582602500915527,-8.541946411132812,-8.501298904418945,-8.459932327270508,-8.418134689331055,-8.376564979553223,-8.334712982177734,-8.293614387512207,-8.2514066696167,-8.210185050964355,-8.169107437133789,-8.127318382263184,-8.084733963012695,-8.042213439941406,-8.000535011291504,-7.9591569900512695,-7.918232440948486,-7.876413345336914,-7.834956169128418,-7.7926201820373535,-7.749967098236084,-7.70769739151001,-7.667079925537109,-7.625804424285889,-7.5850300788879395,-7.542879104614258,-7.501283168792725,-7.4593353271484375,-7.419098377227783,-7.377705097198486,-7.335426330566406,-7.293621063232422,-7.2518229484558105,-7.210428714752197,-7.169095039367676,-7.1267499923706055,-7.083595275878906,-7.040712833404541,-6.999042510986328,-6.957514762878418,-6.916187763214111,-6.87457799911499,-6.833806991577148,-6.79216194152832,-6.750271797180176,-6.708685398101807,-6.667703151702881,-6.627627849578857,-6.585183143615723,-6.543694496154785,-6.501894474029541,-6.459576606750488,-6.418735027313232,-6.377045631408691,-6.334875583648682,-6.293837547302246,-6.252673149108887,-6.211452484130859,-6.170330047607422,-6.129098415374756,-6.087973117828369,-6.0459208488464355,-6.002880096435547,-5.96069860458374,-5.919270992279053,-5.878716945648193,-5.836946964263916,-5.79522180557251,-5.753190517425537,-5.711879253387451,-5.669192314147949,-5.627645015716553,-5.58592414855957,-5.543957710266113,-5.500795364379883,-5.458370208740234,-5.416798114776611,-5.37597131729126,-5.3338942527771,-5.2921833992004395,-5.250270843505859,-5.208827972412109,-5.1678147315979,-5.127079010009766,-5.085362434387207,-5.044610023498535,-5.003509998321533,-4.961971759796143,-4.919694900512695,-4.877895832061768,-4.835844039916992,-4.79393196105957,-4.752073287963867,-4.710544586181641,-4.669071674346924,-4.627835750579834,-4.586181640625,-4.543851375579834,-4.501873970031738,-4.458803176879883,-4.416705131530762,-4.374704837799072,-4.333230972290039,-4.292412281036377,-4.251785755157471,-4.21109676361084,-4.170111179351807,-4.128772258758545,-4.087378025054932,-4.045622825622559,-4.004238128662109,-3.962312698364258,-3.920294761657715,-3.8776543140411377,-3.835526943206787,-3.79366135597229,-3.752267360687256,-3.7111401557922363,-3.6695823669433594,-3.627530336380005,-3.5861856937408447,-3.545210838317871,-3.504885196685791,-3.466045379638672,-3.429086923599243,-3.3945367336273193,-3.3609261512756348,-3.326488733291626,-3.2906126976013184,-3.2521281242370605,-3.211341381072998,-3.170231342315674,-3.129310369491577,-3.087888479232788,-3.0462074279785156,-3.005035638809204,-2.9633443355560303,-2.921903133392334,-2.880648612976074,-2.839129686355591,-2.797706365585327,-2.756060838699341,-2.714254379272461,-2.672272205352783,-2.6307802200317383,-2.5895206928253174,-2.5485565662384033,-2.507002115249634,-2.4655098915100098,-2.4243457317352295,-2.383211851119995,-2.3419313430786133,-2.2998664379119873,-2.258481502532959,-2.216341733932495,-2.1739859580993652,-2.1312451362609863,-2.0891294479370117,-2.04801082611084,-2.008289098739624,-1.9669172763824463,-1.9232667684555054,-1.880675196647644,-1.8389339447021484,-1.7972416877746582,-1.7562172412872314,-1.713914155960083,-1.6728031635284424,-1.6310962438583374,-1.5888392925262451,-1.546709656715393,-1.5064480304718018,-1.4653875827789307,-1.4229917526245117,-1.3803389072418213,-1.339728593826294,-1.2985016107559204,-1.2594083547592163,-1.2197643518447876,-1.1759438514709473,-1.132302165031433,-1.0912245512008667,-1.051357626914978,-1.0093708038330078,-0.9674652814865112,-0.9275317192077637,-0.8852301836013794,-0.8442326188087463,-0.804008424282074,-0.7675095796585083,-0.72557133436203,-0.6850168704986572,-0.6377740502357483,-0.5954025983810425,-0.552249550819397,-0.5092765688896179,-0.46331244707107544,-0.4229113757610321,-0.38775473833084106,-0.3491041660308838,-0.30560895800590515,-0.2647853493690491,-0.22300608456134796,-0.17759288847446442,-0.13830561935901642,-0.09992597997188568,-0.06243111193180084,-0.02523074857890606,0.026100972667336464,0.07445310056209564,0.10600002110004425,0.16090984642505646,0.1999179720878601,0.2548915147781372,0.2989724278450012,0.33170634508132935,0.38747793436050415,0.4187047481536865,0.449546217918396,0.4888879060745239,0.5178781747817993,0.6190980672836304],"files":["scales.webp"]},"quats":{"files":["quats.webp"]},