{"version":2,"count":659508,"means":{"mins":[-2.53613444447317,1.6256904854755985,-1.3342887446338298],"maxs":[3.3588552808435432,4.091916295424006,3.064447854402181],"files":["means_l.webp","means_u.webp"]},"scales":{"codebook":[-9.998651504516602,-9.954740524291992,-9.910017967224121,-9.861406326293945,-9.818404197692871,-9.773467063903809,-9.724535942077637,-9.676998138427734,-9.629609107971191,-9.58724594116211,-9.533941268920898,-9.490635871887207,-9.450218200683594,-9.407252311706543,-9.359787940979004,-9.31310749053955,-9.265181541442871,-9.218646049499512,-9.17156982421875,-9.124638557434082,-9.079121589660645,-9.034768104553223,-8.991934776306152,-8.94799518585205,-8.903104782104492,-8.857470512390137,-8.811015129089355,-8.7647123336792,-8.720077514648438,-8.672991752624512,-8.626883506774902,-8.583773612976074,-8.540217399597168,-8.492877960205078,-8.446207046508789,-8.39937973022461,-8.352883338928223,-8.306564331054688,-8.262699127197266,-8.217955589294434,-8.172884941101074,-8.126861572265625,-8.080583572387695,-8.03400707244873,-7.988762855529785,-7.943394184112549,-7.897282123565674,-7.852077484130859,-7.805412292480469,-7.760700225830078,-7.715157508850098,-7.66960334777832,-7.625067710876465,-7.580400466918945,-7.533995628356934,-7.487563610076904,-7.441746234893799,-7.396204471588135,-7.349876880645752,-7.304215908050537,-7.2582197189331055,-7.212485313415527,-7.165979385375977,-7.119094371795654,-7.07424259185791,-7.028728008270264,-6.983881950378418,-6.938714027404785,-6.89288854598999,-6.84696102142334,-6.801304817199707,-6.755346298217773,-6.710014820098877,-6.664381980895996,-6.618914604187012,-6.5730366706848145,-6.527157783508301,-6.481600761413574,-6.435920715332031,-6.390655517578125,-6.345800399780273,-6.300276279449463,-6.2548441886901855,-6.209290504455566,-6.163502216339111,-6.117837429046631,-6.072318077087402,-6.026760101318359,-5.980947971343994,-5.935103416442871,-5.88931941986084,-5.844836235046387,-5.802014350891113,-5.761002540588379,-5.722132205963135,-5.6847662925720215,-5.647231101989746,-5.607747554779053,-5.566328525543213,-5.523033142089844,-5.479198455810547,-5.435520648956299,-5.3939690589904785,-5.354316234588623,-5.3165130615234375,-5.27954626083374,-5.2409491539001465,-5.200468063354492,-5.158130168914795,-5.113968372344971,-5.068935871124268,-5.023294448852539,-4.977477550506592,-4.9317450523376465,-4.886386871337891,-4.84067964553833,-4.79509973526001,-4.749889850616455,-4.704347133636475,-4.659379959106445,-4.6158127784729,-4.57390022277832,-4.534329891204834,-4.496365070343018,-4.459083080291748,-4.420490741729736,-4.3795928955078125,-4.336475372314453,-4.292337417602539,-4.247392177581787,-4.201560974121094,-4.156058311462402,-4.1104512214660645,-4.064838409423828,-4.019770622253418,-3.974536657333374,-3.928330183029175,-3.8821299076080322,-3.8360767364501953,-3.790416717529297,-3.7450883388519287,-3.6999659538269043,-3.654517889022827,-3.6090970039367676,-3.5637826919555664,-3.5182199478149414,-3.472909927368164,-3.426499366760254,-3.380528688430786,-3.3346526622772217,-3.2889139652252197,-3.2437851428985596,-3.1978237628936768,-3.151998519897461,-3.106567859649658,-3.060911178588867,-3.015197992324829,-2.9701108932495117,-2.924182653427124,-2.878082513809204,-2.832636833190918,-2.7872636318206787,-2.7412831783294678,-2.695472240447998,-2.649733304977417,-2.6040821075439453,-2.5583553314208984,-2.5133779048919678,-2.467524528503418,-2.421658754348755,-2.3758530616760254,-2.330265760421753,-2.285087823867798,-2.239976167678833,-2.1942622661590576,-2.148515462875366,-2.1027607917785645,-2.057246446609497,-2.010946035385132,-1.9653146266937256,-1.9195541143417358,-1.8730275630950928,-1.8270727396011353,-1.781616449356079,-1.7357221841812134,-1.690369963645935,-1.645171046257019,-1.6005454063415527,-1.5548155307769775,-1.5091732740402222,-1.4627501964569092,-1.4164018630981445,-1.370578408241272,-1.3261539936065674,-1.2824857234954834,-1.2359564304351807,-1.1888360977172852,-1.142250895500183,-1.0966358184814453,-1.0528422594070435,-1.0083024501800537,-0.9632278680801392,-0.9194656610488892,-0.8743137717247009,-0.8282040953636169,-0.7820718288421631,-0.7343301177024841,-0.6891194581985474,-0.6431077718734741,-0.5938668251037598,-0.5448809266090393,-0.5006995797157288,-0.4557485580444336,-0.412356436252594,-0.36678627133369446,-0.3201969265937805,-0.27344757318496704,-0.22735409438610077,-0.17940333485603333,-0.13492119312286377,-0.09115847200155258,-0.047696635127067566,0.0010382193140685558,0.04684816300868988,0.0914786234498024,0.1392984539270401,0.181209534406662,0.22835291922092438,0.2725755274295807,0.3169594407081604,0.35510730743408203,0.40420570969581604,0.44129478931427,0.49426835775375366,0.5370714068412781,0.5948651432991028,0.6362770199775696,0.6791882514953613,0.7227702736854553,0.7559792995452881,0.807354211807251,0.8531850576400757,0.9156187772750854,0.9517986178398132,1.0086628198623657,1.045149326324463,1.0839101076126099,1.1506452560424805,1.1849305629730225,1.2237799167633057,1.2849470376968384,1.386927843093872,1.4295456409454346,1.4850869178771973,1.584082841873169,1.6434619426727295],"files":["scales.webp"]},"quats":{"files":["quats.webp"]},