{"version":2,"count":529983,"means":{"mins":[-3.8915366468213484,-4.599207544206011,-1.268406520104941],"maxs":[-2.538993772537422,-3.4628885922906214,3.052444077363584],"files":["means_l.webp","means_u.webp"]},"scales":{"codebook":[-9.999144554138184,-9.952902793884277,-9.90721607208252,-9.861189842224121,-9.813064575195312,-9.764599800109863,-9.717201232910156,-9.670378684997559,-9.621633529663086,-9.57669448852539,-9.532037734985352,-9.484533309936523,-9.438563346862793,-9.39233684539795,-9.346956253051758,-9.299918174743652,-9.251952171325684,-9.204005241394043,-9.157052040100098,-9.110581398010254,-9.066028594970703,-9.019107818603516,-8.973307609558105,-8.927755355834961,-8.881058692932129,-8.835005760192871,-8.7879638671875,-8.739130020141602,-8.691703796386719,-8.644131660461426,-8.597219467163086,-8.550957679748535,-8.504814147949219,-8.458763122558594,-8.413272857666016,-8.366900444030762,-8.318984985351562,-8.27141284942627,-8.225317001342773,-8.178182601928711,-8.131783485412598,-8.084524154663086,-8.03797721862793,-7.991885662078857,-7.945120811462402,-7.898473262786865,-7.85123872756958,-7.803501605987549,-7.75555419921875,-7.709330081939697,-7.6622467041015625,-7.6158576011657715,-7.568696022033691,-7.522098541259766,-7.475914478302002,-7.4302191734313965,-7.383666515350342,-7.33729362487793,-7.290736198425293,-7.244040012359619,-7.1966023445129395,-7.150961399078369,-7.10705041885376,-7.0672502517700195,-7.031013011932373,-6.998232841491699,-6.9677629470825195,-6.935924053192139,-6.900949954986572,-6.8616814613342285,-6.818760871887207,-6.774386882781982,-6.728620529174805,-6.683892726898193,-6.641374111175537,-6.599687099456787,-6.559752941131592,-6.521520614624023,-6.483281135559082,-6.442538261413574,-6.399796009063721,-6.354615688323975,-6.308197021484375,-6.262073516845703,-6.217411994934082,-6.173952579498291,-6.132718086242676,-6.094176769256592,-6.057724475860596,-6.022891521453857,-5.988575458526611,-5.953796863555908,-5.917548179626465,-5.879024028778076,-5.837957382202148,-5.794598579406738,-5.750344753265381,-5.706327438354492,-5.663632392883301,-5.623538970947266,-5.585171222686768,-5.5469231605529785,-5.507321357727051,-5.465816497802734,-5.421635150909424,-5.376186847686768,-5.329906463623047,-5.283685684204102,-5.238107204437256,-5.1938371658325195,-5.1511030197143555,-5.110718727111816,-5.071949005126953,-5.03356409072876,-4.99364709854126,-4.952200412750244,-4.908185958862305,-4.862501621246338,-4.81582498550415,-4.769384384155273,-4.722896575927734,-4.676311016082764,-4.630112171173096,-4.585923194885254,-4.54331111907959,-4.503733158111572,-4.465259075164795,-4.4272589683532715,-4.387507915496826,-4.344788551330566,-4.300418853759766,-4.254537582397461,-4.208375930786133,-4.161816120147705,-4.1153059005737305,-4.068530082702637,-4.021280765533447,-3.9743831157684326,-3.928187370300293,-3.882207155227661,-3.8360342979431152,-3.7892043590545654,-3.743063449859619,-3.695930242538452,-3.648953914642334,-3.601578950881958,-3.5542571544647217,-3.507620334625244,-3.461632013320923,-3.415069580078125,-3.3681223392486572,-3.3216660022735596,-3.275169610977173,-3.2299258708953857,-3.1850662231445312,-3.1419975757598877,-3.101309299468994,-3.063302755355835,-3.026055335998535,-2.9891321659088135,-2.951366424560547,-2.913844347000122,-2.8768253326416016,-2.838499069213867,-2.798527240753174,-2.7568328380584717,-2.712827444076538,-2.667661428451538,-2.6210453510284424,-2.574408531188965,-2.527838706970215,-2.481942653656006,-2.435617446899414,-2.3891243934631348,-2.3418705463409424,-2.294832468032837,-2.248328447341919,-2.20102596282959,-2.1530396938323975,-2.103846549987793,-2.056044101715088,-2.0114853382110596,-1.9664630889892578,-1.921227216720581,-1.8763175010681152,-1.8296433687210083,-1.782841682434082,-1.7357971668243408,-1.6900701522827148,-1.6424692869186401,-1.5964324474334717,-1.5496567487716675,-1.5025638341903687,-1.4555915594100952,-1.410138487815857,-1.3642328977584839,-1.318129062652588,-1.2710707187652588,-1.2233737707138062,-1.1749013662338257,-1.1263458728790283,-1.0816413164138794,-1.0353225469589233,-0.9887258410453796,-0.9417500495910645,-0.8946940898895264,-0.8500345945358276,-0.8050310611724854,-0.7591862678527832,-0.7125358581542969,-0.6648910641670227,-0.6182825565338135,-0.5714359879493713,-0.5246663093566895,-0.47830018401145935,-0.43089914321899414,-0.3838018476963043,-0.33671313524246216,-0.29002252221107483,-0.2437308430671692,-0.1965043544769287,-0.14821456372737885,-0.09856482595205307,-0.055246319621801376,-0.006471477914601564,0.04050035774707794,0.0854886919260025,0.13057516515254974,0.17588868737220764,0.2166454792022705,0.2584909498691559,0.31067076325416565,0.3657594323158264,0.4183964133262634,0.4618801474571228,0.5101044774055481,0.5561527609825134,0.6006335020065308,0.65546053647995,0.6846038699150085,0.7247006893157959,0.7831611633300781,0.8397622108459473,0.8825653791427612,0.9303624629974365,0.9788761138916016,1.0274258852005005,1.060981273651123,1.117159128189087,1.1624832153320312,1.2128379344940186,1.248814582824707,1.3080158233642578,1.3923310041427612,1.435630202293396,1.9093570709228516],"files":["scales.webp"]},"quats":{"files":["quats.webp"]},