{"version":2,"count":525586,"means":{"mins":[-5.741550102312223,-6.516644056644541,-4.783832227973341],"maxs":[4.5931676722646,6.225097870790378,0],"files":["means_l.webp","means_u.webp"]},"scales":{"codebook":[-10,-9.922369956970215,-9.901350021362305,-7.755586624145508,-7.191838264465332,-7.122708797454834,-6.927938938140869,-6.738168716430664,-6.531826019287109,-6.461115837097168,-6.248813629150391,-6.137654781341553,-6.066393852233887,-5.915334224700928,-5.860697269439697,-5.855667591094971,-5.784127235412598,-5.659389495849609,-5.577006816864014,-5.564246654510498,-5.470125675201416,-5.455930233001709,-5.384106636047363,-5.356265544891357,-5.304904460906982,-5.303421974182129,-5.2315168380737305,-5.168930530548096,-5.09915828704834,-5.037114143371582,-4.982287883758545,-4.935613632202148,-4.889876842498779,-4.8698649406433105,-4.829181671142578,-4.782946586608887,-4.7709832191467285,-4.738754749298096,-4.693681240081787,-4.66151762008667,-4.616271018981934,-4.561544418334961,-4.493974208831787,-4.458686828613281,-4.408542633056641,-4.373981952667236,-4.341861724853516,-4.30788516998291,-4.256690502166748,-4.202326774597168,-4.145788669586182,-4.089165210723877,-4.043856620788574,-4.027726173400879,-3.9910519123077393,-3.9567949771881104,-3.926680326461792,-3.9072041511535645,-3.8820767402648926,-3.8366925716400146,-3.783390998840332,-3.734553337097168,-3.685718059539795,-3.6439106464385986,-3.604227066040039,-3.569305896759033,-3.52756404876709,-3.482976198196411,-3.451073169708252,-3.423564910888672,-3.392426013946533,-3.3633222579956055,-3.3407037258148193,-3.3089077472686768,-3.2677271366119385,-3.212311267852783,-3.1604676246643066,-3.124141216278076,-3.1005449295043945,-3.077031373977661,-3.048624277114868,-3.0139331817626953,-2.987874746322632,-2.9629194736480713,-2.936016798019409,-2.9032042026519775,-2.869877815246582,-2.8393359184265137,-2.814300537109375,-2.7894279956817627,-2.7624449729919434,-2.7338345050811768,-2.6985292434692383,-2.6640121936798096,-2.629436492919922,-2.5913589000701904,-2.5554401874542236,-2.524782419204712,-2.4949254989624023,-2.461276054382324,-2.4242467880249023,-2.384498119354248,-2.3467471599578857,-2.312757730484009,-2.2839572429656982,-2.25276780128479,-2.2184534072875977,-2.183759927749634,-2.1540675163269043,-2.1255061626434326,-2.0940706729888916,-2.062681198120117,-2.0287983417510986,-1.9959778785705566,-1.9691540002822876,-1.9467934370040894,-1.9290584325790405,-1.9117534160614014,-1.8944296836853027,-1.8790206909179688,-1.8656712770462036,-1.851793646812439,-1.834588885307312,-1.8162040710449219,-1.7920955419540405,-1.7627376317977905,-1.7361310720443726,-1.7131264209747314,-1.6927475929260254,-1.6771489381790161,-1.6645474433898926,-1.6539855003356934,-1.6419225931167603,-1.62522554397583,-1.6065735816955566,-1.5860035419464111,-1.5585721731185913,-1.5250775814056396,-1.487073302268982,-1.4459377527236938,-1.4051086902618408,-1.3676310777664185,-1.3342890739440918,-1.3062115907669067,-1.2837276458740234,-1.2647689580917358,-1.2498353719711304,-1.2360119819641113,-1.2203975915908813,-1.202899694442749,-1.1820157766342163,-1.1555038690567017,-1.1213890314102173,-1.0812660455703735,-1.0372035503387451,-0.9935963749885559,-0.9531061053276062,-0.9173939824104309,-0.8871760964393616,-0.8608614206314087,-0.8340208530426025,-0.8053714036941528,-0.7739900350570679,-0.7387048006057739,-0.7011556625366211,-0.6625727415084839,-0.6224583387374878,-0.5834081172943115,-0.5482255816459656,-0.516799807548523,-0.4885905683040619,-0.4618360996246338,-0.4352506697177887,-0.4097970426082611,-0.38520848751068115,-0.36220094561576843,-0.34098803997039795,-0.32187435030937195,-0.3027420938014984,-0.28150758147239685,-0.2569552958011627,-0.22709806263446808,-0.19196085631847382,-0.1533420979976654,-0.11438646912574768,-0.07849769294261932,-0.045981019735336304,-0.017036616802215576,0.01065740268677473,0.03974893316626549,0.0730815976858139,0.11268884688615799,0.15662577748298645,0.20404188334941864,0.2521045207977295,0.29747268557548523,0.3387337625026703,0.37691837549209595,0.4124264121055603,0.4461621940135956,0.4811781048774719,0.5165022015571594,0.5528436303138733,0.5911505222320557,0.6312583684921265,0.675148069858551,0.7227288484573364,0.7725593447685242,0.8212206363677979,0.8676921129226685,0.9109667539596558,0.9514209032058716,0.9936621785163879,1.0378260612487793,1.0847293138504028,1.1342800855636597,1.1851736307144165,1.235802173614502,1.2872487306594849,1.3398663997650146,1.3924856185913086,1.446008563041687,1.4978928565979004,1.5478178262710571,1.6003273725509644,1.6507030725479126,1.7019751071929932,1.7530971765518188,1.804074764251709,1.8564001321792603,1.9107909202575684,1.9694161415100098,2.0147759914398193,2.0612590312957764,2.1124374866485596,2.1660735607147217,2.22819185256958,2.282538414001465,2.3317019939422607,2.3826897144317627,2.4361109733581543,2.4862067699432373,2.5391807556152344,2.5922868251800537,2.632279634475708,2.6934635639190674,2.745772361755371,2.796076774597168,2.851550340652466,2.9010496139526367,2.9413797855377197,3.0187220573425293,3.0382490158081055,3.1117773056030273,3.147815227508545,3.2072856426239014],"files":["scales.webp"]},"quats":{"files":["quats.webp"]},