{"version":2,"count":524522,"means":{"mins":[3.2855794161678777,4.569794390990332,-4.697284373821072],"maxs":[5.709509553516087,5.830419248366953,-3.7119250879953176],"files":["means_l.webp","means_u.webp"]},"scales":{"codebook":[-10,-9.912832260131836,-7.755586624145508,-7.191838264465332,-7.122708797454834,-6.927938938140869,-6.738168716430664,-6.531826019287109,-6.461115837097168,-6.24976921081543,-6.137654781341553,-6.066393852233887,-5.915334224700928,-5.858462333679199,-5.784127235412598,-5.668155670166016,-5.635956764221191,-5.569866180419922,-5.470125675201416,-5.455930233001709,-5.3714823722839355,-5.304904460906982,-5.303421974182129,-5.2315168380737305,-5.173677921295166,-5.163149356842041,-5.09915828704834,-5.03724479675293,-4.982287883758545,-4.937626361846924,-4.889876842498779,-4.877658367156982,-4.840206623077393,-4.775243282318115,-4.738754749298096,-4.696434020996094,-4.688945293426514,-4.662142753601074,-4.616087436676025,-4.5615010261535645,-4.508139133453369,-4.471285820007324,-4.408270835876465,-4.364853858947754,-4.322275638580322,-4.270124912261963,-4.214931488037109,-4.171862602233887,-4.1294097900390625,-4.081133842468262,-4.02982234954834,-3.9774692058563232,-3.930255174636841,-3.8868608474731445,-3.8472917079925537,-3.8246266841888428,-3.7928457260131836,-3.754258632659912,-3.6938247680664062,-3.6437571048736572,-3.6111135482788086,-3.578876256942749,-3.5443880558013916,-3.5142526626586914,-3.4963831901550293,-3.476274251937866,-3.459557056427002,-3.448902130126953,-3.429516553878784,-3.4132461547851562,-3.3892056941986084,-3.3520584106445312,-3.311168670654297,-3.287160873413086,-3.264127731323242,-3.23976731300354,-3.21449613571167,-3.192945957183838,-3.1700596809387207,-3.1420962810516357,-3.111502170562744,-3.0720880031585693,-3.0346872806549072,-2.9988901615142822,-2.971128463745117,-2.9468610286712646,-2.9213292598724365,-2.895894765853882,-2.8784868717193604,-2.8628787994384766,-2.8448617458343506,-2.821782112121582,-2.790780782699585,-2.7608859539031982,-2.726897954940796,-2.68658447265625,-2.6515953540802,-2.6232995986938477,-2.5992186069488525,-2.5798633098602295,-2.5595293045043945,-2.537156581878662,-2.5091512203216553,-2.4760591983795166,-2.4382269382476807,-2.4027318954467773,-2.375778913497925,-2.3540892601013184,-2.333331346511841,-2.308654308319092,-2.2772908210754395,-2.242790937423706,-2.2082388401031494,-2.174696922302246,-2.1422624588012695,-2.1155319213867188,-2.087972402572632,-2.0594804286956787,-2.034717082977295,-2.0116374492645264,-1.9870338439941406,-1.9580494165420532,-1.9289864301681519,-1.9026740789413452,-1.8784860372543335,-1.8552196025848389,-1.8328380584716797,-1.815483570098877,-1.7982968091964722,-1.7825212478637695,-1.7691594362258911,-1.7551237344741821,-1.7379907369613647,-1.7176591157913208,-1.6941167116165161,-1.66874361038208,-1.64403235912323,-1.6200016736984253,-1.5956445932388306,-1.570180892944336,-1.5467032194137573,-1.5274593830108643,-1.507641315460205,-1.4886795282363892,-1.4696033000946045,-1.4497219324111938,-1.4320456981658936,-1.4163264036178589,-1.400223970413208,-1.3832200765609741,-1.363131046295166,-1.339998722076416,-1.3143696784973145,-1.2872700691223145,-1.261711597442627,-1.241076946258545,-1.2205711603164673,-1.200196385383606,-1.176522970199585,-1.1520826816558838,-1.1278212070465088,-1.1048461198806763,-1.0843807458877563,-1.0617555379867554,-1.0363059043884277,-1.0092484951019287,-0.9800065755844116,-0.9496222138404846,-0.9199890494346619,-0.8933631181716919,-0.8682474493980408,-0.8448483347892761,-0.8223270773887634,-0.7980197072029114,-0.771672785282135,-0.7442875504493713,-0.7159677147865295,-0.6875491738319397,-0.6611222624778748,-0.6363940834999084,-0.6118859052658081,-0.5850908756256104,-0.5554510951042175,-0.5254416465759277,-0.49605920910835266,-0.469747930765152,-0.44727623462677,-0.42657187581062317,-0.4060544967651367,-0.38525623083114624,-0.36357447504997253,-0.34251001477241516,-0.32262104749679565,-0.3037005364894867,-0.2841813266277313,-0.2623955011367798,-0.23727785050868988,-0.20743677020072937,-0.17449139058589935,-0.13953416049480438,-0.1041400209069252,-0.06974100321531296,-0.037660203874111176,-0.007169438060373068,0.02280503511428833,0.05401930212974548,0.08639507740736008,0.1228015124797821,0.16337275505065918,0.2066493034362793,0.25257888436317444,0.29967227578163147,0.3472248613834381,0.39603298902511597,0.44551604986190796,0.4931934177875519,0.5413264632225037,0.5884585976600647,0.6335523128509521,0.675464391708374,0.7155678868293762,0.7529364824295044,0.7895810604095459,0.8246092796325684,0.8590570688247681,0.8905525803565979,0.9230867624282837,0.9562260508537292,0.9908751845359802,1.0297425985336304,1.0738528966903687,1.1161524057388306,1.1638811826705933,1.2117925882339478,1.260634183883667,1.3106902837753296,1.3592631816864014,1.4068350791931152,1.4571560621261597,1.5099378824234009,1.5598212480545044,1.6016055345535278,1.6503692865371704,1.7028568983078003,1.7459152936935425,1.7962247133255005,1.8503490686416626,1.8931384086608887,1.9442532062530518,2.005950689315796,2.04061222076416,2.0905017852783203,2.1501777172088623,2.184271812438965,2.2542548179626465,2.279109001159668],"files":["scales.webp"]},"quats":{"files":["quats.webp"]},