{"version":2,"count":661241,"means":{"mins":[-2.3159807819183444,-1.4270943445946818,-1.940336015405417],"maxs":[1.4377366589980405,0.3069491111677433,1.4542671313214455],"files":["means_l.webp","means_u.webp"]},"scales":{"codebook":[-9.998311042785645,-9.972753524780273,-9.931036949157715,-9.886092185974121,-9.843778610229492,-9.803624153137207,-9.767125129699707,-9.732492446899414,-9.699225425720215,-9.667134284973145,-9.633999824523926,-9.598283767700195,-9.561293601989746,-9.523032188415527,-9.484354972839355,-9.44499397277832,-9.404191970825195,-9.362828254699707,-9.323126792907715,-9.283153533935547,-9.243271827697754,-9.20505142211914,-9.166810035705566,-9.127398490905762,-9.08763313293457,-9.046941757202148,-9.007224082946777,-8.967948913574219,-8.928216934204102,-8.888040542602539,-8.848896026611328,-8.809935569763184,-8.769763946533203,-8.729290008544922,-8.689629554748535,-8.650262832641602,-8.609890937805176,-8.569319725036621,-8.530264854431152,-8.490732192993164,-8.45199966430664,-8.412069320678711,-8.372236251831055,-8.332283020019531,-8.292318344116211,-8.252432823181152,-8.213079452514648,-8.173054695129395,-8.133590698242188,-8.093713760375977,-8.053954124450684,-8.01425552368164,-7.9750776290893555,-7.935515403747559,-7.895965576171875,-7.856348514556885,-7.815916061401367,-7.77602481842041,-7.735982418060303,-7.695174217224121,-7.654463768005371,-7.615629196166992,-7.5766520500183105,-7.537810802459717,-7.4987030029296875,-7.459240436553955,-7.419236660003662,-7.379534721374512,-7.339255332946777,-7.299664497375488,-7.261253833770752,-7.224173545837402,-7.189108848571777,-7.155434608459473,-7.122221946716309,-7.089247703552246,-7.055521488189697,-7.019012928009033,-6.98095178604126,-6.941640377044678,-6.902066230773926,-6.862910270690918,-6.822974681854248,-6.783769607543945,-6.7444586753845215,-6.705157279968262,-6.665042400360107,-6.625295639038086,-6.585631847381592,-6.545947074890137,-6.5059990882873535,-6.465853691101074,-6.425814151763916,-6.385780334472656,-6.346055507659912,-6.306331634521484,-6.267199993133545,-6.228400230407715,-6.188875675201416,-6.149786472320557,-6.110774517059326,-6.071220874786377,-6.031900405883789,-5.993640422821045,-5.95819091796875,-5.924525737762451,-5.891969203948975,-5.8586626052856445,-5.824098110198975,-5.787402629852295,-5.749276638031006,-5.710336208343506,-5.671343803405762,-5.632018566131592,-5.5923590660095215,-5.552154064178467,-5.512287139892578,-5.473005294799805,-5.433474540710449,-5.393683910369873,-5.354345798492432,-5.315424919128418,-5.276872634887695,-5.239907264709473,-5.2051568031311035,-5.171847820281982,-5.139507293701172,-5.106588840484619,-5.071863174438477,-5.035243988037109,-4.997663974761963,-4.958326816558838,-4.9196014404296875,-4.881958484649658,-4.846214294433594,-4.812179088592529,-4.779552936553955,-4.746729850769043,-4.713104248046875,-4.67768669128418,-4.641200065612793,-4.605371952056885,-4.571343421936035,-4.5407490730285645,-4.513247013092041,-4.487039566040039,-4.459890842437744,-4.429753303527832,-4.396234512329102,-4.360405445098877,-4.322887897491455,-4.284408092498779,-4.2453227043151855,-4.205657005310059,-4.1660475730896,-4.126344203948975,-4.086340427398682,-4.046172142028809,-4.006320953369141,-3.9667115211486816,-3.926973342895508,-3.8877828121185303,-3.8495049476623535,-3.812803030014038,-3.7782034873962402,-3.745358467102051,-3.7133610248565674,-3.6807050704956055,-3.645864963531494,-3.6090798377990723,-3.570528030395508,-3.531604051589966,-3.491933584213257,-3.452441930770874,-3.413280487060547,-3.375011682510376,-3.337695837020874,-3.302913188934326,-3.2699599266052246,-3.238004684448242,-3.205127239227295,-3.1700236797332764,-3.1333694458007812,-3.09477162361145,-3.0552074909210205,-3.0162012577056885,-2.978510856628418,-2.9435133934020996,-2.909911870956421,-2.8769423961639404,-2.8435754776000977,-2.8091914653778076,-2.7727653980255127,-2.7362217903137207,-2.6992270946502686,-2.661120891571045,-2.621521472930908,-2.5825271606445312,-2.5424208641052246,-2.5012588500976562,-2.4602270126342773,-2.419452428817749,-2.38224458694458,-2.342243194580078,-2.3041296005249023,-2.2674100399017334,-2.2294042110443115,-2.18741512298584,-2.145421266555786,-2.104884147644043,-2.065096378326416,-2.0273478031158447,-1.987290620803833,-1.9403676986694336,-1.9011701345443726,-1.864096999168396,-1.8214513063430786,-1.785905361175537,-1.7454557418823242,-1.7069406509399414,-1.6621184349060059,-1.6251633167266846,-1.5825084447860718,-1.5375982522964478,-1.4966830015182495,-1.4602503776550293,-1.4265680313110352,-1.388742446899414,-1.3459694385528564,-1.3074674606323242,-1.2643414735794067,-1.2305643558502197,-1.1954162120819092,-1.1545605659484863,-1.1137893199920654,-1.0698193311691284,-1.0320594310760498,-0.9866137504577637,-0.9443944096565247,-0.9124791622161865,-0.8640425205230713,-0.8336563110351562,-0.7839066982269287,-0.7455981969833374,-0.7131908535957336,-0.6694117188453674,-0.6387872099876404,-0.6056869626045227,-0.5694965720176697,-0.5259775519371033,-0.46319350600242615,-0.4213455319404602,-0.36429181694984436,-0.32248449325561523,-0.08683893084526062,0.12293526530265808],"files":["scales.webp"]},"quats":{"files":["quats.webp"]},