{"version":2,"count":529527,"means":{"mins":[-2.537718776159781,-3.373509176276725,-1.52417323281828],"maxs":[4.31318688431067,2.768226353326305,3.177425240925351],"files":["means_l.webp","means_u.webp"]},"scales":{"codebook":[-9.999424934387207,-9.974937438964844,-9.942012786865234,-9.903772354125977,-9.862676620483398,-9.818742752075195,-9.77299976348877,-9.727745056152344,-9.682990074157715,-9.638152122497559,-9.592897415161133,-9.548504829406738,-9.503421783447266,-9.458468437194824,-9.415032386779785,-9.370455741882324,-9.32529067993164,-9.28050708770752,-9.234997749328613,-9.18988037109375,-9.145001411437988,-9.099485397338867,-9.054963111877441,-9.010339736938477,-8.964977264404297,-8.919548988342285,-8.874616622924805,-8.829763412475586,-8.784053802490234,-8.73864459991455,-8.693285942077637,-8.648940086364746,-8.60435676574707,-8.559000968933105,-8.513806343078613,-8.46919059753418,-8.425291061401367,-8.380433082580566,-8.334371566772461,-8.289128303527832,-8.244446754455566,-8.200018882751465,-8.154264450073242,-8.108637809753418,-8.062604904174805,-8.016740798950195,-7.971768379211426,-7.92730188369751,-7.883048057556152,-7.8384270668029785,-7.7932963371276855,-7.748462200164795,-7.70270299911499,-7.657184600830078,-7.61253023147583,-7.566808700561523,-7.521366596221924,-7.477365970611572,-7.431947708129883,-7.387031078338623,-7.342555522918701,-7.296742916107178,-7.251588821411133,-7.206835746765137,-7.161701679229736,-7.116222381591797,-7.071389675140381,-7.026226997375488,-6.981439113616943,-6.9373297691345215,-6.891167163848877,-6.845606803894043,-6.800400257110596,-6.754856586456299,-6.709426403045654,-6.665153980255127,-6.620569229125977,-6.574692249298096,-6.5300397872924805,-6.486391544342041,-6.441461086273193,-6.396437168121338,-6.35153865814209,-6.3066911697387695,-6.260899066925049,-6.216396808624268,-6.171807765960693,-6.127066135406494,-6.0826826095581055,-6.037148952484131,-5.990869998931885,-5.945444107055664,-5.900185585021973,-5.854881286621094,-5.809398651123047,-5.763707637786865,-5.719527244567871,-5.6753668785095215,-5.630512714385986,-5.585638046264648,-5.539895057678223,-5.494072437286377,-5.4488139152526855,-5.403285026550293,-5.358341217041016,-5.313794136047363,-5.269392967224121,-5.225142955780029,-5.179812908172607,-5.134628772735596,-5.089182376861572,-5.043910980224609,-4.999226093292236,-4.954487323760986,-4.909221649169922,-4.864060878753662,-4.818801403045654,-4.773418426513672,-4.728485107421875,-4.683770179748535,-4.6390461921691895,-4.5940446853637695,-4.549093723297119,-4.5042500495910645,-4.459204196929932,-4.413763046264648,-4.368531227111816,-4.323285102844238,-4.278482437133789,-4.233720302581787,-4.189161777496338,-4.144008159637451,-4.099096775054932,-4.053800106048584,-4.008877277374268,-3.9637489318847656,-3.9185681343078613,-3.8738698959350586,-3.8288092613220215,-3.78336763381958,-3.7384815216064453,-3.693417549133301,-3.6485111713409424,-3.6032516956329346,-3.558397054672241,-3.514177083969116,-3.469663619995117,-3.424976348876953,-3.3800289630889893,-3.334794044494629,-3.28940486907959,-3.2444796562194824,-3.199380397796631,-3.154099464416504,-3.108574390411377,-3.0634512901306152,-3.0182366371154785,-2.973508358001709,-2.928894281387329,-2.8841118812561035,-2.8389649391174316,-2.7940309047698975,-2.7490129470825195,-2.7041728496551514,-2.6585917472839355,-2.613187789916992,-2.568324565887451,-2.5237653255462646,-2.4793457984924316,-2.4345967769622803,-2.3895368576049805,-2.344475269317627,-2.2984564304351807,-2.2532804012298584,-2.2075366973876953,-2.161696434020996,-2.1157619953155518,-2.072981595993042,-2.0342628955841064,-2.000370740890503,-1.9494465589523315,-1.900047779083252,-1.8521502017974854,-1.8057860136032104,-1.760228157043457,-1.7157678604125977,-1.6703014373779297,-1.625498652458191,-1.581164002418518,-1.5365431308746338,-1.4910969734191895,-1.4460203647613525,-1.4008280038833618,-1.3552266359329224,-1.3098582029342651,-1.2654567956924438,-1.2205322980880737,-1.1762018203735352,-1.1311025619506836,-1.0856975317001343,-1.0414972305297852,-0.9974690079689026,-0.9514014720916748,-0.9069414138793945,-0.8614293336868286,-0.8159226775169373,-0.7698192000389099,-0.7243505716323853,-0.6802617311477661,-0.6350913643836975,-0.5890222191810608,-0.5432334542274475,-0.4986693263053894,-0.45450276136398315,-0.4090287983417511,-0.3663846254348755,-0.32055410742759705,-0.2740802466869354,-0.22883917391300201,-0.18209552764892578,-0.13531160354614258,-0.09447252005338669,-0.04583433270454407,0.0005628245999105275,0.04258415848016739,0.08485538512468338,0.1295492798089981,0.17782625555992126,0.22061561048030853,0.26048755645751953,0.30919840931892395,0.3540284037590027,0.4000360369682312,0.4519900977611542,0.49700605869293213,0.5380697250366211,0.5827187895774841,0.6275435090065002,0.6687038540840149,0.7082042694091797,0.7608197331428528,0.8153433799743652,0.8655490875244141,0.9074347615242004,0.9460059404373169,0.9910987615585327,1.0335371494293213,1.0927609205245972,1.1321529150009155,1.164894461631775,1.2319034337997437,1.2514631748199463,1.30992591381073,1.3469544649124146,1.3931188583374023,1.4855743646621704],"files":["scales.webp"]},"quats":{"files":["quats.webp"]},