{"version":2,"count":531820,"means":{"mins":[-3.734314601477955,-3.4628469883039013,-1.145448191534311],"maxs":[-2.537727596122961,3.313997957096559,2.987400118602818],"files":["means_l.webp","means_u.webp"]},"scales":{"codebook":[-9.999005317687988,-9.95790958404541,-9.912757873535156,-9.867792129516602,-9.824042320251465,-9.780069351196289,-9.73530101776123,-9.689781188964844,-9.645096778869629,-9.601411819458008,-9.556708335876465,-9.513212203979492,-9.469377517700195,-9.424430847167969,-9.379595756530762,-9.335705757141113,-9.292401313781738,-9.24851131439209,-9.20455551147461,-9.160228729248047,-9.116154670715332,-9.071409225463867,-9.026385307312012,-8.983040809631348,-8.94007682800293,-8.900040626525879,-8.862494468688965,-8.825729370117188,-8.789374351501465,-8.751265525817871,-8.710829734802246,-8.667802810668945,-8.624978065490723,-8.582344055175781,-8.538759231567383,-8.495047569274902,-8.450698852539062,-8.405871391296387,-8.361221313476562,-8.317152976989746,-8.271994590759277,-8.229009628295898,-8.18589973449707,-8.142273902893066,-8.096741676330566,-8.051608085632324,-8.006640434265137,-7.963090896606445,-7.918589115142822,-7.87438440322876,-7.829944133758545,-7.785066604614258,-7.7404608726501465,-7.696496486663818,-7.6534013748168945,-7.609936237335205,-7.565505504608154,-7.52020788192749,-7.4749627113342285,-7.430952548980713,-7.385767459869385,-7.341648101806641,-7.2976155281066895,-7.252957820892334,-7.209404468536377,-7.165635585784912,-7.121944427490234,-7.077372074127197,-7.032662868499756,-6.987807750701904,-6.9440460205078125,-6.899977207183838,-6.855713367462158,-6.811496257781982,-6.767220497131348,-6.722738265991211,-6.678549289703369,-6.6335062980651855,-6.589714527130127,-6.545932769775391,-6.501335144042969,-6.456061840057373,-6.41132116317749,-6.367039680480957,-6.323594093322754,-6.279378414154053,-6.234691619873047,-6.190831184387207,-6.147286415100098,-6.102886199951172,-6.058534622192383,-6.014140605926514,-5.970003128051758,-5.925222873687744,-5.880696773529053,-5.836217880249023,-5.792788028717041,-5.748751163482666,-5.704545497894287,-5.660640239715576,-5.616461753845215,-5.571338176727295,-5.526121616363525,-5.481914520263672,-5.437314033508301,-5.392763137817383,-5.3484320640563965,-5.304318904876709,-5.260202884674072,-5.216406345367432,-5.171918869018555,-5.127885818481445,-5.0834479331970215,-5.038946628570557,-4.994167804718018,-4.949280738830566,-4.904877662658691,-4.860673904418945,-4.816954135894775,-4.772907733917236,-4.7286810874938965,-4.684332847595215,-4.640213489532471,-4.59620475769043,-4.552309513092041,-4.507893085479736,-4.463307857513428,-4.418949127197266,-4.374973773956299,-4.3310322761535645,-4.287473201751709,-4.244598388671875,-4.203610897064209,-4.1646409034729,-4.127476692199707,-4.091494083404541,-4.054599761962891,-4.015592575073242,-3.9745113849639893,-3.9319076538085938,-3.888455867767334,-3.844090223312378,-3.7997779846191406,-3.7556838989257812,-3.7114951610565186,-3.6675662994384766,-3.6231987476348877,-3.579272747039795,-3.5350427627563477,-3.490980863571167,-3.4466614723205566,-3.4021081924438477,-3.3578755855560303,-3.3133156299591064,-3.2688889503479004,-3.224790096282959,-3.180264949798584,-3.135981321334839,-3.0916748046875,-3.047767162322998,-3.003704786300659,-2.959848642349243,-2.9164819717407227,-2.8737006187438965,-2.832453489303589,-2.7933144569396973,-2.7565433979034424,-2.720745086669922,-2.6842570304870605,-2.6450769901275635,-2.6039187908172607,-2.561070680618286,-2.5176889896392822,-2.4735021591186523,-2.4289023876190186,-2.3844656944274902,-2.340211868286133,-2.296076774597168,-2.2512474060058594,-2.2068052291870117,-2.161588430404663,-2.117575168609619,-2.0744218826293945,-2.0351357460021973,-1.9994577169418335,-1.9503827095031738,-1.9029220342636108,-1.8560527563095093,-1.810585618019104,-1.766884446144104,-1.7227777242660522,-1.6787139177322388,-1.6352860927581787,-1.5905143022537231,-1.5453921556472778,-1.5022215843200684,-1.4622209072113037,-1.4247013330459595,-1.3873146772384644,-1.3511015176773071,-1.3137792348861694,-1.273760437965393,-1.2302820682525635,-1.1871577501296997,-1.1436506509780884,-1.1007064580917358,-1.0566368103027344,-1.0121365785598755,-0.9657840132713318,-0.9188022613525391,-0.8752497434616089,-0.829332709312439,-0.782258927822113,-0.7411109209060669,-0.7014924883842468,-0.661327064037323,-0.6120203137397766,-0.5679347515106201,-0.5197682976722717,-0.47703322768211365,-0.4310764670372009,-0.38739633560180664,-0.34727463126182556,-0.3024892807006836,-0.2561512887477875,-0.21315105259418488,-0.17074133455753326,-0.12466754764318466,-0.07863369584083557,-0.038038454949855804,0.005898456554859877,0.04772476851940155,0.09291976690292358,0.13235053420066833,0.18053798377513885,0.2335522323846817,0.27772581577301025,0.3173719644546509,0.3556149899959564,0.39564746618270874,0.4340142011642456,0.4942284822463989,0.5396705865859985,0.5840962529182434,0.6104902625083923,0.6829132437705994,0.7162129282951355,0.7655519247055054,0.8117016553878784,0.8437073230743408,0.8877549767494202,0.9298122525215149,0.993848443031311,1.0465633869171143,1.2099666595458984,1.2924418449401855],"files":["scales.webp"]},"quats":{"files":["quats.webp"]},