{"version":2,"count":628430,"means":{"mins":[-7.305890939196198,-7.229761729355396,-1.049409962860083],"maxs":[-2.28078089686291,-3.0123129162602766,-0.10794001310229423],"files":["means_l.webp","means_u.webp"]},"scales":{"codebook":[-9.999415397644043,-9.986883163452148,-9.965591430664062,-9.932292938232422,-9.88976001739502,-9.841171264648438,-9.791074752807617,-9.737613677978516,-9.684957504272461,-9.633430480957031,-9.582084655761719,-9.530713081359863,-9.479023933410645,-9.425670623779297,-9.374170303344727,-9.321285247802734,-9.268869400024414,-9.217357635498047,-9.164905548095703,-9.112858772277832,-9.062204360961914,-9.014606475830078,-8.972997665405273,-8.934836387634277,-8.900439262390137,-8.868231773376465,-8.836502075195312,-8.805280685424805,-8.774702072143555,-8.74380111694336,-8.710395812988281,-8.673434257507324,-8.631974220275879,-8.585893630981445,-8.536727905273438,-8.486568450927734,-8.436908721923828,-8.389198303222656,-8.342970848083496,-8.300326347351074,-8.258508682250977,-8.215529441833496,-8.170703887939453,-8.125602722167969,-8.081435203552246,-8.040964126586914,-8.004559516906738,-7.970736026763916,-7.936540603637695,-7.898231506347656,-7.854803562164307,-7.80747652053833,-7.757405757904053,-7.706694602966309,-7.654150485992432,-7.601502895355225,-7.54936408996582,-7.497486114501953,-7.445070266723633,-7.3927130699157715,-7.339694023132324,-7.2872490882873535,-7.234838008880615,-7.18272066116333,-7.13210391998291,-7.0823893547058105,-7.0357561111450195,-6.991003513336182,-6.946683406829834,-6.901811122894287,-6.855371475219727,-6.80839729309082,-6.76315975189209,-6.721070766448975,-6.682378768920898,-6.646718978881836,-6.612720012664795,-6.5785908699035645,-6.542243480682373,-6.502275466918945,-6.457962512969971,-6.409870147705078,-6.357818126678467,-6.30457067489624,-6.252275466918945,-6.202102184295654,-6.155390739440918,-6.111126899719238,-6.068075180053711,-6.024073123931885,-5.977748870849609,-5.929227352142334,-5.8780837059021,-5.825962066650391,-5.77410888671875,-5.722305774688721,-5.670848846435547,-5.618419647216797,-5.566610336303711,-5.51511287689209,-5.464811325073242,-5.414970874786377,-5.366754531860352,-5.320470333099365,-5.276971817016602,-5.235025405883789,-5.194071292877197,-5.1535563468933105,-5.113329887390137,-5.0727667808532715,-5.030419826507568,-4.9864606857299805,-4.941426753997803,-4.897119522094727,-4.855546474456787,-4.817220687866211,-4.780582904815674,-4.744517803192139,-4.707167625427246,-4.667341232299805,-4.6253204345703125,-4.582108497619629,-4.5397114753723145,-4.498279094696045,-4.457223415374756,-4.416321754455566,-4.376581192016602,-4.338911056518555,-4.303549289703369,-4.269207954406738,-4.234107971191406,-4.196492671966553,-4.1544952392578125,-4.1080241203308105,-4.058216571807861,-4.00653076171875,-3.9544572830200195,-3.902040958404541,-3.8498001098632812,-3.797466993331909,-3.744257926940918,-3.691375732421875,-3.6389598846435547,-3.5872371196746826,-3.5346250534057617,-3.4824228286743164,-3.4304282665252686,-3.3787739276885986,-3.3267552852630615,-3.2755606174468994,-3.2234930992126465,-3.170945167541504,-3.1180403232574463,-3.0659408569335938,-3.0138070583343506,-2.9625978469848633,-2.9106688499450684,-2.8581299781799316,-2.8052256107330322,-2.7537529468536377,-2.7019896507263184,-2.651773452758789,-2.602874755859375,-2.5555388927459717,-2.5114059448242188,-2.467919111251831,-2.425636053085327,-2.380624771118164,-2.3327476978302,-2.282958507537842,-2.2314257621765137,-2.178459405899048,-2.1242706775665283,-2.070441961288452,-2.0183515548706055,-1.9688835144042969,-1.9184743165969849,-1.8676340579986572,-1.8147804737091064,-1.762052297592163,-1.7094902992248535,-1.6565959453582764,-1.6034992933273315,-1.5517500638961792,-1.5000841617584229,-1.44965660572052,-1.3993864059448242,-1.3467367887496948,-1.2943848371505737,-1.2434743642807007,-1.1913682222366333,-1.137864112854004,-1.0846883058547974,-1.0302791595458984,-0.9796445369720459,-0.9266294240951538,-0.8746130466461182,-0.8211981058120728,-0.7674770951271057,-0.7179756164550781,-0.6653423309326172,-0.6163594126701355,-0.5643931031227112,-0.5126855969429016,-0.45976823568344116,-0.40823861956596375,-0.3539976477622986,-0.30537235736846924,-0.2536497116088867,-0.20706722140312195,-0.15429995954036713,-0.09953422099351883,-0.04824933409690857,0.004862940404564142,0.05941908434033394,0.11410070955753326,0.16735728085041046,0.2223195731639862,0.2702793478965759,0.3249187171459198,0.3784295916557312,0.4300314486026764,0.46418634057044983,0.5128868222236633,0.5652966499328613,0.6392578482627869,0.6885872483253479,0.7433422207832336,0.7898649573326111,0.8470262885093689,0.8864438533782959,0.9584982395172119,1.0224858522415161,1.0593327283859253,1.10904860496521,1.1530673503875732,1.2121825218200684,1.28182852268219,1.3224281072616577,1.360353946685791,1.542275071144104,1.6282069683074951,1.6580299139022827,1.877664566040039,2.003365993499756,2.110614776611328,2.3220181465148926,2.382847785949707,2.449901819229126,2.5071499347686768,2.5626590251922607,2.5964717864990234,2.731123447418213,2.771963357925415,2.971667528152466,3.296848773956299],"files":["scales.webp"]},"quats":{"files":["quats.webp"]},