{"version":2,"count":541596,"means":{"mins":[-3.1446819537803794,-3.1524719582842238,-1.8911341306904226],"maxs":[1.4377392633295418,-0.4778317963517562,1.9092255522170334],"files":["means_l.webp","means_u.webp"]},"scales":{"codebook":[-9.99819278717041,-9.97169303894043,-9.929549217224121,-9.883707046508789,-9.840408325195312,-9.799371719360352,-9.757739067077637,-9.716191291809082,-9.675299644470215,-9.634126663208008,-9.595094680786133,-9.55472183227539,-9.51496410369873,-9.474738121032715,-9.434479713439941,-9.393980026245117,-9.355399131774902,-9.31649112701416,-9.275473594665527,-9.23643970489502,-9.19565200805664,-9.15497875213623,-9.114673614501953,-9.073801040649414,-9.033028602600098,-8.99249267578125,-8.952413558959961,-8.912155151367188,-8.872652053833008,-8.83218002319336,-8.791688919067383,-8.750535011291504,-8.710079193115234,-8.668654441833496,-8.6278076171875,-8.58685302734375,-8.546974182128906,-8.507381439208984,-8.467574119567871,-8.42883014678955,-8.389288902282715,-8.349284172058105,-8.310050010681152,-8.269762992858887,-8.22858715057373,-8.187847137451172,-8.14731502532959,-8.106999397277832,-8.066505432128906,-8.026206970214844,-7.986078262329102,-7.946216106414795,-7.905178546905518,-7.865266799926758,-7.824629783630371,-7.784459114074707,-7.744678497314453,-7.704965591430664,-7.663987159729004,-7.623846054077148,-7.583498477935791,-7.543233871459961,-7.5019307136535645,-7.46112060546875,-7.421661853790283,-7.381958961486816,-7.341939926147461,-7.301244735717773,-7.261521816253662,-7.222259044647217,-7.183480739593506,-7.145354270935059,-7.109867095947266,-7.075952529907227,-7.043148994445801,-7.0100297927856445,-6.974958896636963,-6.937646389007568,-6.898943901062012,-6.859520435333252,-6.819374084472656,-6.779033184051514,-6.738913059234619,-6.69874382019043,-6.657705307006836,-6.6168317794799805,-6.576206207275391,-6.536303997039795,-6.4959635734558105,-6.454913139343262,-6.414299011230469,-6.37386417388916,-6.333493232727051,-6.29334831237793,-6.253079414367676,-6.213149070739746,-6.173588752746582,-6.133393287658691,-6.092739105224609,-6.052759647369385,-6.012377738952637,-5.97228479385376,-5.932684898376465,-5.892277240753174,-5.85105562210083,-5.810614109039307,-5.770155429840088,-5.729649066925049,-5.689379692077637,-5.649383068084717,-5.609597206115723,-5.569580554962158,-5.52936315536499,-5.489055633544922,-5.4486470222473145,-5.4079179763793945,-5.367535591125488,-5.327701091766357,-5.287952899932861,-5.248154163360596,-5.2079691886901855,-5.167415618896484,-5.126909255981445,-5.086618423461914,-5.046674728393555,-5.006573677062988,-4.966569423675537,-4.926483631134033,-4.886196613311768,-4.8458051681518555,-4.8053693771362305,-4.76500129699707,-4.7248687744140625,-4.684295654296875,-4.643803596496582,-4.603144645690918,-4.562758922576904,-4.522650241851807,-4.482903957366943,-4.443305969238281,-4.4042558670043945,-4.366937637329102,-4.331467628479004,-4.298175811767578,-4.265771389007568,-4.232029914855957,-4.197214603424072,-4.159899711608887,-4.120791435241699,-4.080801010131836,-4.040508270263672,-4.000636100769043,-3.9602644443511963,-3.9203941822052,-3.8810081481933594,-3.8424649238586426,-3.8054351806640625,-3.7705962657928467,-3.7370898723602295,-3.7042148113250732,-3.67033052444458,-3.634547710418701,-3.5967328548431396,-3.557676076889038,-3.517664909362793,-3.4775350093841553,-3.4372880458831787,-3.3973617553710938,-3.3565335273742676,-3.3161072731018066,-3.2758545875549316,-3.2351326942443848,-3.1948230266571045,-3.155176877975464,-3.115199565887451,-3.07489013671875,-3.0355355739593506,-2.9964139461517334,-2.9563286304473877,-2.9158809185028076,-2.875730514526367,-2.834599494934082,-2.7942914962768555,-2.7537765502929688,-2.7131872177124023,-2.673605442047119,-2.6328837871551514,-2.5934808254241943,-2.5530877113342285,-2.512439012527466,-2.4717748165130615,-2.4312896728515625,-2.389831781387329,-2.349031925201416,-2.308192014694214,-2.2675540447235107,-2.2281529903411865,-2.1890108585357666,-2.148625373840332,-2.10752534866333,-2.0686697959899902,-2.0294172763824463,-1.9887068271636963,-1.9470715522766113,-1.9074773788452148,-1.865831971168518,-1.8270612955093384,-1.7877150774002075,-1.7477360963821411,-1.70924711227417,-1.6700748205184937,-1.6328779458999634,-1.5869264602661133,-1.5455888509750366,-1.504473328590393,-1.465757131576538,-1.4230372905731201,-1.3823893070220947,-1.3421486616134644,-1.306373119354248,-1.2632687091827393,-1.2199881076812744,-1.18063223361969,-1.137122392654419,-1.0995103120803833,-1.060917854309082,-1.0207455158233643,-0.975607693195343,-0.939939022064209,-0.9028078317642212,-0.8595644235610962,-0.8190510869026184,-0.7804033756256104,-0.7416864037513733,-0.7038858532905579,-0.6653974056243896,-0.6157660484313965,-0.5608780384063721,-0.5349571108818054,-0.5056008100509644,-0.46640706062316895,-0.42149919271469116,-0.3888614773750305,-0.34360992908477783,-0.2824287712574005,-0.2397703379392624,-0.22456082701683044,-0.18381904065608978,-0.1353108286857605,-0.08238571882247925,-0.06296435743570328,-0.019563358277082443,0.011160481721162796,0.12235686928033829,0.23524686694145203,0.2691821753978729],"files":["scales.webp"]},"quats":{"files":["quats.webp"]},