{"version":2,"count":524840,"means":{"mins":[3.285573420995704,-5.104831146621946,-4.681080008260718],"maxs":[6.344037461285058,5.487240480319584,-4.247470198177151],"files":["means_l.webp","means_u.webp"]},"scales":{"codebook":[-10,-9.922369956970215,-9.901350021362305,-7.755586624145508,-7.191838264465332,-7.122708797454834,-6.927938938140869,-6.738168716430664,-6.531826019287109,-6.461115837097168,-6.249186992645264,-6.137654781341553,-6.066393852233887,-5.915334224700928,-5.858282566070557,-5.784127235412598,-5.668155670166016,-5.635956764221191,-5.569236755371094,-5.464832782745361,-5.384106636047363,-5.356265544891357,-5.30434513092041,-5.2315168380737305,-5.169021129608154,-5.09915828704834,-5.038406848907471,-4.969703197479248,-4.928605079650879,-4.875311851501465,-4.806975841522217,-4.758666515350342,-4.68550968170166,-4.630896091461182,-4.576611518859863,-4.531985282897949,-4.480796813964844,-4.441740989685059,-4.408542633056641,-4.37281608581543,-4.342097282409668,-4.308565139770508,-4.257133960723877,-4.203096389770508,-4.140451908111572,-4.081005096435547,-4.029838562011719,-3.977545738220215,-3.926379442214966,-3.8677890300750732,-3.8066210746765137,-3.7535064220428467,-3.6939260959625244,-3.6437418460845947,-3.6043429374694824,-3.569179058074951,-3.534169912338257,-3.5022878646850586,-3.4763200283050537,-3.4482975006103516,-3.4158999919891357,-3.3693013191223145,-3.307138204574585,-3.251558303833008,-3.2002947330474854,-3.146886110305786,-3.0978336334228516,-3.0620741844177246,-3.037703514099121,-3.012087106704712,-2.988023281097412,-2.9627890586853027,-2.936012029647827,-2.906306505203247,-2.874744415283203,-2.840548276901245,-2.8066508769989014,-2.775069236755371,-2.7473361492156982,-2.7239420413970947,-2.701800584793091,-2.677941083908081,-2.6514575481414795,-2.6172893047332764,-2.579864978790283,-2.539210557937622,-2.5002102851867676,-2.470926523208618,-2.4466912746429443,-2.421785354614258,-2.392637014389038,-2.360276699066162,-2.3251912593841553,-2.293367385864258,-2.265540361404419,-2.2389402389526367,-2.211787700653076,-2.181691884994507,-2.1453661918640137,-2.1063807010650635,-2.0655550956726074,-2.0227584838867188,-1.9766392707824707,-1.9286609888076782,-1.8843289613723755,-1.846947193145752,-1.8126280307769775,-1.783635139465332,-1.758657455444336,-1.7397918701171875,-1.7235116958618164,-1.7078593969345093,-1.6897345781326294,-1.669545292854309,-1.647118330001831,-1.6203384399414062,-1.5909883975982666,-1.5612261295318604,-1.5333410501480103,-1.5052268505096436,-1.4798979759216309,-1.4552820920944214,-1.4344826936721802,-1.415171504020691,-1.3954139947891235,-1.3760485649108887,-1.3558504581451416,-1.3350071907043457,-1.311370611190796,-1.2862564325332642,-1.2580379247665405,-1.2292826175689697,-1.2022286653518677,-1.1752480268478394,-1.1476619243621826,-1.1206364631652832,-1.0946310758590698,-1.0708709955215454,-1.0480026006698608,-1.0220915079116821,-0.9936347007751465,-0.9637159109115601,-0.9326368570327759,-0.9028863906860352,-0.8767060041427612,-0.8550217747688293,-0.8356393575668335,-0.8182862997055054,-0.8014848232269287,-0.7816426753997803,-0.7588445544242859,-0.7342948913574219,-0.7079952955245972,-0.6795609593391418,-0.6504703760147095,-0.6219637989997864,-0.5951806306838989,-0.5700576305389404,-0.5448732376098633,-0.5194552540779114,-0.4936971366405487,-0.4694857895374298,-0.44807782769203186,-0.42979639768600464,-0.41387322545051575,-0.39786767959594727,-0.3793177604675293,-0.35702407360076904,-0.332245796918869,-0.3066166639328003,-0.2820856273174286,-0.2594940662384033,-0.23918132483959198,-0.22087889909744263,-0.20298531651496887,-0.18497388064861298,-0.16594697535037994,-0.14333827793598175,-0.11634289473295212,-0.08472934365272522,-0.050178829580545425,-0.015734782442450523,0.018069401383399963,0.05044000223278999,0.08177229017019272,0.11310520768165588,0.1448623538017273,0.17745085060596466,0.21176999807357788,0.2484550029039383,0.28784722089767456,0.32878899574279785,0.368386447429657,0.4058280885219574,0.44214510917663574,0.477878600358963,0.5134368538856506,0.5495654344558716,0.5853357911109924,0.6198826432228088,0.6520993113517761,0.6800629496574402,0.7039428949356079,0.7249844670295715,0.7468060255050659,0.7731015086174011,0.8062856197357178,0.8463340997695923,0.8917809128761292,0.9429983496665955,0.9967738389968872,1.0529330968856812,1.109874963760376,1.1628999710083008,1.2176827192306519,1.2706921100616455,1.3253264427185059,1.3819493055343628,1.438117265701294,1.49153733253479,1.5467636585235596,1.6058123111724854,1.6635608673095703,1.717757225036621,1.7734341621398926,1.8304026126861572,1.879563331604004,1.9285497665405273,1.9836623668670654,2.0389344692230225,2.1061787605285645,2.1631908416748047,2.224313259124756,2.271991014480591,2.3342044353485107,2.3856558799743652,2.4386579990386963,2.499382495880127,2.5405712127685547,2.580937147140503,2.626098155975342,2.701460838317871,2.764530897140503,2.8144330978393555,2.88429856300354,2.9260737895965576,3.00498628616333,3.0457026958465576,3.1035211086273193,3.14072585105896,3.1920595169067383,3.24798846244812,3.5631582736968994,3.845446825027466,3.866344928741455,4.099994659423828],"files":["scales.webp"]},"quats":{"files":["quats.webp"]},