{"version":2,"count":235495,"means":{"mins":[2.0366129341963726,-2.6948914811626676,-2.1270746043774555],"maxs":[3.549876686802692,2.404074332503238,2.5692286415729204],"files":["means_l.webp","means_u.webp"]},"scales":{"codebook":[-9.998525619506836,-9.973672866821289,-9.93374252319336,-9.885377883911133,-9.840155601501465,-9.795949935913086,-9.754810333251953,-9.712239265441895,-9.670942306518555,-9.630204200744629,-9.591069221496582,-9.549278259277344,-9.5093994140625,-9.467952728271484,-9.4276123046875,-9.386795043945312,-9.34526538848877,-9.305057525634766,-9.262266159057617,-9.223028182983398,-9.184901237487793,-9.144124984741211,-9.102500915527344,-9.060871124267578,-9.020605087280273,-8.979975700378418,-8.937871932983398,-8.897019386291504,-8.854472160339355,-8.81394100189209,-8.77304744720459,-8.734640121459961,-8.693710327148438,-8.655519485473633,-8.613137245178223,-8.572261810302734,-8.530580520629883,-8.489969253540039,-8.44948673248291,-8.409631729125977,-8.370207786560059,-8.32861042022705,-8.285931587219238,-8.244763374328613,-8.204147338867188,-8.164202690124512,-8.124890327453613,-8.083520889282227,-8.04118824005127,-8.001728057861328,-7.959885120391846,-7.918894290924072,-7.877841472625732,-7.83768367767334,-7.798304080963135,-7.757868766784668,-7.716911792755127,-7.675350189208984,-7.634618282318115,-7.593077659606934,-7.54958438873291,-7.5076117515563965,-7.466889381408691,-7.429490566253662,-7.392789363861084,-7.357469081878662,-7.324797630310059,-7.291850566864014,-7.257929801940918,-7.223294734954834,-7.185351371765137,-7.14492654800415,-7.104475975036621,-7.06291389465332,-7.021547794342041,-6.980250358581543,-6.939618110656738,-6.898899078369141,-6.857693672180176,-6.816559314727783,-6.775763988494873,-6.734462261199951,-6.693106651306152,-6.652924537658691,-6.612307548522949,-6.571236610412598,-6.5309882164001465,-6.490006446838379,-6.448853015899658,-6.407796859741211,-6.368866443634033,-6.3286004066467285,-6.288069725036621,-6.246456146240234,-6.204681396484375,-6.163237571716309,-6.122511863708496,-6.0833916664123535,-6.043515205383301,-6.003209114074707,-5.962133407592773,-5.920373439788818,-5.878481388092041,-5.837488651275635,-5.7967305183410645,-5.755929470062256,-5.715321063995361,-5.674211025238037,-5.633436679840088,-5.593109607696533,-5.552175521850586,-5.510896682739258,-5.469722270965576,-5.428697109222412,-5.388599395751953,-5.348127365112305,-5.306717395782471,-5.265945911407471,-5.224861145019531,-5.1839704513549805,-5.143990516662598,-5.103511333465576,-5.062098026275635,-5.020601272583008,-4.97968053817749,-4.939417362213135,-4.899072170257568,-4.8579182624816895,-4.817882537841797,-4.777513027191162,-4.736929416656494,-4.695441246032715,-4.654557228088379,-4.613743305206299,-4.572529315948486,-4.531667232513428,-4.4908013343811035,-4.4501953125,-4.4101786613464355,-4.371517181396484,-4.334259986877441,-4.299132823944092,-4.265993118286133,-4.2329535484313965,-4.198207378387451,-4.162450790405273,-4.124253273010254,-4.083820819854736,-4.043276309967041,-4.002422332763672,-3.9615044593811035,-3.920769214630127,-3.8799312114715576,-3.8394575119018555,-3.7985668182373047,-3.7576162815093994,-3.7166459560394287,-3.67535400390625,-3.635146141052246,-3.5946004390716553,-3.554086208343506,-3.513218641281128,-3.4723329544067383,-3.4312734603881836,-3.3902807235717773,-3.349583625793457,-3.3089559078216553,-3.267993211746216,-3.227254629135132,-3.1868245601654053,-3.1467936038970947,-3.1060261726379395,-3.065035343170166,-3.0246763229370117,-2.9840011596679688,-2.943908214569092,-2.9026575088500977,-2.8618195056915283,-2.8211960792541504,-2.779935121536255,-2.738767623901367,-2.696840524673462,-2.656038999557495,-2.615431785583496,-2.5751113891601562,-2.535510540008545,-2.496004343032837,-2.455799102783203,-2.41518497467041,-2.3746860027313232,-2.3333592414855957,-2.2923269271850586,-2.2509005069732666,-2.209609270095825,-2.16857647895813,-2.126563787460327,-2.0852320194244385,-2.043973684310913,-2.0043766498565674,-1.96268892288208,-1.9220552444458008,-1.8818243741989136,-1.8418409824371338,-1.8004131317138672,-1.7594412565231323,-1.7195029258728027,-1.6801140308380127,-1.6394050121307373,-1.6005432605743408,-1.5597723722457886,-1.5183227062225342,-1.4749547243118286,-1.4352037906646729,-1.395196557044983,-1.3504180908203125,-1.3112860918045044,-1.27243173122406,-1.2353204488754272,-1.196191430091858,-1.1549029350280762,-1.1104037761688232,-1.0679205656051636,-1.0249558687210083,-0.9860240817070007,-0.9439280033111572,-0.8994095921516418,-0.8634135127067566,-0.8229163289070129,-0.7795995473861694,-0.735508918762207,-0.6939412355422974,-0.6580070853233337,-0.6161206960678101,-0.5710819959640503,-0.5364596843719482,-0.49676766991615295,-0.4532862603664398,-0.4104839563369751,-0.3771509528160095,-0.33100414276123047,-0.2899165749549866,-0.25419971346855164,-0.2138582468032837,-0.17077909409999847,-0.1053844466805458,-0.08226067572832108,-0.060559146106243134,-0.021899383515119553,0.017715392634272575,0.07482124865055084,0.12428252398967743,0.15664668381214142,0.20052358508110046,0.24522079527378082,0.2660386562347412,0.40437382459640503],"files":["scales.webp"]},"quats":{"files":["quats.webp"]},