{"version":2,"count":524650,"means":{"mins":[3.2855742060798194,-6.518803793671144,-4.76866467554415],"maxs":[6.225893301396165,-2.694357937732883,-4.234729709297721],"files":["means_l.webp","means_u.webp"]},"scales":{"codebook":[-10,-9.922369956970215,-9.901350021362305,-7.755586624145508,-7.191838264465332,-7.122708797454834,-6.927938938140869,-6.738168716430664,-6.531826019287109,-6.461115837097168,-6.2489013671875,-6.137654781341553,-6.066393852233887,-5.915334224700928,-5.858458995819092,-5.784127235412598,-5.658587455749512,-5.577006816864014,-5.564246654510498,-5.465714454650879,-5.384106636047363,-5.356265544891357,-5.304385185241699,-5.2315168380737305,-5.168761730194092,-5.09915828704834,-5.037935256958008,-4.982287883758545,-4.936491012573242,-4.875508785247803,-4.829181671142578,-4.775871276855469,-4.717842102050781,-4.668197154998779,-4.616202354431152,-4.576444625854492,-4.544494152069092,-4.4942145347595215,-4.458305835723877,-4.39866828918457,-4.347782611846924,-4.307673454284668,-4.263463973999023,-4.238925933837891,-4.202667713165283,-4.1456298828125,-4.087701797485352,-4.034951686859131,-4.002322673797607,-3.972888946533203,-3.9266626834869385,-3.882634162902832,-3.844473123550415,-3.804753065109253,-3.7627193927764893,-3.71488618850708,-3.678091526031494,-3.644012212753296,-3.6045939922332764,-3.557776689529419,-3.511651039123535,-3.473576784133911,-3.4398176670074463,-3.3986399173736572,-3.352050304412842,-3.315505266189575,-3.3055331707000732,-3.2873082160949707,-3.263953447341919,-3.2375288009643555,-3.2027809619903564,-3.170046806335449,-3.1373605728149414,-3.1066477298736572,-3.0832529067993164,-3.060380220413208,-3.0345935821533203,-3.005251169204712,-2.9825963973999023,-2.9578750133514404,-2.924663782119751,-2.89007306098938,-2.864636182785034,-2.846029043197632,-2.829432725906372,-2.814807891845703,-2.797236204147339,-2.7765772342681885,-2.7471203804016113,-2.716212034225464,-2.6839306354522705,-2.6472465991973877,-2.6070029735565186,-2.570436477661133,-2.534395694732666,-2.49924635887146,-2.4667160511016846,-2.4385857582092285,-2.4144082069396973,-2.389702081680298,-2.36220383644104,-2.335263252258301,-2.3085641860961914,-2.282252311706543,-2.257361650466919,-2.235229015350342,-2.2119641304016113,-2.1832220554351807,-2.152230978012085,-2.1216542720794678,-2.0927953720092773,-2.069661855697632,-2.0475454330444336,-2.0261623859405518,-2.0010409355163574,-1.97528076171875,-1.9477968215942383,-1.9185529947280884,-1.8903462886810303,-1.8625022172927856,-1.8359313011169434,-1.812950611114502,-1.7935343980789185,-1.7742929458618164,-1.7493414878845215,-1.7182209491729736,-1.6828032732009888,-1.6482956409454346,-1.614853024482727,-1.5861217975616455,-1.5598944425582886,-1.5343139171600342,-1.5080443620681763,-1.4834210872650146,-1.4572845697402954,-1.4320242404937744,-1.4085055589675903,-1.3849318027496338,-1.3595753908157349,-1.331861138343811,-1.3013328313827515,-1.269903302192688,-1.2379891872406006,-1.2057039737701416,-1.1711046695709229,-1.1346869468688965,-1.0964208841323853,-1.058298945426941,-1.0210872888565063,-0.986171543598175,-0.9554462432861328,-0.9288469552993774,-0.9050087928771973,-0.8837531805038452,-0.8640015125274658,-0.8452515602111816,-0.8279720544815063,-0.8092014193534851,-0.7881593704223633,-0.7651679515838623,-0.7403965592384338,-0.7145469784736633,-0.689436137676239,-0.6653948426246643,-0.6411938667297363,-0.6166368126869202,-0.5915018320083618,-0.5651848912239075,-0.5378478169441223,-0.5086639523506165,-0.47806012630462646,-0.4481365978717804,-0.4198286831378937,-0.3939785361289978,-0.3701927661895752,-0.34694352746009827,-0.3225749731063843,-0.29575347900390625,-0.2666349411010742,-0.2368498146533966,-0.20709891617298126,-0.17959821224212646,-0.15605707466602325,-0.13596324622631073,-0.117038793861866,-0.09741634130477905,-0.07519447803497314,-0.04939231276512146,-0.01925843395292759,0.015696242451667786,0.0544845312833786,0.0974213257431984,0.14346283674240112,0.18977387249469757,0.23422613739967346,0.2769346237182617,0.3190319240093231,0.3595806360244751,0.4009801149368286,0.44167470932006836,0.4811764359474182,0.5196549892425537,0.5565724968910217,0.5917925238609314,0.625317394733429,0.6587175130844116,0.6940513253211975,0.7335768342018127,0.7778871059417725,0.8250496983528137,0.8751917481422424,0.9251866936683655,0.9767258167266846,1.02950918674469,1.0825203657150269,1.135909914970398,1.1875877380371094,1.2400996685028076,1.2886968851089478,1.3392690420150757,1.3897587060928345,1.4345775842666626,1.4797790050506592,1.5249744653701782,1.5684033632278442,1.6133513450622559,1.66092848777771,1.711298942565918,1.7633086442947388,1.8162792921066284,1.870674729347229,1.9228150844573975,1.9743852615356445,2.023432731628418,2.074742078781128,2.1229114532470703,2.18131685256958,2.235135793685913,2.286877155303955,2.3332254886627197,2.3902194499969482,2.432814598083496,2.4857735633850098,2.5497610569000244,2.6115972995758057,2.654158353805542,2.6956443786621094,2.753904342651367,2.814586639404297,2.866288900375366,2.91744065284729,2.971050262451172,3.0115702152252197,3.202240228652954,3.236022472381592,3.3372092247009277],"files":["scales.webp"]},"quats":{"files":["quats.webp"]},