{"version":2,"count":121678,"means":{"mins":[3.7768580247606622,3.1847146296079223,-1.6331896200741356],"maxs":[4.953260505171517,4.649661587453576,3.0232973176226907],"files":["means_l.webp","means_u.webp"]},"scales":{"codebook":[-9.997994422912598,-9.952961921691895,-9.899993896484375,-9.85191822052002,-9.803633689880371,-9.75490665435791,-9.70598316192627,-9.661051750183105,-9.615663528442383,-9.56751537322998,-9.521578788757324,-9.476278305053711,-9.431098937988281,-9.381030082702637,-9.333925247192383,-9.288228034973145,-9.246922492980957,-9.202054023742676,-9.151829719543457,-9.105637550354004,-9.05445671081543,-9.00532341003418,-8.959626197814941,-8.914222717285156,-8.86979866027832,-8.825056076049805,-8.773283958435059,-8.725015640258789,-8.676331520080566,-8.632877349853516,-8.590348243713379,-8.541770935058594,-8.496237754821777,-8.450634002685547,-8.403081893920898,-8.353110313415527,-8.303444862365723,-8.25980281829834,-8.217497825622559,-8.168307304382324,-8.121682167053223,-8.075510025024414,-8.027251243591309,-7.9797821044921875,-7.931378364562988,-7.883673191070557,-7.836164474487305,-7.788784503936768,-7.740646839141846,-7.694039344787598,-7.649037837982178,-7.601815223693848,-7.555608749389648,-7.509845733642578,-7.461789131164551,-7.415105819702148,-7.3690185546875,-7.320415496826172,-7.273562908172607,-7.22655725479126,-7.175471782684326,-7.128383159637451,-7.081098556518555,-7.035252571105957,-6.989656925201416,-6.943594932556152,-6.896672248840332,-6.851322174072266,-6.804965972900391,-6.761638641357422,-6.72238826751709,-6.684882640838623,-6.647490501403809,-6.60620641708374,-6.562185764312744,-6.516829967498779,-6.469415187835693,-6.422211170196533,-6.37595796585083,-6.328826427459717,-6.282546043395996,-6.235401630401611,-6.188501834869385,-6.142951488494873,-6.095041275024414,-6.046677112579346,-6.0022735595703125,-5.9536824226379395,-5.90516471862793,-5.85733699798584,-5.809224605560303,-5.7635722160339355,-5.720668792724609,-5.679561614990234,-5.640627384185791,-5.6024603843688965,-5.562046051025391,-5.5208210945129395,-5.475439071655273,-5.4307861328125,-5.383801460266113,-5.337908744812012,-5.290289402008057,-5.243976593017578,-5.19830322265625,-5.152829647064209,-5.10620641708374,-5.059093952178955,-5.0120415687561035,-4.964768886566162,-4.918339252471924,-4.873447418212891,-4.8258748054504395,-4.777350902557373,-4.7286272048950195,-4.681323051452637,-4.633558750152588,-4.587235927581787,-4.541292190551758,-4.495500564575195,-4.448346138000488,-4.400745868682861,-4.353938102722168,-4.30617094039917,-4.259273529052734,-4.212811470031738,-4.1660332679748535,-4.118828773498535,-4.072000503540039,-4.024223327636719,-3.976952314376831,-3.9304723739624023,-3.8841567039489746,-3.8368639945983887,-3.788492441177368,-3.741178512573242,-3.6941676139831543,-3.6473894119262695,-3.600154399871826,-3.5523412227630615,-3.5064847469329834,-3.45906662940979,-3.4114363193511963,-3.364475727081299,-3.31795072555542,-3.271022319793701,-3.2244794368743896,-3.1773598194122314,-3.1304714679718018,-3.083876132965088,-3.0382776260375977,-2.991386890411377,-2.9435763359069824,-2.89630126953125,-2.849658489227295,-2.8023571968078613,-2.7557287216186523,-2.7080774307250977,-2.6619904041290283,-2.615891933441162,-2.5714759826660156,-2.5299718379974365,-2.4905283451080322,-2.452308177947998,-2.4131686687469482,-2.3720955848693848,-2.3283209800720215,-2.282992124557495,-2.2364466190338135,-2.190229654312134,-2.1435725688934326,-2.097029685974121,-2.050466299057007,-2.0043885707855225,-1.9574483633041382,-1.9100874662399292,-1.8627921342849731,-1.81583571434021,-1.7682350873947144,-1.7203621864318848,-1.6727150678634644,-1.626018762588501,-1.5800729990005493,-1.5335979461669922,-1.4859451055526733,-1.4389088153839111,-1.3922337293624878,-1.3451093435287476,-1.2976555824279785,-1.2501814365386963,-1.2027637958526611,-1.157231330871582,-1.1090681552886963,-1.0610491037368774,-1.0138224363327026,-0.9663614630699158,-0.9205495119094849,-0.873759388923645,-0.8281702995300293,-0.7808400392532349,-0.7323460578918457,-0.6840826272964478,-0.6385887861251831,-0.5913053154945374,-0.5453730225563049,-0.4980180561542511,-0.44824713468551636,-0.3997894823551178,-0.35319045186042786,-0.3100205659866333,-0.2657378315925598,-0.21828573942184448,-0.17094677686691284,-0.12382758408784866,-0.07339608669281006,-0.026271319016814232,0.019737185910344124,0.06666745245456696,0.11095776408910751,0.15831105411052704,0.20289160311222076,0.24773244559764862,0.2954529821872711,0.35024014115333557,0.40128764510154724,0.4459167718887329,0.49085766077041626,0.5376864671707153,0.5872216820716858,0.6330316066741943,0.6803672909736633,0.7248546481132507,0.7786439061164856,0.8274863958358765,0.8666138052940369,0.9095601439476013,0.9532713294029236,1.0059798955917358,1.0517184734344482,1.1000043153762817,1.1422024965286255,1.1979975700378418,1.2336498498916626,1.283142328262329,1.3343881368637085,1.3855385780334473,1.4326999187469482,1.4817758798599243,1.523970365524292,1.5690641403198242,1.6126863956451416,1.6493115425109863,1.7181241512298584,1.7521870136260986,1.855224847793579,1.9975532293319702],"files":["scales.webp"]},"quats":{"files":["quats.webp"]},