{"version":2,"count":526119,"means":{"mins":[-0.47103713872008734,-3.0123120720669827,-0.8662587543596156],"maxs":[7.108860494728379,7.232276326597243,3.1991897587716647],"files":["means_l.webp","means_u.webp"]},"scales":{"codebook":[-9.998682022094727,-9.954075813293457,-9.90240478515625,-9.849308967590332,-9.796627044677734,-9.745484352111816,-9.69448184967041,-9.64088249206543,-9.587807655334473,-9.53609561920166,-9.485952377319336,-9.43429183959961,-9.383763313293457,-9.332928657531738,-9.281245231628418,-9.229098320007324,-9.177340507507324,-9.126229286193848,-9.076549530029297,-9.02506160736084,-8.974323272705078,-8.922721862792969,-8.872674942016602,-8.821969032287598,-8.771329879760742,-8.720905303955078,-8.6699800491333,-8.617802619934082,-8.5662202835083,-8.515978813171387,-8.464308738708496,-8.413252830505371,-8.361725807189941,-8.309595108032227,-8.258393287658691,-8.208024978637695,-8.156898498535156,-8.105477333068848,-8.054290771484375,-8.002506256103516,-7.950401782989502,-7.899097919464111,-7.847517490386963,-7.797266006469727,-7.7467546463012695,-7.6960368156433105,-7.645263195037842,-7.5942583084106445,-7.5435028076171875,-7.492397785186768,-7.441318988800049,-7.390341758728027,-7.338376998901367,-7.286895751953125,-7.235939979553223,-7.1843976974487305,-7.1329665184021,-7.081958293914795,-7.030792236328125,-6.979511260986328,-6.928401947021484,-6.877623081207275,-6.826235294342041,-6.774898529052734,-6.722660541534424,-6.671006202697754,-6.62125825881958,-6.573002338409424,-6.526742458343506,-6.482935905456543,-6.4403181076049805,-6.397713661193848,-6.353725910186768,-6.307292461395264,-6.259033203125,-6.209364891052246,-6.159483909606934,-6.10858678817749,-6.058247089385986,-6.006877899169922,-5.955722808837891,-5.904713153839111,-5.853449821472168,-5.802513122558594,-5.751152038574219,-5.699924945831299,-5.64865255355835,-5.5965962409973145,-5.545162200927734,-5.493645668029785,-5.442740440368652,-5.393598556518555,-5.34588098526001,-5.300543785095215,-5.257591724395752,-5.215960502624512,-5.174044609069824,-5.129395008087158,-5.082118988037109,-5.03384256362915,-4.986199855804443,-4.940027713775635,-4.895921230316162,-4.8541035652160645,-4.8118767738342285,-4.7682366371154785,-4.72251558303833,-4.674134731292725,-4.624179363250732,-4.573239326477051,-4.522441387176514,-4.471151828765869,-4.420315742492676,-4.369433403015137,-4.31783390045166,-4.265890598297119,-4.214115619659424,-4.163088798522949,-4.11256742477417,-4.061768054962158,-4.010386943817139,-3.9590396881103516,-3.9084339141845703,-3.858936309814453,-3.811448812484741,-3.7659409046173096,-3.723034143447876,-3.6813876628875732,-3.638723850250244,-3.593935012817383,-3.5467946529388428,-3.4976115226745605,-3.4479193687438965,-3.39695405960083,-3.345717191696167,-3.295069694519043,-3.2441866397857666,-3.1931538581848145,-3.141479253768921,-3.0899758338928223,-3.039194107055664,-2.9880449771881104,-2.937502384185791,-2.886620044708252,-2.836168050765991,-2.7871780395507812,-2.7400598526000977,-2.6973037719726562,-2.6587765216827393,-2.62382435798645,-2.58982253074646,-2.5538089275360107,-2.5139198303222656,-2.4700381755828857,-2.4226226806640625,-2.374014377593994,-2.325420618057251,-2.2783477306365967,-2.234649896621704,-2.1948466300964355,-2.1593360900878906,-2.1246206760406494,-2.088421106338501,-2.0497498512268066,-2.0093836784362793,-1.962666392326355,-1.9135019779205322,-1.8633315563201904,-1.8126330375671387,-1.7615026235580444,-1.710591197013855,-1.6592260599136353,-1.6081902980804443,-1.557308316230774,-1.5070269107818604,-1.454457402229309,-1.4041200876235962,-1.353040337562561,-1.3028780221939087,-1.2522817850112915,-1.2053556442260742,-1.1627399921417236,-1.121267557144165,-1.0786550045013428,-1.0350561141967773,-0.9876129627227783,-0.9409571290016174,-0.8915224075317383,-0.8398430347442627,-0.7881843447685242,-0.7384294867515564,-0.6881292462348938,-0.635780394077301,-0.5834389925003052,-0.5316696166992188,-0.4807734191417694,-0.4307708144187927,-0.3801042437553406,-0.32751110196113586,-0.2780042290687561,-0.22685664892196655,-0.17498105764389038,-0.1266174018383026,-0.07901633530855179,-0.028742145746946335,0.023361776024103165,0.07573431730270386,0.13158535957336426,0.1821625530719757,0.23136299848556519,0.28050941228866577,0.3307434916496277,0.3816927671432495,0.4325208067893982,0.47958916425704956,0.5310953855514526,0.5866730213165283,0.6463306546211243,0.7008756995201111,0.745860755443573,0.8000965118408203,0.8422484397888184,0.887150228023529,0.9504615664482117,0.9985284209251404,1.0420619249343872,1.084649682044983,1.1605079174041748,1.2196651697158813,1.2591277360916138,1.29869544506073,1.3600510358810425,1.4096308946609497,1.4725319147109985,1.5133485794067383,1.5798561573028564,1.6182262897491455,1.6656296253204346,1.7275086641311646,1.818568468093872,1.860229253768921,1.9429352283477783,2.002108573913574,2.046358585357666,2.07482647895813,2.1320295333862305,2.1718742847442627,2.3235995769500732,2.3649911880493164,2.430058479309082,2.5706329345703125,2.6897177696228027,2.8412177562713623,2.894519090652466,3.00960636138916,3.0537376403808594],"files":["scales.webp"]},"quats":{"files":["quats.webp"]},