{"version":2,"count":533211,"means":{"mins":[2.2174443573975386,-4.257457212934177,-1.0066350879134676],"maxs":[2.669492974254791,-3.8921482304488184,2.9927114342820698],"files":["means_l.webp","means_u.webp"]},"scales":{"codebook":[-9.998719215393066,-9.972267150878906,-9.931702613830566,-9.889522552490234,-9.849300384521484,-9.810115814208984,-9.772496223449707,-9.735485076904297,-9.697396278381348,-9.659666061401367,-9.621910095214844,-9.584874153137207,-9.547725677490234,-9.510141372680664,-9.472837448120117,-9.435232162475586,-9.39684772491455,-9.359421730041504,-9.322286605834961,-9.283575057983398,-9.246419906616211,-9.209098815917969,-9.172286033630371,-9.133894920349121,-9.095813751220703,-9.058597564697266,-9.021449089050293,-8.983196258544922,-8.944448471069336,-8.906844139099121,-8.869834899902344,-8.831978797912598,-8.794565200805664,-8.756670951843262,-8.719231605529785,-8.681621551513672,-8.644230842590332,-8.607026100158691,-8.570409774780273,-8.533971786499023,-8.498382568359375,-8.464689254760742,-8.433603286743164,-8.40288257598877,-8.371907234191895,-8.338889122009277,-8.303489685058594,-8.266189575195312,-8.228642463684082,-8.191337585449219,-8.154592514038086,-8.117330551147461,-8.079061508178711,-8.041481971740723,-8.004509925842285,-7.967581748962402,-7.930102348327637,-7.89218807220459,-7.853885173797607,-7.81571102142334,-7.776887893676758,-7.739192008972168,-7.702263832092285,-7.66523551940918,-7.628243923187256,-7.591300010681152,-7.553281784057617,-7.514982223510742,-7.477046966552734,-7.439120769500732,-7.401122093200684,-7.36361026763916,-7.326589107513428,-7.289079666137695,-7.251148700714111,-7.212413311004639,-7.175258636474609,-7.1376423835754395,-7.100269317626953,-7.062070846557617,-7.025015354156494,-6.987875461578369,-6.949735164642334,-6.911563396453857,-6.873113632202148,-6.835449695587158,-6.798095226287842,-6.760781288146973,-6.722874641418457,-6.684639930725098,-6.647323131561279,-6.610146522521973,-6.573015213012695,-6.534620761871338,-6.496404647827148,-6.458365440368652,-6.420267581939697,-6.383044719696045,-6.345621585845947,-6.307975769042969,-6.270402431488037,-6.232917785644531,-6.194940567016602,-6.1572160720825195,-6.119540691375732,-6.082333087921143,-6.045328140258789,-6.008088111877441,-5.971072673797607,-5.9339280128479,-5.898210525512695,-5.864515781402588,-5.832784652709961,-5.802299976348877,-5.7710676193237305,-5.738353729248047,-5.703878402709961,-5.667567729949951,-5.630718231201172,-5.593555450439453,-5.555944442749023,-5.518161296844482,-5.480468273162842,-5.442865371704102,-5.405177593231201,-5.367827415466309,-5.330455303192139,-5.292880535125732,-5.25547981262207,-5.217947959899902,-5.180241584777832,-5.14288330078125,-5.105408191680908,-5.068980693817139,-5.034300804138184,-5.001396179199219,-4.970276355743408,-4.939859867095947,-4.908834934234619,-4.875406742095947,-4.839724063873291,-4.803471088409424,-4.767129898071289,-4.731273651123047,-4.696674346923828,-4.66366720199585,-4.632400035858154,-4.6019287109375,-4.571648597717285,-4.5410542488098145,-4.510418891906738,-4.47953987121582,-4.449235916137695,-4.418120861053467,-4.385489463806152,-4.350821495056152,-4.314702987670898,-4.277680397033691,-4.23997688293457,-4.2025837898254395,-4.164898872375488,-4.127443313598633,-4.0898213386535645,-4.051907539367676,-4.014158248901367,-3.9768218994140625,-3.9390881061553955,-3.9009039402008057,-3.863058567047119,-3.825073480606079,-3.787473678588867,-3.750335454940796,-3.713351011276245,-3.6754980087280273,-3.6381008625030518,-3.600724697113037,-3.563389778137207,-3.527005195617676,-3.4926555156707764,-3.460069417953491,-3.4296765327453613,-3.39906644821167,-3.367199659347534,-3.332784414291382,-3.296675682067871,-3.260043144226074,-3.222731113433838,-3.1859402656555176,-3.1492702960968018,-3.11063814163208,-3.071937084197998,-3.0338315963745117,-2.9963741302490234,-2.959423780441284,-2.920491933822632,-2.8823180198669434,-2.844867467880249,-2.8083345890045166,-2.772305727005005,-2.734785556793213,-2.697197914123535,-2.6599783897399902,-2.622875213623047,-2.585461139678955,-2.5488226413726807,-2.5094919204711914,-2.472048282623291,-2.435234546661377,-2.3977205753326416,-2.360121726989746,-2.321531057357788,-2.2829830646514893,-2.245567560195923,-2.207951068878174,-2.1686456203460693,-2.131626844406128,-2.0899529457092285,-2.0491762161254883,-2.011169672012329,-1.981788992881775,-1.946390986442566,-1.9067946672439575,-1.8665618896484375,-1.8294732570648193,-1.7918028831481934,-1.7569801807403564,-1.720990538597107,-1.684292197227478,-1.642394781112671,-1.6047563552856445,-1.5673506259918213,-1.5308769941329956,-1.4899789094924927,-1.4536045789718628,-1.4190480709075928,-1.3781746625900269,-1.3461077213287354,-1.3040026426315308,-1.2701274156570435,-1.224232792854309,-1.1912277936935425,-1.1506052017211914,-1.1198030710220337,-1.0738695859909058,-1.0288516283035278,-0.9967661499977112,-0.9605169892311096,-0.9271354675292969,-0.8964477777481079,-0.8610637784004211,-0.8074093461036682,-0.7696352601051331,-0.7396208047866821,-0.6577188372612,-0.5333003401756287,-0.3979656398296356],"files":["scales.webp"]},"quats":{"files":["quats.webp"]},