{"version":2,"count":533334,"means":{"mins":[-3.3837411662573604,-2.4981161789928237,-1.025757789600339],"maxs":[-2.5377199823131837,2.0528667470919895,3.0524668748010986],"files":["means_l.webp","means_u.webp"]},"scales":{"codebook":[-9.99878215789795,-9.960369110107422,-9.914098739624023,-9.868474006652832,-9.824234962463379,-9.779335975646973,-9.735162734985352,-9.691062927246094,-9.647855758666992,-9.605186462402344,-9.562512397766113,-9.519664764404297,-9.477078437805176,-9.433388710021973,-9.387581825256348,-9.3438720703125,-9.299383163452148,-9.256574630737305,-9.214488983154297,-9.17255687713623,-9.129755973815918,-9.085350036621094,-9.03976058959961,-8.993599891662598,-8.949738502502441,-8.906477928161621,-8.863683700561523,-8.819589614868164,-8.77619743347168,-8.732712745666504,-8.689736366271973,-8.647850036621094,-8.606832504272461,-8.566978454589844,-8.529670715332031,-8.493825912475586,-8.457520484924316,-8.41952896118164,-8.38060188293457,-8.339083671569824,-8.296485900878906,-8.253644943237305,-8.208952903747559,-8.164946556091309,-8.1214017868042,-8.078449249267578,-8.034395217895508,-7.990917682647705,-7.947559356689453,-7.903467178344727,-7.859328269958496,-7.815266132354736,-7.770880222320557,-7.727295398712158,-7.6831793785095215,-7.640579700469971,-7.599296569824219,-7.560595989227295,-7.523297309875488,-7.486903667449951,-7.450779438018799,-7.413085460662842,-7.373659133911133,-7.332302570343018,-7.290013790130615,-7.247320652008057,-7.204102039337158,-7.160521030426025,-7.1162519454956055,-7.072361946105957,-7.02874231338501,-6.9854960441589355,-6.941823959350586,-6.898011684417725,-6.854426860809326,-6.810678958892822,-6.767006874084473,-6.7236857414245605,-6.6802077293396,-6.636282444000244,-6.592443466186523,-6.5488128662109375,-6.504935264587402,-6.460831165313721,-6.417137622833252,-6.373129367828369,-6.330109119415283,-6.28671932220459,-6.242643356323242,-6.198989391326904,-6.15533971786499,-6.111993789672852,-6.068566799163818,-6.024947166442871,-5.980881214141846,-5.937382221221924,-5.894691467285156,-5.853116035461426,-5.813145637512207,-5.775609016418457,-5.739317893981934,-5.7037248611450195,-5.66676664352417,-5.628427028656006,-5.5891947746276855,-5.550896644592285,-5.513952732086182,-5.48006010055542,-5.44841194152832,-5.417364120483398,-5.3858113288879395,-5.352349281311035,-5.316218852996826,-5.2774271965026855,-5.236652851104736,-5.194414138793945,-5.151607513427734,-5.10890007019043,-5.066648483276367,-5.0271196365356445,-4.990184783935547,-4.954751014709473,-4.919055938720703,-4.881712436676025,-4.842305660247803,-4.801215648651123,-4.758738040924072,-4.715601921081543,-4.672215461730957,-4.629286289215088,-4.587832450866699,-4.547733306884766,-4.509883880615234,-4.474318504333496,-4.439548969268799,-4.405304908752441,-4.371097564697266,-4.337111473083496,-4.30332612991333,-4.270308971405029,-4.238099098205566,-4.206760883331299,-4.1773834228515625,-4.148494243621826,-4.119061470031738,-4.087370872497559,-4.051829814910889,-4.013195991516113,-3.972196102142334,-3.929441452026367,-3.886364221572876,-3.843156576156616,-3.799407958984375,-3.7556979656219482,-3.712010622024536,-3.667963743209839,-3.6244993209838867,-3.581634521484375,-3.538243532180786,-3.4944748878479004,-3.450990676879883,-3.4071803092956543,-3.3631763458251953,-3.3200509548187256,-3.276416778564453,-3.232630729675293,-3.188723564147949,-3.1447622776031494,-3.1006791591644287,-3.056988000869751,-3.0130813121795654,-2.9692656993865967,-2.925657272338867,-2.883145570755005,-2.839735269546509,-2.795945644378662,-2.7522637844085693,-2.708862781524658,-2.6652002334594727,-2.6213529109954834,-2.5775811672210693,-2.5335028171539307,-2.489919900894165,-2.4452521800994873,-2.4019775390625,-2.358461856842041,-2.315375804901123,-2.2731411457061768,-2.2310950756073,-2.187857151031494,-2.147477865219116,-2.109903335571289,-2.071260929107666,-2.036195755004883,-2.0033507347106934,-1.9652918577194214,-1.9257985353469849,-1.8840107917785645,-1.8413572311401367,-1.7941113710403442,-1.7476791143417358,-1.7054375410079956,-1.6631808280944824,-1.6190552711486816,-1.5762708187103271,-1.533359408378601,-1.4892957210540771,-1.4439395666122437,-1.4025651216506958,-1.3566646575927734,-1.3122245073318481,-1.2665507793426514,-1.2253384590148926,-1.1797685623168945,-1.134357213973999,-1.0917781591415405,-1.049596905708313,-1.008565068244934,-0.9606876373291016,-0.9136990904808044,-0.8654988408088684,-0.8288675546646118,-0.7856215238571167,-0.7427200675010681,-0.7019308805465698,-0.6630437970161438,-0.6098178625106812,-0.5641428828239441,-0.5244585871696472,-0.47801071405410767,-0.43349480628967285,-0.39695602655410767,-0.35857561230659485,-0.30598682165145874,-0.2606508135795593,-0.21708734333515167,-0.1832752376794815,-0.1299910545349121,-0.08730369806289673,-0.04170960932970047,-0.00044400320621207356,0.04234536737203598,0.08426251262426376,0.14529795944690704,0.17828300595283508,0.23866289854049683,0.26528921723365784,0.3126281201839447,0.35197076201438904,0.41614866256713867,0.43572068214416504,0.4929113984107971,0.5409911870956421,0.5654420852661133,0.6586893200874329,1.1368681192398071],"files":["scales.webp"]},"quats":{"files":["quats.webp"]},