{"version":2,"count":548471,"means":{"mins":[-3.5296227104990843,-3.4628457927614575,-1.1458429942315433],"maxs":[-2.5377227715373554,3.3144916192558056,2.979859416493527],"files":["means_l.webp","means_u.webp"]},"scales":{"codebook":[-9.999200820922852,-9.956513404846191,-9.913474082946777,-9.869989395141602,-9.826523780822754,-9.782405853271484,-9.738038063049316,-9.694182395935059,-9.650466918945312,-9.607359886169434,-9.564644813537598,-9.521586418151855,-9.478139877319336,-9.43294620513916,-9.389824867248535,-9.345992088317871,-9.302596092224121,-9.25871753692627,-9.215363502502441,-9.171250343322754,-9.127856254577637,-9.083345413208008,-9.040250778198242,-8.997049331665039,-8.953232765197754,-8.909087181091309,-8.865619659423828,-8.821906089782715,-8.778584480285645,-8.73564624786377,-8.692015647888184,-8.648810386657715,-8.605257034301758,-8.56137752532959,-8.517868995666504,-8.47507095336914,-8.430773735046387,-8.387146949768066,-8.343545913696289,-8.300732612609863,-8.257719039916992,-8.214927673339844,-8.171019554138184,-8.127408981323242,-8.08364486694336,-8.039844512939453,-7.995954990386963,-7.952019691467285,-7.908082008361816,-7.864086151123047,-7.821205139160156,-7.777503967285156,-7.733484268188477,-7.689714431762695,-7.6455488204956055,-7.602195739746094,-7.558069229125977,-7.5142059326171875,-7.470334529876709,-7.4276442527771,-7.384912014007568,-7.341917037963867,-7.298546314239502,-7.2554097175598145,-7.2141289710998535,-7.175881385803223,-7.139232158660889,-7.103882312774658,-7.067789077758789,-7.02968168258667,-6.989412784576416,-6.946794033050537,-6.903893947601318,-6.861837387084961,-6.8192362785339355,-6.775321960449219,-6.731290340423584,-6.6873087882995605,-6.643561840057373,-6.599623203277588,-6.556023120880127,-6.512670516967773,-6.469026565551758,-6.425485610961914,-6.382366180419922,-6.3391008377075195,-6.295185089111328,-6.251184463500977,-6.2071309089660645,-6.162449359893799,-6.119178771972656,-6.076204299926758,-6.0332183837890625,-5.9904022216796875,-5.946537971496582,-5.902315616607666,-5.858521461486816,-5.814862251281738,-5.771317958831787,-5.727914810180664,-5.684335708618164,-5.640959739685059,-5.597385883331299,-5.553739547729492,-5.510555267333984,-5.466991901397705,-5.423547744750977,-5.379701614379883,-5.336421966552734,-5.292541027069092,-5.249484062194824,-5.206237316131592,-5.163022994995117,-5.119151592254639,-5.074451446533203,-5.030350685119629,-4.986800670623779,-4.943107604980469,-4.899744987487793,-4.855832576751709,-4.812267780303955,-4.768581867218018,-4.725096225738525,-4.681908130645752,-4.6384477615356445,-4.594703197479248,-4.55138635635376,-4.507913112640381,-4.464475154876709,-4.421212196350098,-4.377641201019287,-4.334132194519043,-4.290683269500732,-4.247308254241943,-4.204115390777588,-4.160470485687256,-4.1168622970581055,-4.072743892669678,-4.029098987579346,-3.9857470989227295,-3.9426677227020264,-3.8997230529785156,-3.8580353260040283,-3.8173975944519043,-3.778968095779419,-3.742732048034668,-3.7076430320739746,-3.6714344024658203,-3.6333014965057373,-3.592893362045288,-3.5513675212860107,-3.509597063064575,-3.4690659046173096,-3.4307916164398193,-3.3944032192230225,-3.358828067779541,-3.3227460384368896,-3.284579277038574,-3.2440602779388428,-3.2021806240081787,-3.1594526767730713,-3.115971326828003,-3.0726871490478516,-3.0293612480163574,-2.987776279449463,-2.9474895000457764,-2.9096109867095947,-2.8737685680389404,-2.837801218032837,-2.801518440246582,-2.7633585929870605,-2.723076105117798,-2.6804652214050293,-2.637317419052124,-2.5937979221343994,-2.550257444381714,-2.5066568851470947,-2.463073253631592,-2.419739007949829,-2.376284599304199,-2.3329226970672607,-2.289067268371582,-2.245042324066162,-2.200312376022339,-2.1556527614593506,-2.1109466552734375,-2.070096492767334,-2.032923460006714,-1.9991463422775269,-1.949273943901062,-1.9026169776916504,-1.8558869361877441,-1.8104530572891235,-1.7660948038101196,-1.7226815223693848,-1.6793429851531982,-1.6360901594161987,-1.5928711891174316,-1.5482529401779175,-1.5048620700836182,-1.4611546993255615,-1.4174903631210327,-1.3750160932540894,-1.3324329853057861,-1.2897721529006958,-1.2469642162322998,-1.2030292749404907,-1.1601706743240356,-1.1139780282974243,-1.0703232288360596,-1.0268582105636597,-0.983513355255127,-0.9407529830932617,-0.892082929611206,-0.8460569977760315,-0.8029792904853821,-0.7650448679924011,-0.7227638959884644,-0.6814354062080383,-0.6358439922332764,-0.5875328183174133,-0.5408807992935181,-0.49817410111427307,-0.45732128620147705,-0.4158625900745392,-0.37585458159446716,-0.3277125656604767,-0.2856065034866333,-0.24007701873779297,-0.20036660134792328,-0.15517576038837433,-0.10758998990058899,-0.0609235055744648,-0.0233260840177536,0.020432665944099426,0.06706026941537857,0.11211135238409042,0.15360036492347717,0.18896602094173431,0.22828033566474915,0.2603181004524231,0.30701953172683716,0.36577361822128296,0.41799992322921753,0.45404595136642456,0.4946235418319702,0.5520140528678894,0.5874021649360657,0.6586210131645203,0.7012820839881897,0.8406798839569092,0.8735705614089966,0.9241774082183838,0.9813947677612305,1.0387141704559326,1.10526442527771],"files":["scales.webp"]},"quats":{"files":["quats.webp"]},