{"version":2,"count":675284,"means":{"mins":[-4.652971964264627,-1.5764470173675131,-0.7664124649120502],"maxs":[1.9224668830899758,0.4232279770631719,3.1012682594269805],"files":["means_l.webp","means_u.webp"]},"scales":{"codebook":[-9.998523712158203,-9.956269264221191,-9.90627384185791,-9.856719970703125,-9.810454368591309,-9.763005256652832,-9.71619701385498,-9.66964340209961,-9.62362003326416,-9.578371047973633,-9.532349586486816,-9.489147186279297,-9.443960189819336,-9.395101547241211,-9.348320960998535,-9.304080963134766,-9.256377220153809,-9.207711219787598,-9.16037368774414,-9.113563537597656,-9.067672729492188,-9.022106170654297,-8.976719856262207,-8.930155754089355,-8.88353443145752,-8.83586311340332,-8.789785385131836,-8.743563652038574,-8.697757720947266,-8.650662422180176,-8.60575008392334,-8.558337211608887,-8.510722160339355,-8.464715957641602,-8.41880989074707,-8.374017715454102,-8.330499649047852,-8.29006290435791,-8.252542495727539,-8.214690208435059,-8.175191879272461,-8.134150505065918,-8.090435028076172,-8.044682502746582,-7.999029636383057,-7.95281982421875,-7.906254768371582,-7.860382080078125,-7.814315319061279,-7.76774787902832,-7.721229553222656,-7.6743855476379395,-7.627649307250977,-7.581164360046387,-7.535221099853516,-7.48936653137207,-7.443606376647949,-7.397406578063965,-7.350425720214844,-7.303492546081543,-7.2568159103393555,-7.211074352264404,-7.165076732635498,-7.119203567504883,-7.07282018661499,-7.027469158172607,-6.983919143676758,-6.943432331085205,-6.906251430511475,-6.872586250305176,-6.840043067932129,-6.807488918304443,-6.772964000701904,-6.735266208648682,-6.694390773773193,-6.650867462158203,-6.605876922607422,-6.560018539428711,-6.513734340667725,-6.467660903930664,-6.421374797821045,-6.3754401206970215,-6.329315662384033,-6.283031463623047,-6.237157344818115,-6.191842555999756,-6.147948741912842,-6.106314659118652,-6.067941665649414,-6.032869338989258,-6.000399112701416,-5.968738555908203,-5.935902118682861,-5.89998722076416,-5.8606038093566895,-5.81784200668335,-5.772862434387207,-5.726988792419434,-5.68066930770874,-5.634005069732666,-5.588028907775879,-5.541491985321045,-5.495187759399414,-5.448645114898682,-5.402167320251465,-5.355656623840332,-5.3094868659973145,-5.263108730316162,-5.216269493103027,-5.170109272003174,-5.124003887176514,-5.077917098999023,-5.0314483642578125,-4.985228061676025,-4.9387288093566895,-4.891814231872559,-4.844865322113037,-4.798316478729248,-4.75195837020874,-4.706028938293457,-4.660142421722412,-4.613177299499512,-4.56651496887207,-4.520153522491455,-4.474282264709473,-4.427814483642578,-4.381062030792236,-4.335402011871338,-4.2890543937683105,-4.242424011230469,-4.195769309997559,-4.148661136627197,-4.1025590896606445,-4.056219100952148,-4.009932041168213,-3.9635355472564697,-3.9173386096954346,-3.8701746463775635,-3.8222734928131104,-3.7744336128234863,-3.728956699371338,-3.682889938354492,-3.6370837688446045,-3.592411756515503,-3.546593427658081,-3.5003201961517334,-3.4529647827148438,-3.4065933227539062,-3.35994029045105,-3.312986135482788,-3.2670016288757324,-3.22059965133667,-3.1739466190338135,-3.127690553665161,-3.082548141479492,-3.036120891571045,-2.989149808883667,-2.9408421516418457,-2.8940603733062744,-2.8473644256591797,-2.8011252880096436,-2.7550337314605713,-2.7096433639526367,-2.666848659515381,-2.625647783279419,-2.584665536880493,-2.5461058616638184,-2.507723808288574,-2.4665544033050537,-2.4225642681121826,-2.3775062561035156,-2.333037853240967,-2.2877373695373535,-2.2414848804473877,-2.1959569454193115,-2.1481878757476807,-2.1018431186676025,-2.055854082107544,-2.01082706451416,-1.9655401706695557,-1.9210944175720215,-1.8730825185775757,-1.8268067836761475,-1.7795414924621582,-1.732102632522583,-1.6862788200378418,-1.639374017715454,-1.592897891998291,-1.548032283782959,-1.5015826225280762,-1.4556776285171509,-1.41013503074646,-1.3632760047912598,-1.3157408237457275,-1.2686800956726074,-1.2236695289611816,-1.1754672527313232,-1.1278373003005981,-1.0803381204605103,-1.0342438220977783,-0.9891372323036194,-0.941927433013916,-0.892589271068573,-0.8487926721572876,-0.8013098239898682,-0.752621591091156,-0.7088919878005981,-0.6692216396331787,-0.6265790462493896,-0.5808854699134827,-0.5312942862510681,-0.4816020429134369,-0.43871790170669556,-0.3927672803401947,-0.3408043384552002,-0.2932552099227905,-0.24442607164382935,-0.19794197380542755,-0.14655418694019318,-0.09676878154277802,-0.05505697801709175,-0.016989804804325104,0.02571323700249195,0.07107421010732651,0.12598080933094025,0.17580221593379974,0.22459672391414642,0.26694512367248535,0.3149736523628235,0.35809293389320374,0.40776482224464417,0.4518175423145294,0.4970110058784485,0.5430094003677368,0.5918805599212646,0.6378345489501953,0.6846230626106262,0.7216185927391052,0.7836066484451294,0.8082287907600403,0.8618152141571045,0.9130051136016846,0.9641823172569275,1.0338044166564941,1.0780473947525024,1.1195363998413086,1.1720893383026123,1.1996420621871948,1.2461072206497192,1.2859179973602295,1.3301228284835815,1.382904291152954,1.4327647686004639,1.6147199869155884,1.79021418094635,1.8384716510772705],"files":["scales.webp"]},"quats":{"files":["quats.webp"]},