{"version":2,"count":538084,"means":{"mins":[-2.280771637200684,-7.228998705478439,0.8672127765295117],"maxs":[2.8203831749375383,-3.0123138542519894,7.145737603186056],"files":["means_l.webp","means_u.webp"]},"scales":{"codebook":[-9.998528480529785,-9.942765235900879,-9.889543533325195,-9.833558082580566,-9.777788162231445,-9.726277351379395,-9.674128532409668,-9.620084762573242,-9.569151878356934,-9.517203330993652,-9.463740348815918,-9.407320976257324,-9.353896141052246,-9.30104923248291,-9.248567581176758,-9.194137573242188,-9.139379501342773,-9.084905624389648,-9.031312942504883,-8.978360176086426,-8.925435066223145,-8.872097969055176,-8.818687438964844,-8.765459060668945,-8.711827278137207,-8.65774154663086,-8.6048002243042,-8.551055908203125,-8.496611595153809,-8.442760467529297,-8.390301704406738,-8.337136268615723,-8.283061027526855,-8.229498863220215,-8.176093101501465,-8.12193775177002,-8.067662239074707,-8.014837265014648,-7.961483001708984,-7.907013416290283,-7.852363586425781,-7.798610210418701,-7.745431423187256,-7.69279146194458,-7.639046669006348,-7.585192680358887,-7.532682418823242,-7.480053901672363,-7.426113605499268,-7.371957302093506,-7.317949295043945,-7.2635722160339355,-7.210131645202637,-7.1564178466796875,-7.102205276489258,-7.048712253570557,-6.995298862457275,-6.942636966705322,-6.888803958892822,-6.834959983825684,-6.780712127685547,-6.727207183837891,-6.673781871795654,-6.620918273925781,-6.569159984588623,-6.519163131713867,-6.4727983474731445,-6.427509784698486,-6.38411808013916,-6.339489459991455,-6.292572021484375,-6.241875648498535,-6.190463542938232,-6.137941360473633,-6.084839344024658,-6.0309953689575195,-5.976166725158691,-5.9235711097717285,-5.870285511016846,-5.81632661819458,-5.76256799697876,-5.708466053009033,-5.655973434448242,-5.602365970611572,-5.547926902770996,-5.493124485015869,-5.438753604888916,-5.385289192199707,-5.33193302154541,-5.278116703033447,-5.224967002868652,-5.171667575836182,-5.117641448974609,-5.064470291137695,-5.010713577270508,-4.956156253814697,-4.902795314788818,-4.84827995300293,-4.7935590744018555,-4.7395405769348145,-4.685799598693848,-4.632585525512695,-4.578933238983154,-4.525076389312744,-4.471474647521973,-4.418808460235596,-4.36800479888916,-4.3192853927612305,-4.2733845710754395,-4.229526519775391,-4.185715675354004,-4.140012741088867,-4.091587066650391,-4.041060447692871,-3.9896109104156494,-3.937368154525757,-3.886740207672119,-3.8385138511657715,-3.7931504249572754,-3.750744104385376,-3.7108025550842285,-3.672487497329712,-3.634657144546509,-3.5965659618377686,-3.5583903789520264,-3.519986629486084,-3.4815361499786377,-3.4432597160339355,-3.4045801162719727,-3.3652827739715576,-3.324528455734253,-3.281785726547241,-3.235936403274536,-3.1871578693389893,-3.1369426250457764,-3.087104558944702,-3.039229154586792,-2.9941904544830322,-2.9511008262634277,-2.9092202186584473,-2.8675832748413086,-2.8261022567749023,-2.784651279449463,-2.7417449951171875,-2.6970419883728027,-2.6491518020629883,-2.598144054412842,-2.5454108715057373,-2.493061065673828,-2.439927577972412,-2.3865277767181396,-2.3329644203186035,-2.2793967723846436,-2.226184844970703,-2.173043727874756,-2.118743896484375,-2.064572334289551,-2.010840654373169,-1.9580196142196655,-1.9048198461532593,-1.851006269454956,-1.7974834442138672,-1.7441515922546387,-1.6904382705688477,-1.6369911432266235,-1.583696722984314,-1.5307385921478271,-1.4763424396514893,-1.4216917753219604,-1.368438720703125,-1.3147335052490234,-1.2614943981170654,-1.2091656923294067,-1.1554385423660278,-1.1010470390319824,-1.0451143980026245,-0.991921067237854,-0.9360884428024292,-0.8818584084510803,-0.8306048512458801,-0.7758227586746216,-0.7241525053977966,-0.6681690812110901,-0.6144735813140869,-0.5624198913574219,-0.5125197768211365,-0.46088895201683044,-0.40450185537338257,-0.34979012608528137,-0.29854074120521545,-0.24539628624916077,-0.1866689920425415,-0.13645808398723602,-0.08523862063884735,-0.03318029269576073,0.02238438092172146,0.07947000861167908,0.14145632088184357,0.18801192939281464,0.24083402752876282,0.29590821266174316,0.3550800085067749,0.40235939621925354,0.4538547396659851,0.510162889957428,0.5744460225105286,0.627157986164093,0.6855638027191162,0.7362066507339478,0.7711290717124939,0.8194425106048584,0.8776031136512756,0.941411554813385,0.996435821056366,1.0479460954666138,1.11263906955719,1.156143307685852,1.2129604816436768,1.272774338722229,1.3252142667770386,1.3683356046676636,1.4273169040679932,1.4722763299942017,1.5303723812103271,1.5819965600967407,1.6434037685394287,1.685041069984436,1.757434606552124,1.7917956113815308,1.845543384552002,1.9078843593597412,1.947808027267456,2.1165902614593506,2.1649796962738037,2.237332344055176,2.29459810256958,2.3172295093536377,2.380366086959839,2.4423727989196777,2.486659049987793,2.55381441116333,2.6301841735839844,2.634836435317993,2.712928056716919,2.764488458633423,2.8035526275634766,2.8759825229644775,2.9156880378723145,2.979586601257324,3.013174295425415,3.0836915969848633,3.195019483566284,3.231459856033325,3.3168129920959473,3.4848740100860596,3.6771979331970215],"files":["scales.webp"]},"quats":{"files":["quats.webp"]},