{"version":2,"count":249693,"means":{"mins":[-3.144077165777614,-3.2314521265650873,-2.125718866521612],"maxs":[3.2334885384390413,3.207434199329614,2.1449602612117418],"files":["means_l.webp","means_u.webp"]},"scales":{"codebook":[-9.998612403869629,-9.971485137939453,-9.932328224182129,-9.886500358581543,-9.841309547424316,-9.79676342010498,-9.754559516906738,-9.711610794067383,-9.670048713684082,-9.628031730651855,-9.58533000946045,-9.54582691192627,-9.504643440246582,-9.46290397644043,-9.421331405639648,-9.378984451293945,-9.33711051940918,-9.296029090881348,-9.256516456604004,-9.215864181518555,-9.173995971679688,-9.13204574584961,-9.090229034423828,-9.049520492553711,-9.00778579711914,-8.966946601867676,-8.924577713012695,-8.883919715881348,-8.841971397399902,-8.800882339477539,-8.760765075683594,-8.72000789642334,-8.678681373596191,-8.637556076049805,-8.595491409301758,-8.553468704223633,-8.510080337524414,-8.466531753540039,-8.424980163574219,-8.383515357971191,-8.343564987182617,-8.305238723754883,-8.265222549438477,-8.224018096923828,-8.181498527526855,-8.140170097351074,-8.098346710205078,-8.056808471679688,-8.015336990356445,-7.974081516265869,-7.931466579437256,-7.889606475830078,-7.847027778625488,-7.807188034057617,-7.768508434295654,-7.727815628051758,-7.684915542602539,-7.643255710601807,-7.602497100830078,-7.562760829925537,-7.522575855255127,-7.480407238006592,-7.437692642211914,-7.397552490234375,-7.355095863342285,-7.311985492706299,-7.270935535430908,-7.2293548583984375,-7.1876444816589355,-7.145973205566406,-7.105663776397705,-7.066340923309326,-7.024373531341553,-6.9834675788879395,-6.942141532897949,-6.900666236877441,-6.856740951538086,-6.815637111663818,-6.774284362792969,-6.732651710510254,-6.692593574523926,-6.651066780090332,-6.610090732574463,-6.569944381713867,-6.527534484863281,-6.484635829925537,-6.44314432144165,-6.4024434089660645,-6.360672473907471,-6.320833683013916,-6.280221462249756,-6.238313674926758,-6.196310520172119,-6.15535306930542,-6.11327600479126,-6.0704216957092285,-6.027288436889648,-5.986811637878418,-5.947912693023682,-5.908150672912598,-5.867516040802002,-5.825969219207764,-5.783967018127441,-5.7421875,-5.702009677886963,-5.660712718963623,-5.6188154220581055,-5.576877593994141,-5.534836292266846,-5.492959499359131,-5.450327396392822,-5.409577369689941,-5.368172645568848,-5.32628059387207,-5.283968925476074,-5.242038249969482,-5.200915813446045,-5.160732269287109,-5.1189446449279785,-5.0781941413879395,-5.036801338195801,-4.995635986328125,-4.955024719238281,-4.914241790771484,-4.873789310455322,-4.833488941192627,-4.793552398681641,-4.755317687988281,-4.718651294708252,-4.684462070465088,-4.651490688323975,-4.6171464920043945,-4.580326557159424,-4.541172504425049,-4.500321388244629,-4.458461761474609,-4.416616916656494,-4.375586032867432,-4.3349223136901855,-4.295332908630371,-4.25728702545166,-4.22239351272583,-4.18947172164917,-4.156328201293945,-4.121702671051025,-4.084596633911133,-4.045191287994385,-4.004695892333984,-3.962918996810913,-3.921793222427368,-3.8799779415130615,-3.8387696743011475,-3.797668695449829,-3.7564022541046143,-3.7146248817443848,-3.6723337173461914,-3.6306095123291016,-3.5896592140197754,-3.548419237136841,-3.507810592651367,-3.4665167331695557,-3.424462080001831,-3.3829705715179443,-3.3413755893707275,-3.299912691116333,-3.2589454650878906,-3.218017816543579,-3.176640033721924,-3.135601758956909,-3.094789743423462,-3.0536367893218994,-3.012016534805298,-2.9708168506622314,-2.9299280643463135,-2.8883743286132812,-2.847504138946533,-2.8062782287597656,-2.7652437686920166,-2.723738670349121,-2.6832358837127686,-2.6420745849609375,-2.600524663925171,-2.5593791007995605,-2.518413543701172,-2.4775662422180176,-2.4355781078338623,-2.3940529823303223,-2.353245496749878,-2.312553644180298,-2.2712814807891846,-2.2300167083740234,-2.188993453979492,-2.147209882736206,-2.105949878692627,-2.065598487854004,-2.027552843093872,-1.9926289319992065,-1.9472604990005493,-1.9035557508468628,-1.8615455627441406,-1.81855046749115,-1.776091456413269,-1.7344272136688232,-1.6926344633102417,-1.651362419128418,-1.6100530624389648,-1.5690476894378662,-1.528652310371399,-1.4859403371810913,-1.4416881799697876,-1.400545597076416,-1.359976053237915,-1.3202935457229614,-1.2806733846664429,-1.2384074926376343,-1.1957981586456299,-1.1567827463150024,-1.114949107170105,-1.0740679502487183,-1.0319545269012451,-0.989347517490387,-0.9490029215812683,-0.907526969909668,-0.8653344511985779,-0.8276556134223938,-0.7844968438148499,-0.7427822351455688,-0.7057843208312988,-0.6657230854034424,-0.6268501281738281,-0.5871573686599731,-0.5407840013504028,-0.49216702580451965,-0.44843757152557373,-0.4100314676761627,-0.3727138042449951,-0.331076979637146,-0.28904011845588684,-0.24277496337890625,-0.19913208484649658,-0.1467122733592987,-0.10534601658582687,-0.07531093060970306,-0.042579032480716705,-0.012082856148481369,0.04407534375786781,0.08108443021774292,0.12287570536136627,0.16561777889728546,0.21535636484622955,0.2576705515384674,0.2927592396736145,0.3568074703216553,0.3893474340438843,0.4668840169906616,0.5431020259857178],"files":["scales.webp"]},"quats":{"files":["quats.webp"]},