{"version":2,"count":626715,"means":{"mins":[1.9224779709580178,-3.8921479969724744,-0.941065589676999],"maxs":[2.9077475017712624,-3.4582555063207514,3.0966906043383973],"files":["means_l.webp","means_u.webp"]},"scales":{"codebook":[-9.9987154006958,-9.966492652893066,-9.92103099822998,-9.87735366821289,-9.83471393585205,-9.791960716247559,-9.750303268432617,-9.708151817321777,-9.665349960327148,-9.623373031616211,-9.58281135559082,-9.54141902923584,-9.500130653381348,-9.458357810974121,-9.416383743286133,-9.37484073638916,-9.333633422851562,-9.292234420776367,-9.250428199768066,-9.208390235900879,-9.16689682006836,-9.124591827392578,-9.083502769470215,-9.041752815246582,-9.000125885009766,-8.95860767364502,-8.916366577148438,-8.874484062194824,-8.832300186157227,-8.79054069519043,-8.749022483825684,-8.707347869873047,-8.66575813293457,-8.623867988586426,-8.582239151000977,-8.540611267089844,-8.4995698928833,-8.458088874816895,-8.416353225708008,-8.374804496765137,-8.333148002624512,-8.292247772216797,-8.250597953796387,-8.208463668823242,-8.166888236999512,-8.125129699707031,-8.08391284942627,-8.041426658630371,-7.9994635581970215,-7.956991672515869,-7.916096210479736,-7.874124050140381,-7.832065582275391,-7.790390968322754,-7.7487688064575195,-7.70595645904541,-7.663301467895508,-7.622847080230713,-7.581719398498535,-7.539830207824707,-7.4985127449035645,-7.456777572631836,-7.414871692657471,-7.373810291290283,-7.332310199737549,-7.289901256561279,-7.248316287994385,-7.207068920135498,-7.165882110595703,-7.124363422393799,-7.08260440826416,-7.040113925933838,-6.997744083404541,-6.955841064453125,-6.914312839508057,-6.873095989227295,-6.831924915313721,-6.789981365203857,-6.7479567527771,-6.7066121101379395,-6.664981365203857,-6.623009204864502,-6.58105993270874,-6.539268493652344,-6.49724006652832,-6.455742835998535,-6.413702964782715,-6.371176242828369,-6.329171180725098,-6.287654399871826,-6.246543884277344,-6.204909324645996,-6.16330623626709,-6.121726989746094,-6.080160617828369,-6.038771629333496,-5.997402667999268,-5.956092834472656,-5.9143524169921875,-5.8723368644714355,-5.83074426651001,-5.789166450500488,-5.747720241546631,-5.705878734588623,-5.66431999206543,-5.622741222381592,-5.581230640411377,-5.53978157043457,-5.498016834259033,-5.4562859535217285,-5.414730072021484,-5.372981071472168,-5.331443786621094,-5.289999008178711,-5.248849391937256,-5.208465099334717,-5.169689655303955,-5.133019924163818,-5.098185062408447,-5.063937664031982,-5.029134273529053,-4.992587566375732,-4.954491138458252,-4.915234565734863,-4.876758575439453,-4.8398966789245605,-4.804985523223877,-4.770681381225586,-4.736358642578125,-4.700474262237549,-4.6624908447265625,-4.6226582527160645,-4.581543922424316,-4.540236949920654,-4.4987897872924805,-4.457362174987793,-4.415769577026367,-4.374861240386963,-4.3332319259643555,-4.29123067855835,-4.249139308929443,-4.207446098327637,-4.165493488311768,-4.123619079589844,-4.082192420959473,-4.041040420532227,-4.000065326690674,-3.9580605030059814,-3.9158408641815186,-3.8735361099243164,-3.8321280479431152,-3.7910633087158203,-3.7498884201049805,-3.7084898948669434,-3.6665267944335938,-3.625131368637085,-3.5836963653564453,-3.541896343231201,-3.4997916221618652,-3.457458972930908,-3.415645122528076,-3.3740592002868652,-3.332263946533203,-3.290972948074341,-3.24989914894104,-3.208143711090088,-3.1667237281799316,-3.125173807144165,-3.083261728286743,-3.0414559841156006,-2.9988911151885986,-2.9569387435913086,-2.9142274856567383,-2.872368097305298,-2.8304731845855713,-2.7892258167266846,-2.7494924068450928,-2.70809006690979,-2.6667356491088867,-2.6259207725524902,-2.5858869552612305,-2.5451819896698,-2.5034940242767334,-2.4618515968322754,-2.418076753616333,-2.3747332096099854,-2.3318734169006348,-2.2912092208862305,-2.249791383743286,-2.2087273597717285,-2.169569730758667,-2.1260735988616943,-2.0823378562927246,-2.0405113697052,-2.004103899002075,-1.9601322412490845,-1.9161105155944824,-1.8735582828521729,-1.8331983089447021,-1.7915704250335693,-1.7469748258590698,-1.7045831680297852,-1.6647229194641113,-1.6239089965820312,-1.5843335390090942,-1.54617178440094,-1.5034534931182861,-1.456252098083496,-1.4114075899124146,-1.3684062957763672,-1.326603651046753,-1.2862188816070557,-1.2513741254806519,-1.2087842226028442,-1.1659802198410034,-1.1212077140808105,-1.077815294265747,-1.0401616096496582,-0.9932771325111389,-0.9494101405143738,-0.9074987173080444,-0.870490550994873,-0.8256034255027771,-0.7935059070587158,-0.7460592985153198,-0.7099736332893372,-0.6763625741004944,-0.6157571077346802,-0.5726989507675171,-0.5261879563331604,-0.4890289902687073,-0.46334171295166016,-0.41596323251724243,-0.382051944732666,-0.32727882266044617,-0.2910628914833069,-0.24670295417308807,-0.20445838570594788,-0.1559167504310608,-0.12312097102403641,-0.08449900150299072,-0.05628551170229912,0.012532658874988556,0.0347101129591465,0.08048202097415924,0.13413214683532715,0.17128312587738037,0.21386301517486572,0.27160319685935974,0.3028979003429413,0.32957255840301514,0.37391847372055054,0.45523133873939514,0.49429598450660706,0.5834749937057495,0.6288917064666748],"files":["scales.webp"]},"quats":{"files":["quats.webp"]},