{"version":2,"count":530254,"means":{"mins":[3.2799269555559487,-4.821658338404913,-1.0947889007863307],"maxs":[3.8591628520907504,-4.259231792816837,3.086549063526836],"files":["means_l.webp","means_u.webp"]},"scales":{"codebook":[-9.998724937438965,-9.957180976867676,-9.909379959106445,-9.862071990966797,-9.816311836242676,-9.770408630371094,-9.724465370178223,-9.679221153259277,-9.6331787109375,-9.588165283203125,-9.543167114257812,-9.497306823730469,-9.45203685760498,-9.40597915649414,-9.360109329223633,-9.313789367675781,-9.268457412719727,-9.223599433898926,-9.178523063659668,-9.13255786895752,-9.087236404418945,-9.042119026184082,-8.99625301361084,-8.949514389038086,-8.903107643127441,-8.858012199401855,-8.813071250915527,-8.767955780029297,-8.722193717956543,-8.675873756408691,-8.629607200622559,-8.584432601928711,-8.539027214050293,-8.493088722229004,-8.446743965148926,-8.40157413482666,-8.356234550476074,-8.311111450195312,-8.266082763671875,-8.220687866210938,-8.175881385803223,-8.12907886505127,-8.0816068649292,-8.03552532196045,-7.990928649902344,-7.945409774780273,-7.90083122253418,-7.854763984680176,-7.807915687561035,-7.761983394622803,-7.716821193695068,-7.672156810760498,-7.62661075592041,-7.580225467681885,-7.53356409072876,-7.487300395965576,-7.441464900970459,-7.3952412605285645,-7.349220275878906,-7.304812908172607,-7.259135723114014,-7.213488578796387,-7.16752815246582,-7.121020317077637,-7.076083660125732,-7.031357288360596,-6.986617088317871,-6.942873001098633,-6.902332782745361,-6.863758563995361,-6.826248645782471,-6.788938522338867,-6.750400543212891,-6.708392143249512,-6.665054798126221,-6.619462013244629,-6.573331356048584,-6.52725076675415,-6.481799602508545,-6.436916351318359,-6.392208576202393,-6.347064018249512,-6.30155611038208,-6.25663948059082,-6.211053371429443,-6.165528774261475,-6.120354175567627,-6.074671268463135,-6.02967643737793,-5.986394882202148,-5.9452900886535645,-5.907501697540283,-5.8729753494262695,-5.840926170349121,-5.810163497924805,-5.779204368591309,-5.747625350952148,-5.715041637420654,-5.68098783493042,-5.6452836990356445,-5.607351779937744,-5.566722869873047,-5.523518085479736,-5.47938346862793,-5.434629440307617,-5.389281749725342,-5.343687057495117,-5.298065185546875,-5.251865863800049,-5.205744743347168,-5.160002708435059,-5.114617824554443,-5.068920612335205,-5.023202419281006,-4.977656841278076,-4.932218551635742,-4.8865814208984375,-4.8405866622924805,-4.794833660125732,-4.7488250732421875,-4.70292854309082,-4.657474994659424,-4.611741065979004,-4.5664753913879395,-4.52175235748291,-4.476923942565918,-4.433299541473389,-4.390991687774658,-4.350874423980713,-4.3127593994140625,-4.275370121002197,-4.237062454223633,-4.197397708892822,-4.155272960662842,-4.111115455627441,-4.0666399002075195,-4.023379802703857,-3.9818339347839355,-3.942439079284668,-3.904871702194214,-3.8677213191986084,-3.8292365074157715,-3.7883362770080566,-3.745070219039917,-3.7002792358398438,-3.6551246643066406,-3.6097912788391113,-3.5646421909332275,-3.5192697048187256,-3.473567247390747,-3.427456855773926,-3.381486415863037,-3.3357696533203125,-3.290090799331665,-3.2443745136260986,-3.198535442352295,-3.1530349254608154,-3.107724189758301,-3.06201434135437,-3.0162153244018555,-2.9704947471618652,-2.924744129180908,-2.878605604171753,-2.8330798149108887,-2.787958860397339,-2.7427823543548584,-2.697305917739868,-2.6517090797424316,-2.6053996086120605,-2.559753179550171,-2.5146450996398926,-2.468945264816284,-2.4233877658843994,-2.377324342727661,-2.331895112991333,-2.2863123416900635,-2.2412185668945312,-2.195418119430542,-2.1488358974456787,-2.1010687351226807,-2.054575204849243,-2.0105092525482178,-1.9660520553588867,-1.920229434967041,-1.874650001525879,-1.8292385339736938,-1.7832435369491577,-1.7381638288497925,-1.6924432516098022,-1.6464875936508179,-1.6008871793746948,-1.5564494132995605,-1.511680006980896,-1.4654295444488525,-1.4194769859313965,-1.373920202255249,-1.3282068967819214,-1.2831041812896729,-1.2372138500213623,-1.1921347379684448,-1.146897315979004,-1.1012049913406372,-1.0551718473434448,-1.008373737335205,-0.9631418585777283,-0.917694628238678,-0.8716227412223816,-0.8246715664863586,-0.7790295481681824,-0.7338027358055115,-0.6895560026168823,-0.6432211399078369,-0.5974369049072266,-0.5526868104934692,-0.506504476070404,-0.45899727940559387,-0.4133714437484741,-0.37171220779418945,-0.3285650312900543,-0.2840045094490051,-0.23845697939395905,-0.19213883578777313,-0.14809748530387878,-0.10090993344783783,-0.05443857982754707,-0.009408144280314445,0.03265610337257385,0.0771164521574974,0.1300687938928604,0.1863662451505661,0.23070432245731354,0.26738762855529785,0.3162008821964264,0.36531853675842285,0.4052863121032715,0.4438263475894928,0.4877470135688782,0.5290955901145935,0.5798157453536987,0.6250951290130615,0.6694686412811279,0.716674268245697,0.7667667865753174,0.8318591117858887,0.8720073699951172,0.9068346619606018,0.9606817364692688,0.9963984489440918,1.0478432178497314,1.096529483795166,1.150803565979004,1.3073433637619019,1.4073036909103394,1.4672330617904663,1.4943788051605225,1.6416126489639282],"files":["scales.webp"]},"quats":{"files":["quats.webp"]},