{"version":2,"count":524368,"means":{"mins":[-4.781441294896049,-4.742555636246415,-0.9082863509370331],"maxs":[-3.7653600282195994,-3.462886619726891,3.1194911553365356],"files":["means_l.webp","means_u.webp"]},"scales":{"codebook":[-9.99907112121582,-9.951094627380371,-9.903977394104004,-9.856568336486816,-9.810370445251465,-9.762789726257324,-9.716712951660156,-9.670257568359375,-9.62355899810791,-9.575132369995117,-9.526664733886719,-9.48076057434082,-9.433060646057129,-9.384546279907227,-9.338435173034668,-9.292096138000488,-9.245885848999023,-9.200234413146973,-9.154388427734375,-9.10710334777832,-9.059459686279297,-9.011676788330078,-8.964638710021973,-8.91768741607666,-8.871661186218262,-8.82580280303955,-8.77941608428955,-8.732769012451172,-8.686201095581055,-8.639453887939453,-8.591517448425293,-8.543157577514648,-8.496129989624023,-8.448814392089844,-8.401122093200684,-8.355246543884277,-8.30856990814209,-8.263219833374023,-8.219765663146973,-8.177854537963867,-8.138427734375,-8.100476264953613,-8.060230255126953,-8.019075393676758,-7.976648330688477,-7.932790279388428,-7.885524272918701,-7.839683532714844,-7.791996955871582,-7.743664264678955,-7.696030139923096,-7.648619174957275,-7.601644515991211,-7.555544376373291,-7.508372783660889,-7.461272716522217,-7.41454553604126,-7.3680524826049805,-7.320703983306885,-7.274307727813721,-7.227024078369141,-7.179240703582764,-7.13107967376709,-7.083990573883057,-7.0378828048706055,-6.991360664367676,-6.944406032562256,-6.897287368774414,-6.850545406341553,-6.803576946258545,-6.756226062774658,-6.709493160247803,-6.6626458168029785,-6.6164045333862305,-6.57031774520874,-6.526258945465088,-6.485259056091309,-6.446171760559082,-6.407978057861328,-6.368437767028809,-6.328125953674316,-6.284824848175049,-6.239422798156738,-6.192602634429932,-6.145054817199707,-6.097623825073242,-6.049862384796143,-6.003407955169678,-5.957164764404297,-5.910153865814209,-5.8628082275390625,-5.815547943115234,-5.769540786743164,-5.722881317138672,-5.676372051239014,-5.629634380340576,-5.582620620727539,-5.5356903076171875,-5.488968849182129,-5.442263603210449,-5.395559310913086,-5.348223686218262,-5.300786972045898,-5.253346920013428,-5.206089019775391,-5.159206867218018,-5.112253189086914,-5.065288543701172,-5.0186567306518555,-4.971129894256592,-4.924818515777588,-4.878592491149902,-4.831628322601318,-4.7839202880859375,-4.736785888671875,-4.690159320831299,-4.643163681030273,-4.597088813781738,-4.550411224365234,-4.5032525062561035,-4.456116676330566,-4.408905982971191,-4.361693859100342,-4.31487512588501,-4.268101215362549,-4.2214202880859375,-4.174365997314453,-4.126835823059082,-4.0789642333984375,-4.031407833099365,-3.9840807914733887,-3.9376792907714844,-3.890913486480713,-3.8440663814544678,-3.7974157333374023,-3.7502925395965576,-3.703662633895874,-3.656665086746216,-3.610006093978882,-3.5627639293670654,-3.5151095390319824,-3.4680261611938477,-3.420426845550537,-3.373631238937378,-3.3265912532806396,-3.2798514366149902,-3.2334587574005127,-3.1864171028137207,-3.1391637325286865,-3.091886520385742,-3.0454094409942627,-2.9987752437591553,-2.951648712158203,-2.904927968978882,-2.8583130836486816,-2.811533212661743,-2.7644872665405273,-2.7172231674194336,-2.669773578643799,-2.622685194015503,-2.57599139213562,-2.529442548751831,-2.4825000762939453,-2.4358696937561035,-2.3885324001312256,-2.341049909591675,-2.294127941131592,-2.2468366622924805,-2.2002553939819336,-2.1539359092712402,-2.1097490787506104,-2.068260669708252,-2.031003475189209,-1.9973437786102295,-1.956217885017395,-1.9142400026321411,-1.8710241317749023,-1.8273628950119019,-1.7841095924377441,-1.7426958084106445,-1.7031197547912598,-1.6645936965942383,-1.6258295774459839,-1.584921956062317,-1.5411722660064697,-1.4958415031433105,-1.448629379272461,-1.4023982286453247,-1.3560160398483276,-1.3097556829452515,-1.262758731842041,-1.2148959636688232,-1.1677618026733398,-1.1217576265335083,-1.0755572319030762,-1.0290508270263672,-0.9827200770378113,-0.9357495307922363,-0.888270914554596,-0.8411822319030762,-0.7937179803848267,-0.7464848160743713,-0.6989341378211975,-0.6518761515617371,-0.6055695414543152,-0.5586276054382324,-0.5107118487358093,-0.46488717198371887,-0.4189158082008362,-0.3725718855857849,-0.3241078555583954,-0.2759666442871094,-0.2275477647781372,-0.17786622047424316,-0.12953226268291473,-0.0840115025639534,-0.04083823412656784,0.003846900537610054,0.04977727308869362,0.09861694276332855,0.14628605544567108,0.1940883845090866,0.24028952419757843,0.29129236936569214,0.34079787135124207,0.3842266798019409,0.43009132146835327,0.47871360182762146,0.5225512981414795,0.5686349868774414,0.6163132786750793,0.6566609144210815,0.7040119171142578,0.7599337697029114,0.8116334676742554,0.8617392778396606,0.9032384753227234,0.9503400921821594,0.9955177307128906,1.040448546409607,1.0856943130493164,1.1304714679718018,1.1723666191101074,1.2208970785140991,1.26554274559021,1.3061031103134155,1.4024620056152344,1.459861159324646,1.5107265710830688,1.5337923765182495,1.6018073558807373,1.6338982582092285,1.7194300889968872,1.7435989379882812,1.810109257698059,1.9774270057678223],"files":["scales.webp"]},"quats":{"files":["quats.webp"]},