{"version":2,"count":551167,"means":{"mins":[-2.2807803120446746,-3.4094229774414893,-6.619832210696318],"maxs":[6.684446003487215,-3.0123130100594873,0.867119218392803],"files":["means_l.webp","means_u.webp"]},"scales":{"codebook":[-9.997424125671387,-9.961227416992188,-9.908002853393555,-9.85482406616211,-9.802300453186035,-9.750500679016113,-9.698594093322754,-9.64778995513916,-9.598053932189941,-9.548254013061523,-9.49907398223877,-9.448600769042969,-9.399182319641113,-9.349542617797852,-9.299521446228027,-9.250372886657715,-9.202821731567383,-9.157340049743652,-9.114288330078125,-9.073962211608887,-9.036640167236328,-8.999555587768555,-8.962077140808105,-8.923724174499512,-8.882983207702637,-8.840737342834473,-8.796298027038574,-8.748229026794434,-8.699023246765137,-8.649528503417969,-8.598713874816895,-8.54882526397705,-8.49901008605957,-8.44975471496582,-8.400696754455566,-8.35307502746582,-8.308135032653809,-8.265789985656738,-8.224549293518066,-8.183752059936523,-8.141317367553711,-8.095602989196777,-8.047386169433594,-7.997197151184082,-7.9477949142456055,-7.89710807800293,-7.8466572761535645,-7.79678201675415,-7.747557163238525,-7.69819450378418,-7.648550987243652,-7.598676681518555,-7.5478739738464355,-7.496859550476074,-7.4465837478637695,-7.396675109863281,-7.346406936645508,-7.2960968017578125,-7.245646953582764,-7.194954872131348,-7.145331382751465,-7.096957683563232,-7.050795555114746,-7.006592273712158,-6.963987350463867,-6.921792030334473,-6.878456115722656,-6.832665920257568,-6.7871994972229,-6.743462562561035,-6.703518867492676,-6.6678056716918945,-6.6361494064331055,-6.607448101043701,-6.579972267150879,-6.553014755249023,-6.526184558868408,-6.498912811279297,-6.470508098602295,-6.439552307128906,-6.405634880065918,-6.368454456329346,-6.329172134399414,-6.287245750427246,-6.243011474609375,-6.1955671310424805,-6.146327495574951,-6.0959553718566895,-6.045267581939697,-5.995251655578613,-5.946295738220215,-5.900301456451416,-5.856324672698975,-5.8144354820251465,-5.774293422698975,-5.7343878746032715,-5.694853782653809,-5.6564531326293945,-5.620764255523682,-5.587839126586914,-5.556177139282227,-5.524256706237793,-5.49043083190918,-5.455479145050049,-5.420596122741699,-5.387274265289307,-5.354954242706299,-5.323627471923828,-5.292230606079102,-5.259596347808838,-5.224792003631592,-5.188808917999268,-5.152694225311279,-5.118018627166748,-5.085659980773926,-5.054292678833008,-5.023253440856934,-4.9908318519592285,-4.958914756774902,-4.928692817687988,-4.9001569747924805,-4.872461795806885,-4.8435845375061035,-4.811700820922852,-4.77604866027832,-4.7367072105407715,-4.695533752441406,-4.654991149902344,-4.617332935333252,-4.583346366882324,-4.55111837387085,-4.518030166625977,-4.481642723083496,-4.440395355224609,-4.395691394805908,-4.348701477050781,-4.301913738250732,-4.2570013999938965,-4.214186191558838,-4.173166751861572,-4.1320343017578125,-4.089425086975098,-4.04410982131958,-3.9965593814849854,-3.9474401473999023,-3.8970820903778076,-3.8462162017822266,-3.7958266735076904,-3.7461979389190674,-3.6961469650268555,-3.646289110183716,-3.596031665802002,-3.5460729598999023,-3.4959821701049805,-3.446592092514038,-3.3991353511810303,-3.3540968894958496,-3.3105735778808594,-3.270500898361206,-3.232682466506958,-3.1957242488861084,-3.1586110591888428,-3.1203649044036865,-3.080531358718872,-3.0371034145355225,-2.9904651641845703,-2.9428043365478516,-2.8925487995147705,-2.843306064605713,-2.7936906814575195,-2.7433300018310547,-2.69291615486145,-2.6426987648010254,-2.5940229892730713,-2.5455853939056396,-2.4997048377990723,-2.456739664077759,-2.41670823097229,-2.3767471313476562,-2.33506178855896,-2.2910830974578857,-2.245220184326172,-2.197234630584717,-2.1465275287628174,-2.094790458679199,-2.042994737625122,-1.994006633758545,-1.944463849067688,-1.8940075635910034,-1.8447058200836182,-1.794093370437622,-1.7440180778503418,-1.6938961744308472,-1.6446201801300049,-1.5906881093978882,-1.5417635440826416,-1.4928545951843262,-1.4427471160888672,-1.392173171043396,-1.3382529020309448,-1.2879167795181274,-1.2405502796173096,-1.1914730072021484,-1.1435937881469727,-1.0967732667922974,-1.0485312938690186,-0.9908661842346191,-0.9415731430053711,-0.8979191780090332,-0.8470863699913025,-0.7958436608314514,-0.7413065433502197,-0.6924118995666504,-0.6437090039253235,-0.5917048454284668,-0.5396624803543091,-0.4915609359741211,-0.4441383183002472,-0.39832833409309387,-0.35054248571395874,-0.30252400040626526,-0.24466927349567413,-0.19013288617134094,-0.15123829245567322,-0.10996724665164948,-0.06669435650110245,-0.022009672597050667,0.04146305471658707,0.11952700465917587,0.16566766798496246,0.2035268247127533,0.26233771443367004,0.32233935594558716,0.3641001582145691,0.38750582933425903,0.470364511013031,0.5061035752296448,0.5591530203819275,0.5938480496406555,0.6979758739471436,0.7724374532699585,0.819036602973938,0.8506804704666138,0.9976195096969604,1.137794017791748,1.2830854654312134,1.6037912368774414,1.7594525814056396,1.8127975463867188,1.8510148525238037,1.910609483718872,2.056544542312622,2.1057050228118896,2.2273497581481934,2.462615489959717,2.7626616954803467],"files":["scales.webp"]},"quats":{"files":["quats.webp"]},