{"version":2,"count":534073,"means":{"mins":[-0.4710421254401541,-3.0113193705650474,-6.768754997153521],"maxs":[5.565063496099025,-0.9616602625060291,-0.8662777534927996],"files":["means_l.webp","means_u.webp"]},"scales":{"codebook":[-9.997831344604492,-9.958216667175293,-9.906637191772461,-9.855496406555176,-9.805802345275879,-9.755247116088867,-9.706209182739258,-9.657800674438477,-9.608665466308594,-9.5603666305542,-9.512009620666504,-9.464655876159668,-9.415757179260254,-9.36780071258545,-9.318856239318848,-9.270262718200684,-9.22130012512207,-9.173309326171875,-9.125056266784668,-9.076180458068848,-9.028264045715332,-8.979151725769043,-8.930268287658691,-8.88169002532959,-8.833576202392578,-8.784595489501953,-8.73786449432373,-8.689851760864258,-8.639711380004883,-8.59028148651123,-8.542130470275879,-8.494248390197754,-8.445464134216309,-8.397574424743652,-8.348193168640137,-8.299997329711914,-8.251087188720703,-8.201617240905762,-8.15196704864502,-8.103652954101562,-8.057842254638672,-8.013473510742188,-7.971819877624512,-7.93206787109375,-7.8923659324646,-7.851503372192383,-7.80747127532959,-7.761260509490967,-7.714731216430664,-7.668604373931885,-7.623473167419434,-7.5800886154174805,-7.539496898651123,-7.499838829040527,-7.46019983291626,-7.418462753295898,-7.376101493835449,-7.333556652069092,-7.293594837188721,-7.254372596740723,-7.214602947235107,-7.1732563972473145,-7.12827205657959,-7.082499027252197,-7.035111904144287,-6.9868974685668945,-6.938318729400635,-6.891965866088867,-6.849091053009033,-6.811836242675781,-6.780858039855957,-6.7563910484313965,-6.737057685852051,-6.719919204711914,-6.701827049255371,-6.680410385131836,-6.65460729598999,-6.623164653778076,-6.5866498947143555,-6.545546531677246,-6.501713275909424,-6.456732273101807,-6.412252902984619,-6.369964599609375,-6.330445766448975,-6.293633460998535,-6.2573676109313965,-6.221434116363525,-6.184798717498779,-6.147899150848389,-6.1112871170043945,-6.075011253356934,-6.041720867156982,-6.011880874633789,-5.985056400299072,-5.959173679351807,-5.932039737701416,-5.9023966789245605,-5.870983600616455,-5.839320659637451,-5.80991792678833,-5.7835469245910645,-5.759823322296143,-5.7372918128967285,-5.714221000671387,-5.689523696899414,-5.663120746612549,-5.635903835296631,-5.6086201667785645,-5.58242654800415,-5.55718994140625,-5.531836986541748,-5.505563735961914,-5.477357864379883,-5.448091506958008,-5.41786527633667,-5.387894630432129,-5.358702182769775,-5.330981731414795,-5.304561614990234,-5.27871036529541,-5.252593517303467,-5.225734710693359,-5.1972527503967285,-5.1661376953125,-5.132609844207764,-5.097503662109375,-5.062777996063232,-5.029933929443359,-4.9991607666015625,-4.9696455001831055,-4.940215587615967,-4.90956449508667,-4.877874374389648,-4.845161437988281,-4.812807559967041,-4.781531810760498,-4.752161026000977,-4.726122856140137,-4.703854560852051,-4.685543537139893,-4.66963005065918,-4.653954982757568,-4.636261463165283,-4.6134185791015625,-4.584220886230469,-4.548366069793701,-4.50678825378418,-4.461871147155762,-4.4152092933654785,-4.367818355560303,-4.319992542266846,-4.271589756011963,-4.224414825439453,-4.178322792053223,-4.13535737991333,-4.095479488372803,-4.05858039855957,-4.024420738220215,-3.990900993347168,-3.955535411834717,-3.917144298553467,-3.875643491744995,-3.831650733947754,-3.786890983581543,-3.742631673812866,-3.6994659900665283,-3.6575307846069336,-3.617755889892578,-3.577742576599121,-3.5357155799865723,-3.4910712242126465,-3.4444222450256348,-3.3971221446990967,-3.3482580184936523,-3.2997429370880127,-3.2507872581481934,-3.2020177841186523,-3.1536638736724854,-3.1052210330963135,-3.0585970878601074,-3.0144448280334473,-2.9719386100769043,-2.9305500984191895,-2.8917577266693115,-2.8511266708374023,-2.807692527770996,-2.762643337249756,-2.714012384414673,-2.667611598968506,-2.6183626651763916,-2.568793773651123,-2.5223774909973145,-2.474701166152954,-2.425436496734619,-2.3765342235565186,-2.329667091369629,-2.281219482421875,-2.232060670852661,-2.1833174228668213,-2.1377527713775635,-2.089573621749878,-2.043897867202759,-2.001434326171875,-1.9489082098007202,-1.893515944480896,-1.8414396047592163,-1.791728138923645,-1.745980143547058,-1.6970784664154053,-1.6509342193603516,-1.5998040437698364,-1.5493336915969849,-1.5037412643432617,-1.4549919366836548,-1.4055852890014648,-1.3574391603469849,-1.3040574789047241,-1.2582225799560547,-1.213760256767273,-1.167015790939331,-1.1247928142547607,-1.0715476274490356,-1.0150494575500488,-0.9632553458213806,-0.9266184568405151,-0.8765124678611755,-0.8198379874229431,-0.7774878740310669,-0.7354694604873657,-0.68359375,-0.6447226405143738,-0.5965895652770996,-0.5406879186630249,-0.5033332109451294,-0.45085689425468445,-0.39422333240509033,-0.33661505579948425,-0.2853555381298065,-0.2255413979291916,-0.18544374406337738,-0.14248380064964294,-0.10934127867221832,-0.05784911289811134,0.014465631917119026,0.07375351339578629,0.10235297679901123,0.17428062856197357,0.25693148374557495,0.39412039518356323,1.3795665502548218,1.401773452758789,1.4400891065597534,1.9250787496566772,2.277944326400757,2.386066436767578],"files":["scales.webp"]},"quats":{"files":["quats.webp"]},