{"version":2,"count":528023,"means":{"mins":[-2.537700080596004,2.7682353330705167,-1.2776590817875835],"maxs":[3.1588964749749966,3.2857909370940375,3.0338019181580367],"files":["means_l.webp","means_u.webp"]},"scales":{"codebook":[-9.998945236206055,-9.954347610473633,-9.911209106445312,-9.86403751373291,-9.819910049438477,-9.77722454071045,-9.734663009643555,-9.691322326660156,-9.647418022155762,-9.601919174194336,-9.55942153930664,-9.52093505859375,-9.4840087890625,-9.449214935302734,-9.414515495300293,-9.376408576965332,-9.337996482849121,-9.296672821044922,-9.252939224243164,-9.208767890930176,-9.16530704498291,-9.121582984924316,-9.079204559326172,-9.035868644714355,-8.9931640625,-8.949382781982422,-8.904717445373535,-8.860252380371094,-8.816102027893066,-8.771146774291992,-8.726486206054688,-8.681702613830566,-8.637763023376465,-8.594648361206055,-8.552085876464844,-8.508515357971191,-8.464174270629883,-8.42065715789795,-8.377115249633789,-8.334982872009277,-8.29161262512207,-8.248353004455566,-8.20391845703125,-8.159427642822266,-8.11582088470459,-8.071525573730469,-8.026031494140625,-7.981401443481445,-7.937763214111328,-7.894692897796631,-7.851497650146484,-7.807640075683594,-7.763790130615234,-7.720625400543213,-7.676578521728516,-7.632713317871094,-7.5885138511657715,-7.544504165649414,-7.500313758850098,-7.456043720245361,-7.412290573120117,-7.369212627410889,-7.326516628265381,-7.282345771789551,-7.237260818481445,-7.193447589874268,-7.1496357917785645,-7.105644702911377,-7.061616897583008,-7.018133640289307,-6.973690986633301,-6.929358005523682,-6.885622501373291,-6.841375827789307,-6.797764301300049,-6.755035877227783,-6.71121072769165,-6.667520046234131,-6.623674392700195,-6.5799102783203125,-6.535576343536377,-6.491872310638428,-6.447957515716553,-6.404465198516846,-6.360533237457275,-6.316681385040283,-6.273388862609863,-6.230058670043945,-6.185989856719971,-6.14191198348999,-6.097898960113525,-6.053886890411377,-6.010298728942871,-5.966836929321289,-5.923242568969727,-5.879699230194092,-5.836146831512451,-5.793600559234619,-5.753007411956787,-5.714211940765381,-5.67768669128418,-5.641853332519531,-5.605276584625244,-5.566580295562744,-5.525967597961426,-5.483448028564453,-5.440042495727539,-5.39706563949585,-5.35396671295166,-5.310657978057861,-5.266818046569824,-5.222989082336426,-5.178724765777588,-5.134990215301514,-5.0914387702941895,-5.047366619110107,-5.003683090209961,-4.9597578048706055,-4.916295051574707,-4.8725385665893555,-4.828609466552734,-4.7847466468811035,-4.741034984588623,-4.696928024291992,-4.652854919433594,-4.609291076660156,-4.566096782684326,-4.522606372833252,-4.479008674621582,-4.435042858123779,-4.391055107116699,-4.3469719886779785,-4.303250789642334,-4.259396553039551,-4.21588659286499,-4.172356605529785,-4.128512859344482,-4.084017276763916,-4.039576053619385,-3.9963464736938477,-3.952862024307251,-3.9090662002563477,-3.864839792251587,-3.820894718170166,-3.77685284614563,-3.732936143875122,-3.689626693725586,-3.646054267883301,-3.6022160053253174,-3.557488441467285,-3.51336669921875,-3.469714879989624,-3.4259085655212402,-3.3817505836486816,-3.3380579948425293,-3.2944517135620117,-3.251077175140381,-3.2073965072631836,-3.1637959480285645,-3.1195342540740967,-3.0762035846710205,-3.034979820251465,-2.9957497119903564,-2.958817481994629,-2.9232022762298584,-2.8866708278656006,-2.849032163619995,-2.8085007667541504,-2.767101526260376,-2.724073648452759,-2.6806447505950928,-2.637176752090454,-2.5936529636383057,-2.5494446754455566,-2.505845069885254,-2.462531089782715,-2.41957688331604,-2.375394582748413,-2.330963611602783,-2.287285804748535,-2.243579387664795,-2.2000911235809326,-2.155683755874634,-2.1115548610687256,-2.069010019302368,-2.0263850688934326,-1.9856914281845093,-1.9403833150863647,-1.8953412771224976,-1.850224494934082,-1.8058079481124878,-1.7616080045700073,-1.7173513174057007,-1.674288272857666,-1.631168007850647,-1.5875569581985474,-1.544252872467041,-1.5014283657073975,-1.4572741985321045,-1.4124901294708252,-1.3689069747924805,-1.3248234987258911,-1.2790154218673706,-1.2368128299713135,-1.193630337715149,-1.1506869792938232,-1.1072455644607544,-1.0630464553833008,-1.017746090888977,-0.9742404222488403,-0.9297540187835693,-0.883620023727417,-0.8388381600379944,-0.7962805032730103,-0.7550286054611206,-0.7117501497268677,-0.6694620847702026,-0.6248077154159546,-0.5804994702339172,-0.5367859601974487,-0.4939061105251312,-0.4469665586948395,-0.406216561794281,-0.36160188913345337,-0.31298622488975525,-0.27566444873809814,-0.23561064898967743,-0.18842026591300964,-0.14398398995399475,-0.09952965378761292,-0.05328359827399254,-0.002788947895169258,0.03802267089486122,0.07166653126478195,0.11672874540090561,0.17150086164474487,0.21324655413627625,0.25455954670906067,0.30107396841049194,0.3458774983882904,0.38772130012512207,0.42464500665664673,0.47788965702056885,0.5155644416809082,0.5463877320289612,0.6197370290756226,0.6545436978340149,0.6921358108520508,0.7769585847854614,0.8167014718055725,0.8571081757545471,0.8926809430122375,1.053795337677002,1.0940558910369873,1.1500800848007202,1.1765724420547485],"files":["scales.webp"]},"quats":{"files":["quats.webp"]},