{"version":2,"count":524809,"means":{"mins":[-6.874371171534097,-5.682219149070177,-4.750003013781882],"maxs":[3.2855028322775577,-2.7325820872708433,-4.09511966255174],"files":["means_l.webp","means_u.webp"]},"scales":{"codebook":[-10,-9.922369956970215,-9.901350021362305,-7.755586624145508,-7.191838264465332,-7.122708797454834,-6.927938938140869,-6.738168716430664,-6.531826019287109,-6.461115837097168,-6.2582268714904785,-6.244404315948486,-6.137654781341553,-6.066393852233887,-5.915334224700928,-5.858469486236572,-5.784127235412598,-5.668155670166016,-5.635956764221191,-5.577006816864014,-5.564246654510498,-5.470125675201416,-5.455930233001709,-5.384106636047363,-5.356265544891357,-5.304296493530273,-5.2315168380737305,-5.169686317443848,-5.09915828704834,-5.054301738739014,-5.0390167236328125,-5.022546291351318,-4.968252182006836,-4.909222602844238,-4.854254722595215,-4.775119304656982,-4.738754749298096,-4.683833599090576,-4.630212306976318,-4.57594108581543,-4.532119274139404,-4.481274127960205,-4.441740989685059,-4.408242702484131,-4.364354610443115,-4.315589904785156,-4.2578325271606445,-4.202749729156494,-4.151245594024658,-4.0931878089904785,-4.034670352935791,-3.990485906600952,-3.9627158641815186,-3.930312395095825,-3.8870368003845215,-3.8373348712921143,-3.7927935123443604,-3.754258871078491,-3.706838607788086,-3.6591508388519287,-3.607255458831787,-3.555135488510132,-3.5084152221679688,-3.476250648498535,-3.4505810737609863,-3.4254751205444336,-3.4072232246398926,-3.387272596359253,-3.36368727684021,-3.340658187866211,-3.3110430240631104,-3.2800662517547607,-3.243401050567627,-3.193159818649292,-3.1418609619140625,-3.104887008666992,-3.073132038116455,-3.0440800189971924,-3.013596296310425,-2.987867832183838,-2.9683852195739746,-2.9516096115112305,-2.932197332382202,-2.903092622756958,-2.864487648010254,-2.825936794281006,-2.7907235622406006,-2.7667813301086426,-2.7458689212799072,-2.7260491847991943,-2.709468126296997,-2.695770025253296,-2.683875322341919,-2.6696059703826904,-2.6558127403259277,-2.6433255672454834,-2.631275177001953,-2.6173393726348877,-2.60563588142395,-2.5937325954437256,-2.57989501953125,-2.5567922592163086,-2.5294008255004883,-2.5042359828948975,-2.480484962463379,-2.458864688873291,-2.4427924156188965,-2.426396608352661,-2.406388759613037,-2.3843185901641846,-2.360318899154663,-2.3329203128814697,-2.3040924072265625,-2.280165672302246,-2.2568655014038086,-2.2261953353881836,-2.1909515857696533,-2.159086227416992,-2.131500482559204,-2.107645034790039,-2.0814876556396484,-2.05196475982666,-2.020437002182007,-1.9842345714569092,-1.9449163675308228,-1.9001024961471558,-1.857343077659607,-1.8164550065994263,-1.7803188562393188,-1.749277114868164,-1.723048448562622,-1.703451156616211,-1.6883424520492554,-1.6752606630325317,-1.664243221282959,-1.6518183946609497,-1.6374062299728394,-1.6187211275100708,-1.5954986810684204,-1.5679491758346558,-1.540003776550293,-1.5147886276245117,-1.4936025142669678,-1.4754565954208374,-1.45962655544281,-1.4434772729873657,-1.4227826595306396,-1.3961273431777954,-1.3661495447158813,-1.3319402933120728,-1.2932288646697998,-1.2519885301589966,-1.2100459337234497,-1.169989824295044,-1.1330387592315674,-1.0984416007995605,-1.0656543970108032,-1.0347601175308228,-1.0064823627471924,-0.9813292622566223,-0.9589048027992249,-0.937670886516571,-0.9167109131813049,-0.8942193388938904,-0.8700107932090759,-0.8436436057090759,-0.8157009482383728,-0.7876296043395996,-0.7594379186630249,-0.7310665845870972,-0.7006199955940247,-0.667394757270813,-0.6317118406295776,-0.5945975184440613,-0.5559706687927246,-0.5159143805503845,-0.4777403473854065,-0.44355863332748413,-0.4137435555458069,-0.3859523832798004,-0.35818788409233093,-0.3285124599933624,-0.29733604192733765,-0.26453015208244324,-0.23094581067562103,-0.1970931440591812,-0.1623496562242508,-0.12627270817756653,-0.09033357352018356,-0.05556472763419151,-0.021869663149118423,0.010150779038667679,0.04136873781681061,0.07349854707717896,0.10858485847711563,0.1486455500125885,0.1937739998102188,0.24309813976287842,0.2939833998680115,0.34513863921165466,0.3968914747238159,0.44762665033340454,0.49657538533210754,0.5436245203018188,0.588313102722168,0.6322092413902283,0.6778983473777771,0.7254065871238708,0.7764425873756409,0.8274270296096802,0.8767046928405762,0.924726665019989,0.9680727124214172,1.0068576335906982,1.043798565864563,1.0782055854797363,1.1143800020217896,1.1554501056671143,1.205491065979004,1.258341908454895,1.3093007802963257,1.3580119609832764,1.412451982498169,1.4686548709869385,1.5267847776412964,1.5817195177078247,1.6302796602249146,1.6798092126846313,1.737412691116333,1.7974599599838257,1.855502724647522,1.903799295425415,1.9551639556884766,2.0128567218780518,2.06732177734375,2.114236354827881,2.172027826309204,2.230898857116699,2.2780051231384277,2.3388960361480713,2.3999531269073486,2.44973087310791,2.495772361755371,2.549631118774414,2.600400924682617,2.6494760513305664,2.713489532470703,2.756101369857788,2.8268229961395264,2.856933116912842,2.928190231323242,2.960787296295166,3.188725233078003,3.5259366035461426,3.6098239421844482,3.67441725730896],"files":["scales.webp"]},"quats":{"files":["quats.webp"]},