{"version":2,"count":531369,"means":{"mins":[-4.22582883350786,-4.599292349600514,-1.2931652800601017],"maxs":[-2.5384223948815854,-3.462854759294947,3.0524514663133013],"files":["means_l.webp","means_u.webp"]},"scales":{"codebook":[-9.999573707580566,-9.971975326538086,-9.940011024475098,-9.902466773986816,-9.861772537231445,-9.818347930908203,-9.772956848144531,-9.727917671203613,-9.683652877807617,-9.639922142028809,-9.595224380493164,-9.549285888671875,-9.504240036010742,-9.459305763244629,-9.414031028747559,-9.368043899536133,-9.322339057922363,-9.277871131896973,-9.232812881469727,-9.188066482543945,-9.141199111938477,-9.095625877380371,-9.050724983215332,-9.00551986694336,-8.959967613220215,-8.915878295898438,-8.871005058288574,-8.826228141784668,-8.781205177307129,-8.73521614074707,-8.690844535827637,-8.645718574523926,-8.600226402282715,-8.554808616638184,-8.50973129272461,-8.464316368103027,-8.418852806091309,-8.37340259552002,-8.32837200164795,-8.283893585205078,-8.239401817321777,-8.193798065185547,-8.147119522094727,-8.101118087768555,-8.05582046508789,-8.009739875793457,-7.965283393859863,-7.921417713165283,-7.877845287322998,-7.8331522941589355,-7.788211345672607,-7.743357181549072,-7.698274612426758,-7.652694225311279,-7.606842994689941,-7.5616230964660645,-7.516671657562256,-7.471992492675781,-7.427504539489746,-7.381454944610596,-7.336429595947266,-7.291529178619385,-7.245619773864746,-7.20012092590332,-7.155200481414795,-7.109678745269775,-7.064870357513428,-7.019983768463135,-6.9756999015808105,-6.930581092834473,-6.884828567504883,-6.838616371154785,-6.793694972991943,-6.748903751373291,-6.702786445617676,-6.657736301422119,-6.612773418426514,-6.567931175231934,-6.522671699523926,-6.478155136108398,-6.432559967041016,-6.38709020614624,-6.341488838195801,-6.2960286140441895,-6.2516865730285645,-6.207684516906738,-6.163081645965576,-6.117564678192139,-6.0732293128967285,-6.031179904937744,-5.9909162521362305,-5.952920913696289,-5.916451930999756,-5.879127025604248,-5.839638710021973,-5.7979350090026855,-5.754972457885742,-5.710928916931152,-5.665717124938965,-5.620929718017578,-5.5763115882873535,-5.531344413757324,-5.486181735992432,-5.440937042236328,-5.396373748779297,-5.352701187133789,-5.3106865882873535,-5.270879745483398,-5.2334160804748535,-5.196770191192627,-5.158881664276123,-5.118910789489746,-5.077445030212402,-5.034148693084717,-4.989471912384033,-4.943924427032471,-4.89857292175293,-4.853522777557373,-4.808619976043701,-4.763489246368408,-4.7185797691345215,-4.67376708984375,-4.62905740737915,-4.584268093109131,-4.538912773132324,-4.493602275848389,-4.4485249519348145,-4.403766632080078,-4.358294486999512,-4.312829971313477,-4.267764091491699,-4.222660064697266,-4.17739725112915,-4.132230758666992,-4.087432861328125,-4.042197227478027,-3.9965827465057373,-3.951768398284912,-3.9069371223449707,-3.862318515777588,-3.8170714378356934,-3.7719955444335938,-3.726534366607666,-3.681286334991455,-3.6358842849731445,-3.5905768871307373,-3.545409917831421,-3.5002222061157227,-3.455634117126465,-3.4105851650238037,-3.3654489517211914,-3.3198561668395996,-3.2745630741119385,-3.2295615673065186,-3.1843440532684326,-3.139984369277954,-3.0953209400177,-3.0497522354125977,-3.0045154094696045,-2.9594290256500244,-2.914182186126709,-2.869590997695923,-2.8243441581726074,-2.7783713340759277,-2.7328567504882812,-2.6882102489471436,-2.6434826850891113,-2.598834276199341,-2.554140090942383,-2.509355068206787,-2.4639291763305664,-2.4182419776916504,-2.3729240894317627,-2.327928304672241,-2.2827579975128174,-2.237610101699829,-2.1914544105529785,-2.144944667816162,-2.098895788192749,-2.0531468391418457,-2.0098695755004883,-1.966401219367981,-1.9215599298477173,-1.8766083717346191,-1.831097960472107,-1.7861173152923584,-1.740946650505066,-1.6960875988006592,-1.6502964496612549,-1.6062071323394775,-1.5615397691726685,-1.5161303281784058,-1.4712443351745605,-1.4269287586212158,-1.3811452388763428,-1.3344756364822388,-1.2891416549682617,-1.2454943656921387,-1.2021130323410034,-1.1577627658843994,-1.1124995946884155,-1.067894697189331,-1.0216675996780396,-0.9759510159492493,-0.9305916428565979,-0.8879162073135376,-0.8438570499420166,-0.8003167510032654,-0.7545061111450195,-0.7071132659912109,-0.6590381860733032,-0.6124074459075928,-0.5687437653541565,-0.5239656567573547,-0.4799572229385376,-0.43640074133872986,-0.3887689411640167,-0.34625181555747986,-0.3010782301425934,-0.2558201849460602,-0.2075350433588028,-0.1635022759437561,-0.1175146996974945,-0.07193167507648468,-0.02870091423392296,0.020913036540150642,0.06570814549922943,0.10807210952043533,0.152277410030365,0.19907863438129425,0.238416850566864,0.28349214792251587,0.3292824327945709,0.37656378746032715,0.4265408515930176,0.47682133316993713,0.5255901217460632,0.5601955652236938,0.6010491251945496,0.63825923204422,0.68974769115448,0.7406503558158875,0.7881168127059937,0.83609539270401,0.8739294409751892,0.9092378616333008,0.9473550319671631,0.9982607960700989,1.0546513795852661,1.094178557395935,1.1496706008911133,1.1897386312484741,1.2389408349990845,1.3762964010238647,1.4219075441360474,1.5100890398025513],"files":["scales.webp"]},"quats":{"files":["quats.webp"]},