{"version":2,"count":629190,"means":{"mins":[3.0245968933273475,-4.821651764011799,-1.0940082146119958],"maxs":[4.5907772468316255,-4.171573408693005,3.3588337239681976],"files":["means_l.webp","means_u.webp"]},"scales":{"codebook":[-9.998642921447754,-9.96163558959961,-9.913984298706055,-9.864325523376465,-9.815576553344727,-9.768573760986328,-9.72314453125,-9.677054405212402,-9.63007926940918,-9.584354400634766,-9.538711547851562,-9.492021560668945,-9.445323944091797,-9.399053573608398,-9.353307723999023,-9.307785034179688,-9.262136459350586,-9.21567153930664,-9.170530319213867,-9.125076293945312,-9.079204559326172,-9.032682418823242,-8.98552417755127,-8.939224243164062,-8.892148971557617,-8.846281051635742,-8.800211906433105,-8.754183769226074,-8.708483695983887,-8.662622451782227,-8.61575984954834,-8.569674491882324,-8.523887634277344,-8.478304862976074,-8.433037757873535,-8.385787010192871,-8.33903694152832,-8.29283332824707,-8.24710464477539,-8.200806617736816,-8.154092788696289,-8.107897758483887,-8.062783241271973,-8.016606330871582,-7.97026252746582,-7.924163818359375,-7.877012729644775,-7.830530643463135,-7.784152030944824,-7.738760471343994,-7.692936420440674,-7.646608352661133,-7.599854469299316,-7.553753852844238,-7.507242202758789,-7.461311340332031,-7.415390968322754,-7.369454860687256,-7.322996616363525,-7.277822971343994,-7.23158597946167,-7.186073303222656,-7.139917373657227,-7.093746662139893,-7.04695463180542,-7.002196788787842,-6.956970691680908,-6.914246559143066,-6.874270915985107,-6.837094306945801,-6.799773216247559,-6.760165691375732,-6.719364166259766,-6.675992488861084,-6.631752967834473,-6.585855484008789,-6.53994607925415,-6.494326114654541,-6.448808193206787,-6.402462005615234,-6.355254650115967,-6.309347629547119,-6.263677597045898,-6.218006134033203,-6.172036170959473,-6.125309467315674,-6.079054355621338,-6.031980991363525,-5.985570907592773,-5.940052509307861,-5.894107818603516,-5.8478264808654785,-5.802056789398193,-5.75642204284668,-5.71060037612915,-5.664873123168945,-5.618348598480225,-5.572455406188965,-5.52678108215332,-5.483033180236816,-5.4412455558776855,-5.4014716148376465,-5.363452434539795,-5.325503349304199,-5.286149501800537,-5.244877815246582,-5.201083183288574,-5.155770778656006,-5.109920501708984,-5.064323902130127,-5.0186262130737305,-4.972217559814453,-4.9262614250183105,-4.880613327026367,-4.834658145904541,-4.788651466369629,-4.743076801300049,-4.697085380554199,-4.650853157043457,-4.6052751541137695,-4.558950424194336,-4.512372016906738,-4.465915203094482,-4.4200053215026855,-4.373823165893555,-4.327579021453857,-4.281332969665527,-4.235642433166504,-4.1895551681518555,-4.143879413604736,-4.097623825073242,-4.051585674285889,-4.0050578117370605,-3.9587526321411133,-3.9120965003967285,-3.8661623001098633,-3.820281744003296,-3.7741172313690186,-3.7277042865753174,-3.6816210746765137,-3.6357266902923584,-3.58990740776062,-3.5441086292266846,-3.498112916946411,-3.452282190322876,-3.40666127204895,-3.3607873916625977,-3.314368963241577,-3.2680482864379883,-3.222036123275757,-3.175393581390381,-3.1289451122283936,-3.0824201107025146,-3.036606550216675,-2.9906773567199707,-2.9444479942321777,-2.898364543914795,-2.852888345718384,-2.8070225715637207,-2.7611522674560547,-2.715250015258789,-2.669025421142578,-2.621990442276001,-2.5756921768188477,-2.5298988819122314,-2.483595132827759,-2.438124418258667,-2.392655372619629,-2.3465421199798584,-2.300182342529297,-2.2529613971710205,-2.204925060272217,-2.1564319133758545,-2.107182502746582,-2.0592825412750244,-2.0132977962493896,-1.9714105129241943,-1.9279509782791138,-1.8836060762405396,-1.838489055633545,-1.793407917022705,-1.7475837469100952,-1.701576590538025,-1.6553528308868408,-1.6089012622833252,-1.5620672702789307,-1.5151784420013428,-1.4696577787399292,-1.42353355884552,-1.3781596422195435,-1.3326793909072876,-1.2879389524459839,-1.2422300577163696,-1.1956205368041992,-1.1482152938842773,-1.101759433746338,-1.0557124614715576,-1.0088744163513184,-0.9630535244941711,-0.9173940420150757,-0.8709187507629395,-0.8251919150352478,-0.7808613777160645,-0.7350587248802185,-0.6895875930786133,-0.6417145729064941,-0.5941764712333679,-0.5480745434761047,-0.5019757747650146,-0.45550164580345154,-0.4105845093727112,-0.36759820580482483,-0.32396072149276733,-0.27838870882987976,-0.23089705407619476,-0.18738321959972382,-0.14199650287628174,-0.09710567444562912,-0.049317214637994766,-0.0012600573245435953,0.05005095154047012,0.09849943965673447,0.14373460412025452,0.19818952679634094,0.23932185769081116,0.2781623899936676,0.3220987021923065,0.3671276569366455,0.4165519177913666,0.47173333168029785,0.5179941058158875,0.557842493057251,0.5990071296691895,0.6459946632385254,0.6979711055755615,0.7399089336395264,0.7893295288085938,0.8358508348464966,0.8908737301826477,0.9279046058654785,0.9705417156219482,1.0220245122909546,1.0657891035079956,1.111907720565796,1.1714757680892944,1.2063395977020264,1.2433408498764038,1.2836649417877197,1.3245986700057983,1.376448154449463,1.4420486688613892,1.480892300605774,1.5256412029266357,1.5785503387451172,1.630784273147583,1.7530096769332886],"files":["scales.webp"]},"quats":{"files":["quats.webp"]},