{"version":2,"count":599876,"means":{"mins":[-4.568807786305779,-3.892119979415426,-1.1303504095858288],"maxs":[1.9224731592567972,-1.5764530298853783,3.2366673573749902],"files":["means_l.webp","means_u.webp"]},"scales":{"codebook":[-9.998801231384277,-9.962714195251465,-9.915285110473633,-9.867353439331055,-9.820812225341797,-9.774703025817871,-9.727904319763184,-9.681952476501465,-9.63701057434082,-9.591270446777344,-9.54617977142334,-9.500678062438965,-9.45578670501709,-9.410386085510254,-9.36462116241455,-9.320241928100586,-9.275858879089355,-9.231345176696777,-9.185439109802246,-9.140277862548828,-9.095727920532227,-9.050006866455078,-9.004947662353516,-8.960807800292969,-8.915788650512695,-8.868788719177246,-8.822785377502441,-8.777132987976074,-8.731773376464844,-8.685612678527832,-8.640810012817383,-8.594318389892578,-8.548757553100586,-8.503730773925781,-8.459600448608398,-8.413790702819824,-8.368101119995117,-8.322646141052246,-8.27762222290039,-8.23231029510498,-8.187433242797852,-8.142409324645996,-8.096933364868164,-8.051443099975586,-8.006656646728516,-7.962015628814697,-7.916642665863037,-7.869559288024902,-7.824070453643799,-7.777485370635986,-7.731161117553711,-7.685652256011963,-7.6416707038879395,-7.596831798553467,-7.5522637367248535,-7.507206916809082,-7.46171760559082,-7.4172186851501465,-7.371739864349365,-7.3261003494262695,-7.280719757080078,-7.235459804534912,-7.190010070800781,-7.144134044647217,-7.097805023193359,-7.0530619621276855,-7.008080005645752,-6.96248197555542,-6.9166693687438965,-6.87144136428833,-6.825840950012207,-6.779613494873047,-6.734653472900391,-6.689566135406494,-6.644469261169434,-6.599221229553223,-6.554231643676758,-6.509564399719238,-6.464371204376221,-6.420028209686279,-6.377252578735352,-6.3376145362854,-6.299437046051025,-6.2628068923950195,-6.224955081939697,-6.185419082641602,-6.143503189086914,-6.10001277923584,-6.055673122406006,-6.010282039642334,-5.965124130249023,-5.920002460479736,-5.874673843383789,-5.829837799072266,-5.784360408782959,-5.739181995391846,-5.693942546844482,-5.648664951324463,-5.603294849395752,-5.557657241821289,-5.512537479400635,-5.467363357543945,-5.422177314758301,-5.376657485961914,-5.331320285797119,-5.286108493804932,-5.2408127784729,-5.195271015167236,-5.149989604949951,-5.104550838470459,-5.059622764587402,-5.014679908752441,-4.969708442687988,-4.923853874206543,-4.878335475921631,-4.832957744598389,-4.787625789642334,-4.7424235343933105,-4.697335243225098,-4.651999473571777,-4.606601238250732,-4.561148166656494,-4.516256809234619,-4.471120357513428,-4.4260125160217285,-4.3806352615356445,-4.33513069152832,-4.289630889892578,-4.244271278381348,-4.198874473571777,-4.153810024261475,-4.1089067459106445,-4.063638687133789,-4.0182671546936035,-3.9734902381896973,-3.9282829761505127,-3.8828046321868896,-3.8371241092681885,-3.792348861694336,-3.7466609477996826,-3.7014667987823486,-3.6563282012939453,-3.611074686050415,-3.5657036304473877,-3.5198144912719727,-3.474468946456909,-3.4292731285095215,-3.384127140045166,-3.338937520980835,-3.2935779094696045,-3.2487807273864746,-3.2035534381866455,-3.1583845615386963,-3.113015651702881,-3.067917823791504,-3.022402286529541,-2.976621389389038,-2.9304494857788086,-2.885077714920044,-2.840545177459717,-2.7965874671936035,-2.751589059829712,-2.7062461376190186,-2.6609113216400146,-2.615346908569336,-2.5696847438812256,-2.5234861373901367,-2.4783713817596436,-2.4337174892425537,-2.3888421058654785,-2.3432130813598633,-2.2979776859283447,-2.2518422603607178,-2.2054736614227295,-2.1578893661499023,-2.111881971359253,-2.069730758666992,-2.0331881046295166,-2.00097918510437,-1.9490350484848022,-1.8974609375,-1.8485381603240967,-1.8010947704315186,-1.7538193464279175,-1.7086917161941528,-1.6625181436538696,-1.617097020149231,-1.5722241401672363,-1.5268487930297852,-1.4823572635650635,-1.438083529472351,-1.3923029899597168,-1.3453484773635864,-1.2992703914642334,-1.2544697523117065,-1.2098208665847778,-1.164096474647522,-1.1210403442382812,-1.0766990184783936,-1.0298511981964111,-0.9841887354850769,-0.9382874369621277,-0.8945916891098022,-0.8484552502632141,-0.8014628887176514,-0.7554031610488892,-0.7098708152770996,-0.6632988452911377,-0.61940997838974,-0.5717148780822754,-0.5274597406387329,-0.4840322434902191,-0.43807685375213623,-0.3919663429260254,-0.34818902611732483,-0.30616965889930725,-0.2669525742530823,-0.22791482508182526,-0.19352349638938904,-0.15489225089550018,-0.11261262744665146,-0.0732974037528038,-0.029624413698911667,0.019806019961833954,0.07213964313268661,0.1168566420674324,0.16271881759166718,0.21002890169620514,0.25454792380332947,0.2995474934577942,0.3437270224094391,0.38015374541282654,0.4152689576148987,0.4640914797782898,0.5093802213668823,0.5544903874397278,0.6098402142524719,0.6537014245986938,0.695346474647522,0.7428578734397888,0.7808693647384644,0.8473598957061768,0.8821738362312317,0.9343955516815186,0.9518939256668091,0.9909139275550842,1.0650827884674072,1.1068189144134521,1.1475919485092163,1.1923439502716064,1.2205328941345215,1.2574728727340698,1.3181641101837158,1.425643801689148,1.4670112133026123,1.5567537546157837],"files":["scales.webp"]},"quats":{"files":["quats.webp"]},