{"version":2,"count":525488,"means":{"mins":[-2.404916829904011,-3.8921472187176005,-1.355744112920661],"maxs":[0.9621480928170905,-2.8883258364014837,3.121114401030974],"files":["means_l.webp","means_u.webp"]},"scales":{"codebook":[-9.999199867248535,-9.962708473205566,-9.923199653625488,-9.886330604553223,-9.85014533996582,-9.814292907714844,-9.777149200439453,-9.738802909851074,-9.698081016540527,-9.656401634216309,-9.612945556640625,-9.570414543151855,-9.52785587310791,-9.484795570373535,-9.44229507446289,-9.39915657043457,-9.357218742370605,-9.315136909484863,-9.272258758544922,-9.228459358215332,-9.184577941894531,-9.141876220703125,-9.099778175354004,-9.056904792785645,-9.013815879821777,-8.970884323120117,-8.92924690246582,-8.886479377746582,-8.842920303344727,-8.799615859985352,-8.756195068359375,-8.713682174682617,-8.671202659606934,-8.629316329956055,-8.586485862731934,-8.543807983398438,-8.500694274902344,-8.457913398742676,-8.415228843688965,-8.372855186462402,-8.330686569213867,-8.28782844543457,-8.245318412780762,-8.202169418334961,-8.159123420715332,-8.116043090820312,-8.071733474731445,-8.027759552001953,-7.98390007019043,-7.9410786628723145,-7.899004936218262,-7.856115818023682,-7.812992572784424,-7.7701029777526855,-7.728564262390137,-7.686028480529785,-7.643736839294434,-7.60097599029541,-7.556976318359375,-7.513837814331055,-7.471067428588867,-7.428165912628174,-7.386353492736816,-7.343029975891113,-7.299208641052246,-7.256366729736328,-7.213695526123047,-7.1706013679504395,-7.126838684082031,-7.084779262542725,-7.042201519012451,-6.999192237854004,-6.956672668457031,-6.913941860198975,-6.871506214141846,-6.8286614418029785,-6.785127639770508,-6.742384910583496,-6.700754165649414,-6.65731143951416,-6.613684177398682,-6.57062292098999,-6.527345180511475,-6.484015464782715,-6.4409499168396,-6.398013591766357,-6.3555169105529785,-6.312469005584717,-6.270565986633301,-6.228860855102539,-6.185948371887207,-6.142531394958496,-6.099587917327881,-6.056578636169434,-6.013343334197998,-5.96963357925415,-5.926119804382324,-5.883759021759033,-5.840444564819336,-5.797422409057617,-5.755748271942139,-5.7128801345825195,-5.670000076293945,-5.626852035522461,-5.583864212036133,-5.540828227996826,-5.498371124267578,-5.455432891845703,-5.412167072296143,-5.369107723236084,-5.3265299797058105,-5.283511638641357,-5.240763187408447,-5.197671890258789,-5.154290676116943,-5.111141681671143,-5.068637847900391,-5.025483131408691,-4.982440948486328,-4.939697265625,-4.897215843200684,-4.854662895202637,-4.811958312988281,-4.768715858459473,-4.725642681121826,-4.683014869689941,-4.640447616577148,-4.5983052253723145,-4.556967258453369,-4.517728805541992,-4.480266571044922,-4.444937705993652,-4.410256385803223,-4.374356269836426,-4.336533546447754,-4.297358512878418,-4.257905006408691,-4.219274044036865,-4.182255268096924,-4.146996021270752,-4.1118245124816895,-4.075383186340332,-4.036844730377197,-3.9964277744293213,-3.9550158977508545,-3.91304087638855,-3.870396852493286,-3.8277766704559326,-3.785581350326538,-3.7443177700042725,-3.7053298950195312,-3.6689157485961914,-3.63450026512146,-3.599806785583496,-3.563544273376465,-3.5250840187072754,-3.4843411445617676,-3.4422874450683594,-3.399498462677002,-3.3567779064178467,-3.3146677017211914,-3.272129774093628,-3.229259490966797,-3.1863415241241455,-3.143775701522827,-3.1014609336853027,-3.058710813522339,-3.016167402267456,-2.9730427265167236,-2.929577350616455,-2.8863425254821777,-2.8439791202545166,-2.8014285564422607,-2.759075880050659,-2.716115951538086,-2.673663854598999,-2.630178451538086,-2.5877721309661865,-2.5450291633605957,-2.502269983291626,-2.4597651958465576,-2.4161720275878906,-2.3725407123565674,-2.3288066387176514,-2.2855827808380127,-2.2433414459228516,-2.199944019317627,-2.1558337211608887,-2.1118576526641846,-2.0708699226379395,-2.0347771644592285,-2.001821517944336,-1.953761339187622,-1.9057797193527222,-1.8578790426254272,-1.8153736591339111,-1.7735416889190674,-1.7323206663131714,-1.6902902126312256,-1.646888256072998,-1.6018353700637817,-1.5586392879486084,-1.5152424573898315,-1.4710893630981445,-1.4283626079559326,-1.3881949186325073,-1.345583200454712,-1.3033283948898315,-1.2624027729034424,-1.2205439805984497,-1.1784411668777466,-1.1335369348526,-1.086618423461914,-1.0429106950759888,-1.0014269351959229,-0.9629790782928467,-0.9162274599075317,-0.8710873126983643,-0.8280075788497925,-0.7839383482933044,-0.7376324534416199,-0.6988624930381775,-0.6562458276748657,-0.6132960319519043,-0.5657935738563538,-0.5298546552658081,-0.4860881567001343,-0.4495607912540436,-0.413461297750473,-0.3726738393306732,-0.3329921066761017,-0.2898603677749634,-0.23930025100708008,-0.17693853378295898,-0.14009584486484528,-0.09889068454504013,-0.0535551942884922,-0.010664238594472408,0.039642542600631714,0.06945574283599854,0.10823369771242142,0.16258160769939423,0.20434272289276123,0.2289140522480011,0.2722324728965759,0.32707539200782776,0.3797264099121094,0.42908668518066406,0.4517577588558197,0.508833646774292,0.5794650316238403,0.6482328176498413,0.6810831427574158,0.7086440324783325,0.8635233640670776,0.9306032657623291],"files":["scales.webp"]},"quats":{"files":["quats.webp"]},