{"version":2,"count":540372,"means":{"mins":[-2.537679047668956,1.6257083130153573,-1.3349497928750051],"maxs":[3.3588608523911354,4.091920884179427,3.064542315319981],"files":["means_l.webp","means_u.webp"]},"scales":{"codebook":[-9.998811721801758,-9.9555025100708,-9.909992218017578,-9.864925384521484,-9.82204818725586,-9.779792785644531,-9.732365608215332,-9.685830116271973,-9.64067554473877,-9.598798751831055,-9.55410385131836,-9.508795738220215,-9.464720726013184,-9.421835899353027,-9.377644538879395,-9.331686019897461,-9.288174629211426,-9.24246883392334,-9.198145866394043,-9.154812812805176,-9.113423347473145,-9.069816589355469,-9.024087905883789,-8.978158950805664,-8.934036254882812,-8.88980770111084,-8.846199035644531,-8.801873207092285,-8.75619888305664,-8.712236404418945,-8.668120384216309,-8.623658180236816,-8.578775405883789,-8.534952163696289,-8.491568565368652,-8.446125030517578,-8.401067733764648,-8.356721878051758,-8.310957908630371,-8.26596450805664,-8.222631454467773,-8.177868843078613,-8.131991386413574,-8.088459014892578,-8.045572280883789,-8.001002311706543,-7.956467151641846,-7.913825511932373,-7.868655204772949,-7.823417663574219,-7.778627872467041,-7.733954906463623,-7.689589977264404,-7.644840717315674,-7.601982116699219,-7.557462215423584,-7.512618541717529,-7.4677534103393555,-7.4236860275268555,-7.378695964813232,-7.334564685821533,-7.290280342102051,-7.245442867279053,-7.20020866394043,-7.1556806564331055,-7.111556053161621,-7.067290306091309,-7.02218770980835,-6.977320194244385,-6.933069705963135,-6.8890156745910645,-6.845472812652588,-6.801370143890381,-6.75705099105835,-6.712815284729004,-6.6685333251953125,-6.624378204345703,-6.580607891082764,-6.536454200744629,-6.492317199707031,-6.447486400604248,-6.403146266937256,-6.358885765075684,-6.314569473266602,-6.270302772521973,-6.226076602935791,-6.181385517120361,-6.137207984924316,-6.0931854248046875,-6.048635005950928,-6.004255771636963,-5.959830284118652,-5.915879726409912,-5.871776580810547,-5.826939582824707,-5.782074928283691,-5.737603664398193,-5.693408012390137,-5.649056434631348,-5.604597568511963,-5.559326648712158,-5.514732837677002,-5.470459461212158,-5.426583290100098,-5.382144927978516,-5.337827682495117,-5.293519020080566,-5.248871326446533,-5.20427942276001,-5.160123825073242,-5.115914344787598,-5.071436882019043,-5.0270676612854,-4.982640266418457,-4.938329219818115,-4.893848896026611,-4.849821090698242,-4.805592060089111,-4.7611284255981445,-4.71694803237915,-4.672309398651123,-4.627972602844238,-4.583471298217773,-4.5392165184021,-4.494840621948242,-4.4507737159729,-4.406486988067627,-4.361868381500244,-4.317523002624512,-4.273768901824951,-4.2294535636901855,-4.185060501098633,-4.140274524688721,-4.09540319442749,-4.051131248474121,-4.006710052490234,-3.9626424312591553,-3.9185261726379395,-3.874218463897705,-3.8300349712371826,-3.7857162952423096,-3.7412853240966797,-3.696702003479004,-3.65169358253479,-3.6070621013641357,-3.562838315963745,-3.5188541412353516,-3.47499680519104,-3.430727958679199,-3.386517286300659,-3.3422203063964844,-3.2979211807250977,-3.253974676132202,-3.209498882293701,-3.16459059715271,-3.11955189704895,-3.0749998092651367,-3.0311145782470703,-2.9869213104248047,-2.9422035217285156,-2.8976504802703857,-2.8532395362854004,-2.8089449405670166,-2.76450777053833,-2.720515251159668,-2.6758389472961426,-2.63104248046875,-2.5865259170532227,-2.5428950786590576,-2.4990129470825195,-2.4550302028656006,-2.411193609237671,-2.3667221069335938,-2.3222146034240723,-2.2776355743408203,-2.2329490184783936,-2.187713623046875,-2.1431071758270264,-2.0985920429229736,-2.053936243057251,-2.0094871520996094,-1.965747356414795,-1.9212985038757324,-1.8774261474609375,-1.8349617719650269,-1.7905633449554443,-1.7448413372039795,-1.6999173164367676,-1.6549439430236816,-1.6094202995300293,-1.564012050628662,-1.5201129913330078,-1.4754647016525269,-1.4321943521499634,-1.3878486156463623,-1.3434773683547974,-1.2990068197250366,-1.2549673318862915,-1.2127890586853027,-1.1679950952529907,-1.124484896659851,-1.0805604457855225,-1.0361584424972534,-0.99073725938797,-0.945277988910675,-0.9000735878944397,-0.8575342297554016,-0.8122783899307251,-0.7662379145622253,-0.7222221493721008,-0.6811110377311707,-0.639243483543396,-0.5952517986297607,-0.5506018996238708,-0.5040156841278076,-0.45572394132614136,-0.4083804190158844,-0.36797621846199036,-0.3267924189567566,-0.27931690216064453,-0.23492024838924408,-0.19085171818733215,-0.14319714903831482,-0.10116542130708694,-0.05569296330213547,-0.00762910395860672,0.03592728078365326,0.0776851549744606,0.11319546401500702,0.15695761144161224,0.20327317714691162,0.2531781494617462,0.29239585995674133,0.33798620104789734,0.3859005868434906,0.429921954870224,0.47245797514915466,0.5147501230239868,0.5706737637519836,0.611497700214386,0.6586061120033264,0.6944485306739807,0.741809606552124,0.7761920094490051,0.83176589012146,0.886694610118866,0.9353715181350708,0.9654586911201477,1.0138853788375854,1.0633395910263062,1.1019904613494873,1.153579831123352,1.1773216724395752,1.2386394739151,1.282995343208313,1.3206067085266113],"files":["scales.webp"]},"quats":{"files":["quats.webp"]},