{"version":2,"count":538316,"means":{"mins":[-3.765358968071664,-4.169981168014728,-1.2308804175981662],"maxs":[-2.5377253346013564,-3.462852965994681,2.959987841450381],"files":["means_l.webp","means_u.webp"]},"scales":{"codebook":[-9.999262809753418,-9.959943771362305,-9.922286987304688,-9.885382652282715,-9.84835147857666,-9.808524131774902,-9.765987396240234,-9.723295211791992,-9.680591583251953,-9.636895179748535,-9.591390609741211,-9.54583740234375,-9.501363754272461,-9.456643104553223,-9.412394523620605,-9.367045402526855,-9.322327613830566,-9.275723457336426,-9.229510307312012,-9.185149192810059,-9.142757415771484,-9.099278450012207,-9.054051399230957,-9.007012367248535,-8.960030555725098,-8.914578437805176,-8.870827674865723,-8.826841354370117,-8.782198905944824,-8.736923217773438,-8.691433906555176,-8.64487075805664,-8.5997896194458,-8.555127143859863,-8.510028839111328,-8.464366912841797,-8.418644905090332,-8.373897552490234,-8.328383445739746,-8.283082008361816,-8.237384796142578,-8.192525863647461,-8.1502685546875,-8.110227584838867,-8.071673393249512,-8.033665657043457,-7.995972156524658,-7.957845211029053,-7.917252540588379,-7.874820709228516,-7.830204963684082,-7.785177707672119,-7.739879608154297,-7.695352077484131,-7.650730133056641,-7.605733394622803,-7.5609307289123535,-7.51552152633667,-7.470808029174805,-7.4259490966796875,-7.379833698272705,-7.3342390060424805,-7.289338111877441,-7.244576930999756,-7.199415683746338,-7.1536478996276855,-7.108095645904541,-7.062834739685059,-7.017402648925781,-6.972087383270264,-6.927112102508545,-6.881924152374268,-6.836582183837891,-6.79088020324707,-6.745523929595947,-6.70054292678833,-6.654998779296875,-6.610239028930664,-6.564929962158203,-6.519834518432617,-6.474676609039307,-6.430097579956055,-6.385322570800781,-6.339940071105957,-6.294363021850586,-6.249704837799072,-6.205355644226074,-6.161739826202393,-6.120561599731445,-6.081821918487549,-6.0451741218566895,-6.008091926574707,-5.9698309898376465,-5.92916202545166,-5.886811256408691,-5.84246826171875,-5.797776699066162,-5.752760410308838,-5.708071231842041,-5.663985252380371,-5.621088981628418,-5.580097675323486,-5.540762424468994,-5.503587245941162,-5.466183185577393,-5.427745342254639,-5.386962890625,-5.343527793884277,-5.299930572509766,-5.255171775817871,-5.210367202758789,-5.165343761444092,-5.120725154876709,-5.075474739074707,-5.0305256843566895,-4.984803199768066,-4.939260959625244,-4.894186973571777,-4.849201202392578,-4.804044723510742,-4.758559703826904,-4.713755130767822,-4.668563365936279,-4.623266220092773,-4.577836036682129,-4.532946586608887,-4.48790979385376,-4.443390846252441,-4.399458408355713,-4.356783390045166,-4.31666374206543,-4.280447483062744,-4.248232364654541,-4.218687057495117,-4.188923358917236,-4.15643835067749,-4.120067596435547,-4.080501556396484,-4.039548873901367,-3.999450206756592,-3.960604667663574,-3.923326253890991,-3.886291265487671,-3.8478991985321045,-3.8073220252990723,-3.764843702316284,-3.7211802005767822,-3.67704439163208,-3.633206844329834,-3.5905580520629883,-3.5496253967285156,-3.5118308067321777,-3.476102113723755,-3.4415202140808105,-3.4080233573913574,-3.3757894039154053,-3.345263957977295,-3.3157975673675537,-3.2854487895965576,-3.2525415420532227,-3.2160751819610596,-3.1761951446533203,-3.1334125995635986,-3.0890369415283203,-3.0442802906036377,-2.9993927478790283,-2.9542036056518555,-2.908475399017334,-2.8639066219329834,-2.818699598312378,-2.77345871925354,-2.728300094604492,-2.6831510066986084,-2.638195753097534,-2.5934698581695557,-2.5487895011901855,-2.5054128170013428,-2.463310718536377,-2.4244449138641357,-2.388122081756592,-2.353672742843628,-2.3192763328552246,-2.28511643409729,-2.250520706176758,-2.214648723602295,-2.1761999130249023,-2.1347897052764893,-2.090604782104492,-2.0474166870117188,-2.0071582794189453,-1.9624027013778687,-1.9168381690979004,-1.871235966682434,-1.8249212503433228,-1.7798197269439697,-1.7351845502853394,-1.6909297704696655,-1.6463866233825684,-1.6025196313858032,-1.5561981201171875,-1.5094707012176514,-1.463931918144226,-1.4194391965866089,-1.3763853311538696,-1.3312500715255737,-1.285963773727417,-1.2382104396820068,-1.1926088333129883,-1.1490933895111084,-1.1039247512817383,-1.057222604751587,-1.0130692720413208,-0.9681165218353271,-0.9223648905754089,-0.8784820437431335,-0.833545446395874,-0.7887385487556458,-0.7452383637428284,-0.6981484889984131,-0.6504640579223633,-0.6082495450973511,-0.5665343403816223,-0.5173739790916443,-0.4727868139743805,-0.42405903339385986,-0.37836211919784546,-0.3309279680252075,-0.28252461552619934,-0.23802761733531952,-0.1961713433265686,-0.14743952453136444,-0.10876031965017319,-0.06829354166984558,-0.015529796481132507,0.027256576344370842,0.07051528245210648,0.1302734762430191,0.16501256823539734,0.2086988240480423,0.2579513490200043,0.297505646944046,0.3516860008239746,0.38942447304725647,0.43764936923980713,0.47333404421806335,0.515770435333252,0.5769655704498291,0.6156370639801025,0.656668484210968,0.7284319996833801,0.7554212808609009,0.7967283725738525,0.8741310238838196,0.9234042167663574,1.0039632320404053,1.5197899341583252],"files":["scales.webp"]},"quats":{"files":["quats.webp"]},