{"version":2,"count":428864,"means":{"mins":[1.922475739447287,-3.4582513627115437,-1.020832435720126],"maxs":[5.031672522488945,4.905326769997725,3.546288879422101],"files":["means_l.webp","means_u.webp"]},"scales":{"codebook":[-9.999429702758789,-9.978004455566406,-9.943655967712402,-9.901981353759766,-9.855307579040527,-9.805970191955566,-9.75723934173584,-9.708352088928223,-9.65981674194336,-9.611067771911621,-9.56255054473877,-9.513850212097168,-9.465217590332031,-9.417296409606934,-9.36768627166748,-9.31794261932373,-9.268991470336914,-9.220259666442871,-9.174185752868652,-9.130302429199219,-9.088812828063965,-9.04714584350586,-9.006928443908691,-8.964853286743164,-8.92097282409668,-8.875065803527832,-8.82786750793457,-8.780511856079102,-8.732261657714844,-8.684070587158203,-8.634925842285156,-8.58674144744873,-8.538491249084473,-8.489444732666016,-8.440397262573242,-8.391342163085938,-8.341453552246094,-8.292841911315918,-8.243130683898926,-8.19277572631836,-8.144096374511719,-8.095545768737793,-8.048376083374023,-7.999175548553467,-7.950710296630859,-7.9033637046813965,-7.854703426361084,-7.807132720947266,-7.7584943771362305,-7.70896053314209,-7.658287525177002,-7.60867166519165,-7.56062126159668,-7.512157917022705,-7.463657855987549,-7.4143781661987305,-7.364869117736816,-7.315195083618164,-7.266278266906738,-7.217816352844238,-7.1693949699401855,-7.120799541473389,-7.072142601013184,-7.022937297821045,-6.974392414093018,-6.925163745880127,-6.87672758102417,-6.827369689941406,-6.779484748840332,-6.731302261352539,-6.682247638702393,-6.632503986358643,-6.583895683288574,-6.535608768463135,-6.486814498901367,-6.438019275665283,-6.389364719390869,-6.3402557373046875,-6.2910475730896,-6.241391181945801,-6.191588401794434,-6.1427202224731445,-6.0947418212890625,-6.0474419593811035,-5.999759674072266,-5.951101779937744,-5.901843070983887,-5.852049827575684,-5.80309534072876,-5.754451751708984,-5.706508159637451,-5.658591270446777,-5.610406875610352,-5.561339855194092,-5.513313293457031,-5.464686870574951,-5.416506290435791,-5.366603374481201,-5.317592144012451,-5.268770217895508,-5.219930171966553,-5.170645713806152,-5.122328281402588,-5.073646068572998,-5.0245537757873535,-4.975146770477295,-4.926624298095703,-4.877892971038818,-4.828976631164551,-4.78048038482666,-4.732273101806641,-4.683643817901611,-4.63485050201416,-4.585323810577393,-4.535871982574463,-4.486112117767334,-4.437493324279785,-4.389324188232422,-4.340848445892334,-4.292270660400391,-4.243190288543701,-4.194477081298828,-4.146031856536865,-4.097561359405518,-4.048515319824219,-4.000070571899414,-3.9509189128875732,-3.9023447036743164,-3.8531551361083984,-3.805036783218384,-3.756876230239868,-3.7079861164093018,-3.6587281227111816,-3.6099512577056885,-3.561361312866211,-3.512871026992798,-3.46447491645813,-3.415937900543213,-3.3672409057617188,-3.3184995651245117,-3.2698240280151367,-3.2213757038116455,-3.172752857208252,-3.12391996383667,-3.0758132934570312,-3.0274999141693115,-2.9803359508514404,-2.9348833560943604,-2.891968250274658,-2.852544069290161,-2.8151180744171143,-2.7799084186553955,-2.7447831630706787,-2.709080696105957,-2.6706135272979736,-2.629188299179077,-2.5846807956695557,-2.538585662841797,-2.4909749031066895,-2.443782091140747,-2.3983469009399414,-2.355055332183838,-2.313631772994995,-2.273423194885254,-2.231616735458374,-2.1874680519104004,-2.1408658027648926,-2.0934152603149414,-2.0484371185302734,-2.006476402282715,-1.957115650177002,-1.9105477333068848,-1.8673510551452637,-1.8282198905944824,-1.7943881750106812,-1.7623447179794312,-1.7295148372650146,-1.6938670873641968,-1.6535475254058838,-1.609952449798584,-1.5636271238327026,-1.5142863988876343,-1.4659385681152344,-1.4178458452224731,-1.3688910007476807,-1.3209547996520996,-1.2721697092056274,-1.2227119207382202,-1.1734437942504883,-1.1245663166046143,-1.0770771503448486,-1.0292919874191284,-0.9807583689689636,-0.930711030960083,-0.8817925453186035,-0.8326051831245422,-0.7841986417770386,-0.7353845238685608,-0.6870343089103699,-0.6384631395339966,-0.5901762247085571,-0.5410938262939453,-0.49145209789276123,-0.4409981369972229,-0.39094749093055725,-0.34196874499320984,-0.29575222730636597,-0.24880944192409515,-0.19930468499660492,-0.15030889213085175,-0.10301942378282547,-0.05567961558699608,-0.006810030899941921,0.04509429633617401,0.09557158499956131,0.1441519409418106,0.19091127812862396,0.24043668806552887,0.2880164682865143,0.33617517352104187,0.3830782175064087,0.4292823076248169,0.47664743661880493,0.5251609683036804,0.5752814412117004,0.624549150466919,0.6750074028968811,0.727749228477478,0.7841591238975525,0.8330210447311401,0.8824727535247803,0.9374215602874756,0.9840860366821289,1.0254524946212769,1.0711371898651123,1.1227269172668457,1.1711822748184204,1.2183624505996704,1.2698241472244263,1.3124933242797852,1.3600586652755737,1.4097182750701904,1.4665452241897583,1.5228493213653564,1.5665944814682007,1.6090723276138306,1.649929404258728,1.6902624368667603,1.740957498550415,1.7929024696350098,1.835949182510376,2.0093085765838623,2.044957160949707,2.0964438915252686,2.1757214069366455,2.4374420642852783],"files":["scales.webp"]},"quats":{"files":["quats.webp"]},