{"version":2,"count":528224,"means":{"mins":[-2.5377188515444113,-4.465618159628341,-1.3949241878192422],"maxs":[4.1661832138036425,-2.7284008975501783,2.997263464574069],"files":["means_l.webp","means_u.webp"]},"scales":{"codebook":[-9.99935531616211,-9.952248573303223,-9.904459953308105,-9.858314514160156,-9.813090324401855,-9.770468711853027,-9.730095863342285,-9.692007064819336,-9.653757095336914,-9.61203670501709,-9.568153381347656,-9.52186393737793,-9.47503662109375,-9.427793502807617,-9.379624366760254,-9.332059860229492,-9.284469604492188,-9.237860679626465,-9.190473556518555,-9.142571449279785,-9.094335556030273,-9.046896934509277,-8.99998950958252,-8.952404975891113,-8.904520988464355,-8.857397079467773,-8.810375213623047,-8.761295318603516,-8.712674140930176,-8.664440155029297,-8.616267204284668,-8.568523406982422,-8.521713256835938,-8.474065780639648,-8.42637825012207,-8.378640174865723,-8.331160545349121,-8.284286499023438,-8.236804962158203,-8.188889503479004,-8.141220092773438,-8.092584609985352,-8.04398250579834,-7.996535778045654,-7.949013710021973,-7.901525497436523,-7.853122234344482,-7.805179119110107,-7.757763385772705,-7.711488723754883,-7.66386079788208,-7.615705490112305,-7.568376064300537,-7.520587921142578,-7.473324775695801,-7.425178527832031,-7.376888275146484,-7.3288655281066895,-7.281790256500244,-7.234694480895996,-7.188751220703125,-7.141219139099121,-7.0934319496154785,-7.045839786529541,-6.99664306640625,-6.949065685272217,-6.900746822357178,-6.852148056030273,-6.804257392883301,-6.756596088409424,-6.7092084884643555,-6.6621599197387695,-6.614727020263672,-6.568113327026367,-6.520024299621582,-6.473217010498047,-6.425256729125977,-6.377326488494873,-6.329655647277832,-6.281624794006348,-6.233777046203613,-6.186412334442139,-6.138988018035889,-6.090136528015137,-6.042187690734863,-5.994486331939697,-5.947152614593506,-5.899725437164307,-5.851217746734619,-5.803844451904297,-5.756291389465332,-5.70797061920166,-5.6612067222595215,-5.613296031951904,-5.564691066741943,-5.516851425170898,-5.468020915985107,-5.419897556304932,-5.372745513916016,-5.326024055480957,-5.280129432678223,-5.235673904418945,-5.192584037780762,-5.151297569274902,-5.112027645111084,-5.073461055755615,-5.032171726226807,-4.988959312438965,-4.94273567199707,-4.895803451538086,-4.848850727081299,-4.800678730010986,-4.75288724899292,-4.705239295959473,-4.656460762023926,-4.607921123504639,-4.560551166534424,-4.512861251831055,-4.465213775634766,-4.417173862457275,-4.370610237121582,-4.325367450714111,-4.282473564147949,-4.242244720458984,-4.2035346031188965,-4.164284706115723,-4.123166561126709,-4.080559730529785,-4.0358757972717285,-3.98956561088562,-3.942657232284546,-3.8953890800476074,-3.8483331203460693,-3.800424098968506,-3.752565860748291,-3.705148935317993,-3.6579012870788574,-3.6103453636169434,-3.5627169609069824,-3.5152530670166016,-3.468010187149048,-3.4214658737182617,-3.377362012863159,-3.3357903957366943,-3.2960100173950195,-3.2572643756866455,-3.2183940410614014,-3.1775851249694824,-3.135685682296753,-3.094115734100342,-3.0541954040527344,-3.0155112743377686,-2.9762556552886963,-2.935795307159424,-2.8926284313201904,-2.847637414932251,-2.800959825515747,-2.7539124488830566,-2.7074344158172607,-2.6627540588378906,-2.6200459003448486,-2.580148220062256,-2.5413832664489746,-2.5018210411071777,-2.4605162143707275,-2.4168152809143066,-2.3709592819213867,-2.323754072189331,-2.275888681411743,-2.228266716003418,-2.1805496215820312,-2.1321446895599365,-2.0849883556365967,-2.041384696960449,-2.000685930252075,-1.9505980014801025,-1.900354266166687,-1.8513844013214111,-1.8026456832885742,-1.7547423839569092,-1.7068989276885986,-1.6590300798416138,-1.6115132570266724,-1.563326358795166,-1.5149840116500854,-1.4671210050582886,-1.419775128364563,-1.3736627101898193,-1.3276653289794922,-1.280896544456482,-1.2363935708999634,-1.1935069561004639,-1.1525336503982544,-1.1138418912887573,-1.0743883848190308,-1.0323591232299805,-0.9869459271430969,-0.9392435550689697,-0.8929464221000671,-0.8481948971748352,-0.8023656606674194,-0.7550778985023499,-0.7076067328453064,-0.6578149795532227,-0.6072450280189514,-0.5590916275978088,-0.5137384533882141,-0.4659920334815979,-0.4195619225502014,-0.37455564737319946,-0.3254963159561157,-0.2754944860935211,-0.22490330040454865,-0.1770917773246765,-0.13128161430358887,-0.08537595719099045,-0.030918912962079048,0.017608895897865295,0.06767536699771881,0.11378750950098038,0.15679903328418732,0.19927264750003815,0.24739637970924377,0.29031485319137573,0.3342752158641815,0.3910594582557678,0.44126397371292114,0.48233288526535034,0.5390942692756653,0.5896223187446594,0.6384434700012207,0.683741569519043,0.7237022519111633,0.7746848464012146,0.8270642161369324,0.8714799880981445,0.9227907657623291,0.9687851071357727,1.0104823112487793,1.0515344142913818,1.0954748392105103,1.140758752822876,1.1815879344940186,1.2433971166610718,1.2895605564117432,1.3377835750579834,1.4072623252868652,1.4541308879852295,1.4913502931594849,1.552756428718567,1.5726873874664307,1.6281365156173706,1.6760667562484741,1.7110002040863037,1.9794731140136719,2.159019947052002],"files":["scales.webp"]},"quats":{"files":["quats.webp"]},