{"version":2,"count":628275,"means":{"mins":[-7.172333137315036,-7.5988444962195,-6.5254819495541785],"maxs":[-2.280781969028787,-3.4992349308594086,-1.0494296224195414],"files":["means_l.webp","means_u.webp"]},"scales":{"codebook":[-9.997580528259277,-9.939050674438477,-9.87939453125,-9.822423934936523,-9.76656436920166,-9.708721160888672,-9.649728775024414,-9.592495918273926,-9.535887718200684,-9.477958679199219,-9.421467781066895,-9.364953994750977,-9.307787895202637,-9.250214576721191,-9.192845344543457,-9.134520530700684,-9.078083038330078,-9.019242286682129,-8.962176322937012,-8.9055757522583,-8.849265098571777,-8.7926607131958,-8.735244750976562,-8.677689552307129,-8.619924545288086,-8.563027381896973,-8.506254196166992,-8.448561668395996,-8.39085578918457,-8.332721710205078,-8.273927688598633,-8.21530532836914,-8.158650398254395,-8.102031707763672,-8.045620918273926,-7.988291263580322,-7.930203914642334,-7.872613430023193,-7.814786434173584,-7.757297515869141,-7.700562000274658,-7.642916202545166,-7.586097240447998,-7.529430866241455,-7.4721503257751465,-7.414200305938721,-7.355365753173828,-7.29757022857666,-7.240579128265381,-7.182922840118408,-7.125754356384277,-7.068424701690674,-7.011537075042725,-6.955458641052246,-6.900174617767334,-6.84757661819458,-6.797792434692383,-6.752338409423828,-6.709765911102295,-6.668694972991943,-6.627355575561523,-6.584208965301514,-6.537657737731934,-6.487730979919434,-6.436147212982178,-6.384405612945557,-6.334263801574707,-6.286442756652832,-6.239412784576416,-6.191537857055664,-6.1415486335754395,-6.088626861572266,-6.0338969230651855,-5.979606628417969,-5.926426410675049,-5.8755083084106445,-5.827469825744629,-5.78068208694458,-5.7330827713012695,-5.683262825012207,-5.631056308746338,-5.576639652252197,-5.521836757659912,-5.468414783477783,-5.4176788330078125,-5.369959354400635,-5.325892448425293,-5.284908771514893,-5.247591018676758,-5.213681221008301,-5.181710720062256,-5.150173664093018,-5.117480754852295,-5.082145690917969,-5.0438032150268555,-5.003482341766357,-4.9625067710876465,-4.922537326812744,-4.8847975730896,-4.848562717437744,-4.812579154968262,-4.7761759757995605,-4.738118648529053,-4.696633338928223,-4.65156364440918,-4.604619979858398,-4.557975769042969,-4.5124030113220215,-4.46859884262085,-4.425942897796631,-4.384575366973877,-4.342596054077148,-4.299317359924316,-4.255162715911865,-4.211379528045654,-4.16722297668457,-4.122261047363281,-4.075842380523682,-4.028177261352539,-3.979712724685669,-3.93113112449646,-3.8839504718780518,-3.8378372192382812,-3.7900593280792236,-3.7386441230773926,-3.684293031692505,-3.628319263458252,-3.5710697174072266,-3.5146141052246094,-3.456865072250366,-3.399580478668213,-3.3417916297912598,-3.2845606803894043,-3.22780179977417,-3.1703898906707764,-3.1119043827056885,-3.053277015686035,-2.9943413734436035,-2.9358725547790527,-2.8784961700439453,-2.821380615234375,-2.764488697052002,-2.707036018371582,-2.649177074432373,-2.591737985610962,-2.5353522300720215,-2.478626251220703,-2.42095947265625,-2.36358380317688,-2.307298183441162,-2.2501094341278076,-2.1923105716705322,-2.1343445777893066,-2.0771524906158447,-2.0192675590515137,-1.9619004726409912,-1.9041632413864136,-1.847225308418274,-1.7899796962738037,-1.7326489686965942,-1.6773524284362793,-1.6205596923828125,-1.5615181922912598,-1.5031607151031494,-1.44503915309906,-1.387847900390625,-1.3313347101211548,-1.275396704673767,-1.2198693752288818,-1.1623576879501343,-1.106592059135437,-1.0509612560272217,-0.9935992360115051,-0.9376559853553772,-0.882174015045166,-0.8202680945396423,-0.7571882605552673,-0.6963760852813721,-0.6445122361183167,-0.5902805328369141,-0.5326932668685913,-0.474606454372406,-0.41564232110977173,-0.3632887005805969,-0.3031580448150635,-0.24686388671398163,-0.19487185776233673,-0.13936081528663635,-0.07371988147497177,-0.011386257596313953,0.05162269249558449,0.11039287596940994,0.16889016330242157,0.22789694368839264,0.2825477719306946,0.3445355296134949,0.38891714811325073,0.45162832736968994,0.5216991305351257,0.5731505751609802,0.6201220154762268,0.6751364469528198,0.7392677068710327,0.7960777282714844,0.8535603880882263,0.9083352088928223,0.942561686038971,1.0235824584960938,1.0739614963531494,1.1516704559326172,1.1853231191635132,1.274611234664917,1.3415131568908691,1.3928314447402954,1.4269436597824097,1.4717679023742676,1.5386580228805542,1.5958833694458008,1.6494312286376953,1.6895716190338135,1.778622031211853,1.8189098834991455,1.8999075889587402,1.9369908571243286,1.9860992431640625,2.0422701835632324,2.149872303009033,2.1758341789245605,2.2306671142578125,2.302645444869995,2.3370766639709473,2.4015347957611084,2.480520009994507,2.54154634475708,2.6018917560577393,2.6530544757843018,2.677823066711426,2.7508857250213623,2.8149092197418213,2.8824751377105713,2.933962821960449,2.9843316078186035,3.0444979667663574,3.0820279121398926,3.153066635131836,3.2057342529296875,3.2797412872314453,3.3441362380981445,3.390678644180298,3.4369750022888184,3.5003819465637207,3.562718629837036,3.671541213989258,3.878967523574829,4.296953201293945,4.6465349197387695],"files":["scales.webp"]},"quats":{"files":["quats.webp"]},