{"version":2,"count":628262,"means":{"mins":[1.4377440756633837,-2.8417976094154738,-2.174460017159893],"maxs":[2.036612063215622,2.350021486091372,2.1434628177976434],"files":["means_l.webp","means_u.webp"]},"scales":{"codebook":[-9.998395919799805,-9.97428035736084,-9.937971115112305,-9.894170761108398,-9.850507736206055,-9.809351921081543,-9.769810676574707,-9.730990409851074,-9.69254207611084,-9.653646469116211,-9.61468505859375,-9.575772285461426,-9.537454605102539,-9.498685836791992,-9.460082054138184,-9.421575546264648,-9.383796691894531,-9.34541130065918,-9.305996894836426,-9.267243385314941,-9.228795051574707,-9.190411567687988,-9.152233123779297,-9.113061904907227,-9.074237823486328,-9.036842346191406,-8.998347282409668,-8.959613800048828,-8.920707702636719,-8.881961822509766,-8.84319019317627,-8.804533958435059,-8.76598072052002,-8.727532386779785,-8.689292907714844,-8.651240348815918,-8.611867904663086,-8.573105812072754,-8.5344820022583,-8.495664596557617,-8.457794189453125,-8.419386863708496,-8.380851745605469,-8.341499328613281,-8.302084922790527,-8.263988494873047,-8.22581672668457,-8.187665939331055,-8.148906707763672,-8.10982894897461,-8.071049690246582,-8.032487869262695,-7.994580268859863,-7.9564080238342285,-7.917511940002441,-7.878334999084473,-7.840088844299316,-7.801827907562256,-7.762691020965576,-7.723580360412598,-7.685322284698486,-7.646953105926514,-7.608553886413574,-7.570147514343262,-7.531662940979004,-7.4932098388671875,-7.4544243812561035,-7.41599702835083,-7.377529621124268,-7.339283466339111,-7.301302909851074,-7.2629313468933105,-7.224043846130371,-7.185186386108398,-7.14579963684082,-7.1074628829956055,-7.068871021270752,-7.0297675132751465,-6.991413593292236,-6.953139781951904,-6.914395809173584,-6.875761985778809,-6.836950778961182,-6.798482418060303,-6.760106086730957,-6.7214789390563965,-6.683032989501953,-6.644839763641357,-6.606118679046631,-6.5674872398376465,-6.529840469360352,-6.491422176361084,-6.452311992645264,-6.413721561431885,-6.374567985534668,-6.335567474365234,-6.296628952026367,-6.258363723754883,-6.220132827758789,-6.18230676651001,-6.144052028656006,-6.105058670043945,-6.066248893737793,-6.027785301208496,-5.989163875579834,-5.950119495391846,-5.911707878112793,-5.873416900634766,-5.834438800811768,-5.795825004577637,-5.757606506347656,-5.71891975402832,-5.6802077293396,-5.641935348510742,-5.603419780731201,-5.564866065979004,-5.526125907897949,-5.4874444007873535,-5.448801040649414,-5.410315036773682,-5.371739387512207,-5.333449363708496,-5.294593811035156,-5.255709648132324,-5.217235565185547,-5.1791768074035645,-5.141274452209473,-5.103071212768555,-5.064682483673096,-5.025903224945068,-4.986848831176758,-4.948089599609375,-4.909593105316162,-4.870984077453613,-4.832278728485107,-4.7937188148498535,-4.7552032470703125,-4.716587066650391,-4.6783671379089355,-4.639834403991699,-4.601129531860352,-4.562586307525635,-4.52418851852417,-4.4856648445129395,-4.446889400482178,-4.408331871032715,-4.369768142700195,-4.331310749053955,-4.293027400970459,-4.254511833190918,-4.215762615203857,-4.177286624908447,-4.139292240142822,-4.10066032409668,-4.062097072601318,-4.023228645324707,-3.9846649169921875,-3.9461112022399902,-3.90783953666687,-3.8693480491638184,-3.831027030944824,-3.7925281524658203,-3.754312038421631,-3.7158854007720947,-3.6775012016296387,-3.639024496078491,-3.600346565246582,-3.561917543411255,-3.5234391689300537,-3.484973907470703,-3.4466960430145264,-3.408085823059082,-3.369410276412964,-3.330719232559204,-3.292034149169922,-3.253748893737793,-3.2152771949768066,-3.176701545715332,-3.1385111808776855,-3.100275993347168,-3.0616917610168457,-3.0227503776550293,-2.9837872982025146,-2.9447410106658936,-2.9066264629364014,-2.8678958415985107,-2.8303098678588867,-2.7921321392059326,-2.7527735233306885,-2.714657783508301,-2.676809310913086,-2.6392428874969482,-2.6004481315612793,-2.5627546310424805,-2.524296760559082,-2.486213207244873,-2.4476592540740967,-2.4081342220306396,-2.369922161102295,-2.331990957260132,-2.2929108142852783,-2.2525129318237305,-2.2134897708892822,-2.1742217540740967,-2.1354551315307617,-2.095592498779297,-2.055419445037842,-2.0164875984191895,-1.980133056640625,-1.9426617622375488,-1.9087677001953125,-1.8715019226074219,-1.8324731588363647,-1.79292893409729,-1.7541053295135498,-1.7146122455596924,-1.6731995344161987,-1.630658507347107,-1.5918265581130981,-1.5551085472106934,-1.516610026359558,-1.4794232845306396,-1.4432730674743652,-1.409312129020691,-1.3685402870178223,-1.3302353620529175,-1.2915157079696655,-1.2517048120498657,-1.207452654838562,-1.164793610572815,-1.129027247428894,-1.091754674911499,-1.050186276435852,-1.0196915864944458,-0.9875620603561401,-0.9484507441520691,-0.9076359868049622,-0.8704653978347778,-0.8274323344230652,-0.7864754796028137,-0.7476223111152649,-0.71119624376297,-0.6802459359169006,-0.6183457970619202,-0.5919761657714844,-0.5584205389022827,-0.5138902068138123,-0.47370439767837524,-0.43211567401885986,-0.3886016607284546,-0.35328036546707153,-0.3010407090187073,-0.2836510241031647,-0.2501584589481354,-0.21505919098854065,-0.16664819419384003],"files":["scales.webp"]},"quats":{"files":["quats.webp"]},