{"version":2,"count":524492,"means":{"mins":[-3.734317517677232,-3.4628465698642086,-1.1269818125993865],"maxs":[-3.3837433659824336,3.267662283324851,2.986976227999296],"files":["means_l.webp","means_u.webp"]},"scales":{"codebook":[-9.998808860778809,-9.957559585571289,-9.9130277633667,-9.870023727416992,-9.826722145080566,-9.782578468322754,-9.738176345825195,-9.693833351135254,-9.651694297790527,-9.608161926269531,-9.564724922180176,-9.521839141845703,-9.480223655700684,-9.43538761138916,-9.39169979095459,-9.348352432250977,-9.305533409118652,-9.262553215026855,-9.219560623168945,-9.175399780273438,-9.131538391113281,-9.088492393493652,-9.045941352844238,-9.002792358398438,-8.960402488708496,-8.916860580444336,-8.873045921325684,-8.828198432922363,-8.784842491149902,-8.741959571838379,-8.698404312133789,-8.654886245727539,-8.611855506896973,-8.569748878479004,-8.52742862701416,-8.483929634094238,-8.440509796142578,-8.396307945251465,-8.35183048248291,-8.308626174926758,-8.265472412109375,-8.221345901489258,-8.178930282592773,-8.136092185974121,-8.092005729675293,-8.047334671020508,-8.003039360046387,-7.959636688232422,-7.917088508605957,-7.873264789581299,-7.830284595489502,-7.786957263946533,-7.743748188018799,-7.700974941253662,-7.657811164855957,-7.614018440246582,-7.570900917053223,-7.5280680656433105,-7.484339237213135,-7.440548896789551,-7.397305965423584,-7.35439920425415,-7.311723232269287,-7.267890453338623,-7.223922252655029,-7.180508136749268,-7.136893272399902,-7.093626976013184,-7.051083087921143,-7.0076375007629395,-6.964848518371582,-6.921347141265869,-6.877250671386719,-6.833608150482178,-6.790847301483154,-6.747657775878906,-6.704494476318359,-6.661125183105469,-6.6175761222839355,-6.573843955993652,-6.530173301696777,-6.4867167472839355,-6.443350791931152,-6.399871826171875,-6.356795310974121,-6.313612461090088,-6.270740032196045,-6.227517127990723,-6.184013843536377,-6.140321731567383,-6.096926212310791,-6.053245544433594,-6.009787559509277,-5.966197967529297,-5.923058986663818,-5.879922389984131,-5.837282657623291,-5.794056415557861,-5.750425815582275,-5.706734657287598,-5.663008689880371,-5.619800090789795,-5.577001571655273,-5.533605575561523,-5.489638328552246,-5.446091651916504,-5.402822971343994,-5.359816551208496,-5.3163371086120605,-5.272711277008057,-5.229426383972168,-5.186161518096924,-5.143152713775635,-5.099891662597656,-5.056580066680908,-5.013423442840576,-4.969743728637695,-4.926097393035889,-4.882612228393555,-4.8392720222473145,-4.795745372772217,-4.752791404724121,-4.709535598754883,-4.666635990142822,-4.623134613037109,-4.579580307006836,-4.536056995391846,-4.492704391479492,-4.449465751647949,-4.406274795532227,-4.362758159637451,-4.319316864013672,-4.2762956619262695,-4.233807563781738,-4.192207336425781,-4.1517534255981445,-4.113332271575928,-4.077279090881348,-4.042288303375244,-4.00656270980835,-3.96835994720459,-3.9282846450805664,-3.88618540763855,-3.843075752258301,-3.7993266582489014,-3.756387948989868,-3.7133591175079346,-3.670023202896118,-3.6264564990997314,-3.583005905151367,-3.539856433868408,-3.4964935779571533,-3.4533040523529053,-3.4101383686065674,-3.366706609725952,-3.3227407932281494,-3.279155969619751,-3.235919713973999,-3.1932191848754883,-3.1499838829040527,-3.1065781116485596,-3.0634920597076416,-3.020597219467163,-2.977261781692505,-2.934128999710083,-2.8906471729278564,-2.84706711769104,-2.8031067848205566,-2.7595598697662354,-2.7160439491271973,-2.6725103855133057,-2.629021406173706,-2.5860209465026855,-2.5437066555023193,-2.5013437271118164,-2.4581236839294434,-2.414320707321167,-2.3716135025024414,-2.3283891677856445,-2.2856452465057373,-2.241973400115967,-2.19797420501709,-2.1537492275238037,-2.108600378036499,-2.063063859939575,-2.0174412727355957,-1.9776403903961182,-1.9358307123184204,-1.8925933837890625,-1.850297212600708,-1.8078347444534302,-1.7647267580032349,-1.7217270135879517,-1.6777691841125488,-1.6335872411727905,-1.5899723768234253,-1.5475883483886719,-1.5050318241119385,-1.4627208709716797,-1.4177628755569458,-1.3737989664077759,-1.3283674716949463,-1.2845230102539062,-1.2430484294891357,-1.1993273496627808,-1.156446099281311,-1.1133300065994263,-1.0708236694335938,-1.0253126621246338,-0.9790292382240295,-0.936671257019043,-0.8951688408851624,-0.852513313293457,-0.8101793527603149,-0.7669883370399475,-0.7253001928329468,-0.6814835071563721,-0.6376681923866272,-0.593360960483551,-0.546424925327301,-0.5016123652458191,-0.4604906141757965,-0.4177010953426361,-0.3761967718601227,-0.33574041724205017,-0.28615376353263855,-0.2435755878686905,-0.20055323839187622,-0.15627741813659668,-0.11365912854671478,-0.07441002130508423,-0.02788049727678299,0.01830460876226425,0.05692503601312637,0.10712294280529022,0.15150894224643707,0.19142787158489227,0.23636509478092194,0.26981687545776367,0.326394259929657,0.3605918884277344,0.39892512559890747,0.4512843191623688,0.5019022226333618,0.5346530675888062,0.5790162682533264,0.6213948130607605,0.666032075881958,0.7125707864761353,0.751954197883606,0.8142861127853394,0.8476607203483582,0.8934361934661865,0.9467768669128418,0.9780817031860352,1.0502957105636597],"files":["scales.webp"]},"quats":{"files":["quats.webp"]},