{"version":2,"count":757921,"means":{"mins":[1.4377403390297046,-2.841746549882884,-1.917883426114181],"maxs":[2.0366095124819172,1.942904286661061,1.8212012651435239],"files":["means_l.webp","means_u.webp"]},"scales":{"codebook":[-9.998457908630371,-9.97453784942627,-9.936487197875977,-9.892579078674316,-9.850526809692383,-9.810379981994629,-9.770953178405762,-9.732282638549805,-9.693904876708984,-9.655830383300781,-9.616875648498535,-9.578378677368164,-9.540337562561035,-9.502734184265137,-9.464662551879883,-9.426800727844238,-9.388397216796875,-9.349602699279785,-9.311090469360352,-9.271926879882812,-9.232808113098145,-9.194868087768555,-9.1575345993042,-9.119894981384277,-9.08193588256836,-9.043705940246582,-9.005525588989258,-8.967817306518555,-8.929492950439453,-8.891446113586426,-8.853459358215332,-8.814888954162598,-8.776890754699707,-8.738469123840332,-8.700005531311035,-8.662445068359375,-8.62442398071289,-8.585944175720215,-8.54759407043457,-8.50937557220459,-8.469680786132812,-8.431296348571777,-8.39313793182373,-8.355381965637207,-8.31785774230957,-8.280287742614746,-8.242534637451172,-8.20412540435791,-8.16508960723877,-8.126777648925781,-8.0884428024292,-8.048908233642578,-8.010735511779785,-7.972506523132324,-7.93431282043457,-7.895995140075684,-7.857763290405273,-7.8199310302734375,-7.781813144683838,-7.743840217590332,-7.705463409423828,-7.667572975158691,-7.628814697265625,-7.5897321701049805,-7.551913261413574,-7.514108657836914,-7.4757890701293945,-7.436907768249512,-7.399203300476074,-7.361020088195801,-7.321946620941162,-7.283527851104736,-7.246158599853516,-7.208651065826416,-7.1712260246276855,-7.132848262786865,-7.094560146331787,-7.056495189666748,-7.018123626708984,-6.979388236999512,-6.94048547744751,-6.902334213256836,-6.864067077636719,-6.825954437255859,-6.787197113037109,-6.748889923095703,-6.711025238037109,-6.673187732696533,-6.634705066680908,-6.596721649169922,-6.558628559112549,-6.520248889923096,-6.4820876121521,-6.443698406219482,-6.4057111740112305,-6.3674163818359375,-6.329188823699951,-6.291009426116943,-6.252388000488281,-6.214106559753418,-6.176126480102539,-6.13837194442749,-6.100584030151367,-6.062649250030518,-6.023853778839111,-5.9852824211120605,-5.946443557739258,-5.908344268798828,-5.870332717895508,-5.83207368850708,-5.793697357177734,-5.755186557769775,-5.716927528381348,-5.67860746383667,-5.640201091766357,-5.602178573608398,-5.563604831695557,-5.525707721710205,-5.487326145172119,-5.449304580688477,-5.41111946105957,-5.372697830200195,-5.334614276885986,-5.296408653259277,-5.258383750915527,-5.220398426055908,-5.182389259338379,-5.144408702850342,-5.106178283691406,-5.067702770233154,-5.029440402984619,-4.991098880767822,-4.952896595001221,-4.914844512939453,-4.876898288726807,-4.838969707489014,-4.800961017608643,-4.7621870040893555,-4.723459720611572,-4.685191631317139,-4.647082805633545,-4.6092047691345215,-4.571008682250977,-4.532939910888672,-4.494820594787598,-4.45670223236084,-4.418391227722168,-4.379774570465088,-4.341290473937988,-4.303043842315674,-4.265045642852783,-4.227483749389648,-4.18973445892334,-4.151819229125977,-4.113471508026123,-4.075108528137207,-4.036962985992432,-3.9987473487854004,-3.9606857299804688,-3.9227476119995117,-3.884875535964966,-3.8465945720672607,-3.808283567428589,-3.7698583602905273,-3.7313733100891113,-3.693524122238159,-3.6555378437042236,-3.6174628734588623,-3.579123020172119,-3.5406551361083984,-3.502317190170288,-3.4640700817108154,-3.4257564544677734,-3.387969970703125,-3.3500943183898926,-3.312204122543335,-3.2740657329559326,-3.236168146133423,-3.1981008052825928,-3.159512519836426,-3.121062755584717,-3.082829713821411,-3.0449869632720947,-3.007188558578491,-2.9689478874206543,-2.9296839237213135,-2.8902432918548584,-2.851165294647217,-2.813417434692383,-2.776395559310913,-2.7394073009490967,-2.701270580291748,-2.6622226238250732,-2.6230199337005615,-2.585076332092285,-2.5460634231567383,-2.5089151859283447,-2.471775770187378,-2.432363986968994,-2.39322566986084,-2.355875253677368,-2.3177602291107178,-2.2785909175872803,-2.2406363487243652,-2.202659845352173,-2.165921926498413,-2.127106189727783,-2.0872201919555664,-2.0505471229553223,-2.0113062858581543,-1.9726169109344482,-1.9354881048202515,-1.8960901498794556,-1.8600618839263916,-1.8240540027618408,-1.7903127670288086,-1.7537953853607178,-1.7158923149108887,-1.6791636943817139,-1.6364071369171143,-1.5946247577667236,-1.5568971633911133,-1.5190458297729492,-1.4798169136047363,-1.4354519844055176,-1.3980311155319214,-1.3642239570617676,-1.3262462615966797,-1.2809643745422363,-1.2335129976272583,-1.2026222944259644,-1.1609758138656616,-1.1295493841171265,-1.0863752365112305,-1.056522250175476,-1.0132834911346436,-0.9706699252128601,-0.9369468688964844,-0.9094873070716858,-0.8666551113128662,-0.8220493197441101,-0.7756062746047974,-0.7312808632850647,-0.701826274394989,-0.6636318564414978,-0.6241088509559631,-0.5967888236045837,-0.5558441281318665,-0.5134047269821167,-0.4860577881336212,-0.4414385259151459,-0.422049880027771,-0.3831818103790283,-0.3070889115333557,-0.2791101634502411,-0.2508385479450226],"files":["scales.webp"]},"quats":{"files":["quats.webp"]},