{"version":2,"count":527971,"means":{"mins":[-7.543452362829044,-3.0123120720669827,-6.6423786510898335],"maxs":[6.588999011869828,7.4920985901572585,7.564494929231437],"files":["means_l.webp","means_u.webp"]},"scales":{"codebook":[-9.998173713684082,-9.948173522949219,-9.88757038116455,-9.827488899230957,-9.769702911376953,-9.711560249328613,-9.654450416564941,-9.596776008605957,-9.539243698120117,-9.481231689453125,-9.424605369567871,-9.366819381713867,-9.308958053588867,-9.251554489135742,-9.193285942077637,-9.134310722351074,-9.076895713806152,-9.01989459991455,-8.962898254394531,-8.9054594039917,-8.847319602966309,-8.789400100708008,-8.732623100280762,-8.675850868225098,-8.6198091506958,-8.561566352844238,-8.502900123596191,-8.444462776184082,-8.386465072631836,-8.32847785949707,-8.27063274383545,-8.213868141174316,-8.157155990600586,-8.099218368530273,-8.040764808654785,-7.9834113121032715,-7.925731182098389,-7.868490219116211,-7.811122894287109,-7.753345489501953,-7.69392728805542,-7.636658668518066,-7.579458713531494,-7.522955417633057,-7.466136455535889,-7.408740997314453,-7.350724697113037,-7.292019844055176,-7.234493732452393,-7.177560329437256,-7.119890213012695,-7.061892509460449,-7.004262447357178,-6.947020053863525,-6.889124393463135,-6.829830646514893,-6.770684242248535,-6.712302207946777,-6.656143665313721,-6.601446151733398,-6.547355651855469,-6.4918951988220215,-6.434152126312256,-6.3741774559021,-6.315337657928467,-6.256987571716309,-6.198733329772949,-6.1399149894714355,-6.081743240356445,-6.0243964195251465,-5.967112064361572,-5.9094133377075195,-5.852238178253174,-5.795077800750732,-5.737782001495361,-5.68010139465332,-5.622377872467041,-5.565298557281494,-5.507472991943359,-5.450174808502197,-5.392340660095215,-5.334671497344971,-5.277009010314941,-5.2194671630859375,-5.162023544311523,-5.104046821594238,-5.046168804168701,-4.989110469818115,-4.932064533233643,-4.874745845794678,-4.816641807556152,-4.759088516235352,-4.701000213623047,-4.6430463790893555,-4.585168361663818,-4.527343273162842,-4.469912052154541,-4.412507057189941,-4.355280876159668,-4.297920227050781,-4.240474224090576,-4.182802677154541,-4.12579345703125,-4.068694114685059,-4.011476516723633,-3.954099655151367,-3.89674711227417,-3.8398776054382324,-3.783027410507202,-3.726011037826538,-3.668903350830078,-3.6119818687438965,-3.5546844005584717,-3.4968225955963135,-3.4388864040374756,-3.381150960922241,-3.32365345954895,-3.266779661178589,-3.2093210220336914,-3.1521153450012207,-3.094609022140503,-3.0368759632110596,-2.9790751934051514,-2.9212589263916016,-2.863715171813965,-2.805708646774292,-2.7484703063964844,-2.691063404083252,-2.6339995861053467,-2.5764317512512207,-2.5187582969665527,-2.46103835105896,-2.4030418395996094,-2.3452117443084717,-2.287984609603882,-2.2291247844696045,-2.1707489490509033,-2.1119236946105957,-2.05639910697937,-2.007000684738159,-1.9461965560913086,-1.8872820138931274,-1.8278603553771973,-1.7701669931411743,-1.713140845298767,-1.6559302806854248,-1.5991095304489136,-1.541707158088684,-1.4832650423049927,-1.4229600429534912,-1.36418879032135,-1.307880163192749,-1.2519804239273071,-1.1945432424545288,-1.1365442276000977,-1.0764175653457642,-1.0158054828643799,-0.9572617411613464,-0.9011468887329102,-0.8458141684532166,-0.7895707488059998,-0.7335386276245117,-0.6759846806526184,-0.6204400062561035,-0.5629109740257263,-0.5037178993225098,-0.4458679258823395,-0.386304646730423,-0.33052143454551697,-0.27592313289642334,-0.21952061355113983,-0.16124336421489716,-0.10375858843326569,-0.045162227004766464,0.011928627267479897,0.07557523250579834,0.13407990336418152,0.19027428328990936,0.24539659917354584,0.3050890862941742,0.3627414107322693,0.4229000508785248,0.48066866397857666,0.5396742224693298,0.5985175371170044,0.6559886932373047,0.7122108340263367,0.7719729542732239,0.8287678956985474,0.8866674304008484,0.9442650675773621,1.0010499954223633,1.0504635572433472,1.1055166721343994,1.1660187244415283,1.2310848236083984,1.2932864427566528,1.3499820232391357,1.4050668478012085,1.4619948863983154,1.519450068473816,1.57632577419281,1.6320927143096924,1.68670654296875,1.7405844926834106,1.801568865776062,1.8599934577941895,1.9181922674179077,1.9772132635116577,2.0412096977233887,2.0968024730682373,2.1541073322296143,2.2136478424072266,2.2704107761383057,2.3213305473327637,2.373997926712036,2.4297399520874023,2.489373207092285,2.5507771968841553,2.6064138412475586,2.6702182292938232,2.728935956954956,2.7846133708953857,2.8396244049072266,2.8981692790985107,2.9586966037750244,3.0143024921417236,3.0697810649871826,3.1194956302642822,3.1831178665161133,3.2399866580963135,3.2951459884643555,3.3470611572265625,3.4068171977996826,3.461301803588867,3.5196735858917236,3.578425168991089,3.639866590499878,3.7063868045806885,3.7616066932678223,3.814889669418335,3.865492343902588,3.917832612991333,3.97428035736084,4.0351152420043945,4.092340469360352,4.177577495574951,4.234072685241699,4.272446632385254,4.322083950042725,4.39826774597168,4.427816867828369,4.506783485412598,4.541652202606201,4.615416526794434,4.68285608291626],"files":["scales.webp"]},"quats":{"files":["quats.webp"]},