{"version":2,"count":524300,"means":{"mins":[-2.28078089686291,-7.276999505876069,-6.619832210696318],"maxs":[7.089511999365463,-3.0123129162602766,7.145737603186056],"files":["means_l.webp","means_u.webp"]},"scales":{"codebook":[-9.998254776000977,-9.953508377075195,-9.895035743713379,-9.835148811340332,-9.776944160461426,-9.721517562866211,-9.668595314025879,-9.617151260375977,-9.568673133850098,-9.522398948669434,-9.47667121887207,-9.429741859436035,-9.37856674194336,-9.325045585632324,-9.268288612365723,-9.211677551269531,-9.155808448791504,-9.10078239440918,-9.045181274414062,-8.989765167236328,-8.933465003967285,-8.87645435333252,-8.820340156555176,-8.76439094543457,-8.707844734191895,-8.651174545288086,-8.595584869384766,-8.538154602050781,-8.482625007629395,-8.425819396972656,-8.36960220336914,-8.312941551208496,-8.257173538208008,-8.203124046325684,-8.151908874511719,-8.101454734802246,-8.053890228271484,-8.007001876831055,-7.961167812347412,-7.911811351776123,-7.860989093780518,-7.807530879974365,-7.753410339355469,-7.699771881103516,-7.646977424621582,-7.596858501434326,-7.550444602966309,-7.505193710327148,-7.458512306213379,-7.408222198486328,-7.3558783531188965,-7.301433563232422,-7.2462286949157715,-7.190178394317627,-7.133400917053223,-7.076554298400879,-7.020918369293213,-6.964727878570557,-6.907712459564209,-6.8506669998168945,-6.7934722900390625,-6.736789226531982,-6.6799211502075195,-6.624099254608154,-6.570279121398926,-6.517787456512451,-6.464831352233887,-6.409471035003662,-6.352260589599609,-6.293643951416016,-6.235085964202881,-6.177373886108398,-6.12111234664917,-6.065896987915039,-6.009249210357666,-5.9525837898254395,-5.895628452301025,-5.8406291007995605,-5.787206649780273,-5.735014915466309,-5.685347557067871,-5.638592720031738,-5.592645168304443,-5.545623779296875,-5.495927810668945,-5.443564414978027,-5.3894944190979,-5.334566116333008,-5.28007698059082,-5.224930763244629,-5.169292449951172,-5.111804485321045,-5.054943561553955,-4.999417304992676,-4.942441463470459,-4.885871887207031,-4.829179763793945,-4.772813320159912,-4.716360092163086,-4.659128189086914,-4.60280179977417,-4.546960353851318,-4.4910783767700195,-4.43454647064209,-4.377924919128418,-4.32159423828125,-4.265293121337891,-4.209221839904785,-4.153461933135986,-4.097573280334473,-4.041012287139893,-3.9845612049102783,-3.9284775257110596,-3.872457981109619,-3.8159704208374023,-3.759800672531128,-3.7038168907165527,-3.6486692428588867,-3.592979907989502,-3.5388338565826416,-3.4859678745269775,-3.435281991958618,-3.3874688148498535,-3.3414762020111084,-3.2955217361450195,-3.2472550868988037,-3.196787118911743,-3.143533706665039,-3.088423490524292,-3.032867193222046,-2.976858377456665,-2.9210379123687744,-2.864713191986084,-2.808765411376953,-2.752431631088257,-2.6960949897766113,-2.6401867866516113,-2.5843608379364014,-2.5284976959228516,-2.472386598587036,-2.4162471294403076,-2.3607113361358643,-2.3049051761627197,-2.249588966369629,-2.1957545280456543,-2.1437737941741943,-2.0949864387512207,-2.0493109226226807,-2.0057578086853027,-1.9575332403182983,-1.9065896272659302,-1.85362708568573,-1.7994459867477417,-1.743546485900879,-1.68697190284729,-1.6302934885025024,-1.5741244554519653,-1.5183106660842896,-1.4624674320220947,-1.4062000513076782,-1.350392460823059,-1.2936204671859741,-1.236647129058838,-1.1806871891021729,-1.1247917413711548,-1.0687692165374756,-1.0125951766967773,-0.9570183753967285,-0.9007348418235779,-0.8451211452484131,-0.7918832302093506,-0.7373766303062439,-0.6799976229667664,-0.6228150129318237,-0.5664615631103516,-0.5105947256088257,-0.45363524556159973,-0.39996427297592163,-0.3460964858531952,-0.2898924648761749,-0.23263326287269592,-0.1748967170715332,-0.11121572554111481,-0.055773019790649414,0.002860937500372529,0.06258685886859894,0.1197429820895195,0.1738898903131485,0.23196732997894287,0.28326839208602905,0.3342200219631195,0.38254478573799133,0.4384995996952057,0.4945875406265259,0.5575927495956421,0.6154012084007263,0.6722971200942993,0.7323803901672363,0.7874155044555664,0.8422942757606506,0.8948598504066467,0.9543493986129761,1.008452296257019,1.0595524311065674,1.1176902055740356,1.1777856349945068,1.2330647706985474,1.2883151769638062,1.3394155502319336,1.4104149341583252,1.4515436887741089,1.5016276836395264,1.578837513923645,1.6274328231811523,1.6798101663589478,1.7443406581878662,1.8038151264190674,1.850130558013916,1.9113613367080688,1.9549815654754639,2.0435450077056885,2.0721709728240967,2.1221916675567627,2.182779312133789,2.2525253295898438,2.3055953979492188,2.3630242347717285,2.415994167327881,2.4720523357391357,2.537590742111206,2.591099262237549,2.6326332092285156,2.7037782669067383,2.7649130821228027,2.8035526275634766,2.8728933334350586,2.9208273887634277,2.9775891304016113,3.013305425643921,3.084293842315674,3.14704966545105,3.2105963230133057,3.3168129920959473,3.3804168701171875,3.4848740100860596,3.536588430404663,3.6028072834014893,3.6771950721740723,3.736166000366211,3.773602247238159,3.868748426437378,3.9086899757385254,4.127300262451172,4.215732574462891,4.268486499786377,4.32882833480835],"files":["scales.webp"]},"quats":{"files":["quats.webp"]},