{"version":2,"count":524432,"means":{"mins":[-6.250595887916956,-4.94494180936994,-4.659620425874139],"maxs":[-5.537981894983724,5.609362350701683,-4.2488173685929524],"files":["means_l.webp","means_u.webp"]},"scales":{"codebook":[-10,-9.91031551361084,-7.755586624145508,-7.191838264465332,-7.122708797454834,-6.927938938140869,-6.738168716430664,-6.531826019287109,-6.461115837097168,-6.2582268714904785,-6.244404315948486,-6.137654781341553,-6.066393852233887,-5.915334224700928,-5.860697269439697,-5.855667591094971,-5.784127235412598,-5.668155670166016,-5.635956764221191,-5.577006816864014,-5.564246654510498,-5.465727806091309,-5.384106636047363,-5.356265544891357,-5.304433345794678,-5.2315168380737305,-5.173912525177002,-5.163149356842041,-5.09915828704834,-5.036076068878174,-4.982287883758545,-4.949710369110107,-4.928605079650879,-4.88388204574585,-4.855030059814453,-4.829181671142578,-4.775824069976807,-4.738754749298096,-4.693644046783447,-4.662167072296143,-4.616205215454102,-4.579261302947998,-4.573070526123047,-4.53101921081543,-4.481171607971191,-4.419059753417969,-4.364457130432129,-4.323724269866943,-4.270901203155518,-4.214659214019775,-4.172457695007324,-4.129687309265137,-4.075058460235596,-4.019956588745117,-3.967700481414795,-3.922548532485962,-3.8828418254852295,-3.8400444984436035,-3.796536684036255,-3.7543606758117676,-3.7101311683654785,-3.677734851837158,-3.643986225128174,-3.6046836376190186,-3.555284023284912,-3.495311975479126,-3.4380321502685547,-3.394991636276245,-3.3498127460479736,-3.298123359680176,-3.2597274780273438,-3.224576473236084,-3.1946842670440674,-3.179588794708252,-3.1656417846679688,-3.1421263217926025,-3.118879556655884,-3.0919606685638428,-3.063523054122925,-3.041700601577759,-3.0231733322143555,-3.006880283355713,-2.9861621856689453,-2.9579055309295654,-2.925819158554077,-2.897138833999634,-2.8713667392730713,-2.845827579498291,-2.82297420501709,-2.80720853805542,-2.796201467514038,-2.7766575813293457,-2.755974054336548,-2.74007511138916,-2.7203962802886963,-2.6994802951812744,-2.683861494064331,-2.669536590576172,-2.654646873474121,-2.63570499420166,-2.6056346893310547,-2.57672119140625,-2.5502519607543945,-2.5246124267578125,-2.502035140991211,-2.4851033687591553,-2.469146251678467,-2.446646213531494,-2.4190921783447266,-2.384371757507324,-2.347764253616333,-2.3089840412139893,-2.271557331085205,-2.235166311264038,-2.20274019241333,-2.178154706954956,-2.1545064449310303,-2.1310908794403076,-2.1083016395568848,-2.0837209224700928,-2.056288003921509,-2.026428461074829,-1.9884477853775024,-1.947930932044983,-1.908364176750183,-1.8724339008331299,-1.839969515800476,-1.811449646949768,-1.7828898429870605,-1.751884937286377,-1.720320701599121,-1.690826654434204,-1.6664527654647827,-1.6426541805267334,-1.615588665008545,-1.586553692817688,-1.557437777519226,-1.5327016115188599,-1.5109097957611084,-1.4942045211791992,-1.4791377782821655,-1.4612177610397339,-1.4417058229446411,-1.4204158782958984,-1.3972852230072021,-1.3756814002990723,-1.3553696870803833,-1.3387115001678467,-1.3241000175476074,-1.309552788734436,-1.2945743799209595,-1.2765907049179077,-1.2551385164260864,-1.2321206331253052,-1.206329584121704,-1.1756137609481812,-1.142073392868042,-1.1036866903305054,-1.061284065246582,-1.0157309770584106,-0.9672168493270874,-0.9186049699783325,-0.873308002948761,-0.8323111534118652,-0.7974730134010315,-0.7694762349128723,-0.7467373013496399,-0.726430356502533,-0.7052357196807861,-0.6819992661476135,-0.6556136608123779,-0.6246920824050903,-0.5878724455833435,-0.5458108186721802,-0.4999307096004486,-0.45146170258522034,-0.40295764803886414,-0.3553800582885742,-0.3111850321292877,-0.27120324969291687,-0.2342299371957779,-0.20008696615695953,-0.16783250868320465,-0.13664308190345764,-0.10691720992326736,-0.07752148061990738,-0.04652123525738716,-0.015808407217264175,0.014218619093298912,0.043083835393190384,0.06980552524328232,0.09507068991661072,0.12143804132938385,0.149887353181839,0.18190577626228333,0.21693891286849976,0.2526661157608032,0.2863837778568268,0.317198783159256,0.3467315435409546,0.3760438561439514,0.4077235758304596,0.4424372911453247,0.4804833233356476,0.5196334719657898,0.5578787922859192,0.5954870581626892,0.6325199604034424,0.6663751602172852,0.6977202892303467,0.7296966314315796,0.7639816999435425,0.8007161021232605,0.842474102973938,0.8895947933197021,0.940371572971344,0.9908670783042908,1.0419021844863892,1.0928230285644531,1.1464494466781616,1.1969025135040283,1.2475463151931763,1.299009084701538,1.3484824895858765,1.4003303050994873,1.4512890577316284,1.502646565437317,1.554280161857605,1.6055980920791626,1.6587460041046143,1.7144943475723267,1.771535873413086,1.8214389085769653,1.8685667514801025,1.9136300086975098,1.970733642578125,2.02559757232666,2.0814108848571777,2.1265578269958496,2.178262233734131,2.2262885570526123,2.2794430255889893,2.329645872116089,2.38332462310791,2.4401378631591797,2.4986696243286133,2.549764394760132,2.5809333324432373,2.622021436691284,2.6756608486175537,2.73481822013855,2.7935009002685547,2.846658229827881,2.96940541267395,3.120137929916382,3.163980007171631],"files":["scales.webp"]},"quats":{"files":["quats.webp"]},