{"version":2,"count":530242,"means":{"mins":[1.9224754605080956,-3.892147841321548,-1.115567823456641],"maxs":[4.292520805017341,-3.075694047682815,3.003484416422819],"files":["means_l.webp","means_u.webp"]},"scales":{"codebook":[-9.999238967895508,-9.95468807220459,-9.907299041748047,-9.859918594360352,-9.812192916870117,-9.764039993286133,-9.71821403503418,-9.670829772949219,-9.623722076416016,-9.57641887664795,-9.52981185913086,-9.48363971710205,-9.437202453613281,-9.39171028137207,-9.346755027770996,-9.302491188049316,-9.260466575622559,-9.22150993347168,-9.183564186096191,-9.144983291625977,-9.103485107421875,-9.060033798217773,-9.014592170715332,-8.968606948852539,-8.922616958618164,-8.875838279724121,-8.82856273651123,-8.7813720703125,-8.734027862548828,-8.687765121459961,-8.64189338684082,-8.595998764038086,-8.548803329467773,-8.501509666442871,-8.454060554504395,-8.406417846679688,-8.360462188720703,-8.313518524169922,-8.267197608947754,-8.220138549804688,-8.17314624786377,-8.126254081726074,-8.07865047454834,-8.031068801879883,-7.984182834625244,-7.93766975402832,-7.891160011291504,-7.844992637634277,-7.798392295837402,-7.751221656799316,-7.704108715057373,-7.657291412353516,-7.60995626449585,-7.564240455627441,-7.517455101013184,-7.469320297241211,-7.422431468963623,-7.3759002685546875,-7.329394340515137,-7.28264045715332,-7.23548698425293,-7.188693046569824,-7.141693592071533,-7.094733715057373,-7.048325538635254,-7.001598834991455,-6.954687595367432,-6.907786846160889,-6.861481666564941,-6.816100120544434,-6.771975040435791,-6.73057222366333,-6.692393779754639,-6.657303810119629,-6.624851703643799,-6.591919898986816,-6.557481288909912,-6.520027160644531,-6.4793291091918945,-6.436171054840088,-6.3921380043029785,-6.348450183868408,-6.306549072265625,-6.267053127288818,-6.2301530838012695,-6.195128440856934,-6.1608123779296875,-6.126131057739258,-6.090454578399658,-6.052659034729004,-6.0123677253723145,-5.970118999481201,-5.927364826202393,-5.885509967803955,-5.846665859222412,-5.81168270111084,-5.780192852020264,-5.749698162078857,-5.71673583984375,-5.679983615875244,-5.639530658721924,-5.596088886260986,-5.552358150482178,-5.509758472442627,-5.469415187835693,-5.432432174682617,-5.398458957672119,-5.365854263305664,-5.332921981811523,-5.297708511352539,-5.259881019592285,-5.218624114990234,-5.174285888671875,-5.128754138946533,-5.082834720611572,-5.036768913269043,-4.990493297576904,-4.9441046714782715,-4.898614406585693,-4.855837821960449,-4.8151774406433105,-4.77611780166626,-4.738048553466797,-4.698220252990723,-4.657010078430176,-4.6126389503479,-4.566616058349609,-4.520139217376709,-4.472794532775879,-4.426448345184326,-4.380002021789551,-4.332769870758057,-4.285754203796387,-4.237621784210205,-4.190179347991943,-4.143692970275879,-4.0970377922058105,-4.050259113311768,-4.003789901733398,-3.958087921142578,-3.913104772567749,-3.8701441287994385,-3.829909086227417,-3.790940523147583,-3.7528951168060303,-3.713426113128662,-3.6719892024993896,-3.6278011798858643,-3.582496166229248,-3.5360267162323,-3.4895987510681152,-3.442864179611206,-3.396519422531128,-3.3497791290283203,-3.302288293838501,-3.2556240558624268,-3.208784341812134,-3.1624112129211426,-3.116050958633423,-3.0691022872924805,-3.022559642791748,-2.9759206771850586,-2.9294281005859375,-2.882608413696289,-2.835249423980713,-2.788329839706421,-2.741852283477783,-2.695735454559326,-2.6489579677581787,-2.6016764640808105,-2.5547144412994385,-2.508894920349121,-2.4622504711151123,-2.4150850772857666,-2.3688790798187256,-2.321847915649414,-2.2739429473876953,-2.226536989212036,-2.1786577701568604,-2.130976676940918,-2.0852770805358887,-2.0432350635528564,-2.0036535263061523,-1.9537845849990845,-1.9041850566864014,-1.8555487394332886,-1.807518720626831,-1.7615290880203247,-1.715476155281067,-1.668575644493103,-1.6236701011657715,-1.577932596206665,-1.530240774154663,-1.4822266101837158,-1.4353755712509155,-1.3895493745803833,-1.3424038887023926,-1.2941416501998901,-1.245095133781433,-1.195756435394287,-1.1476085186004639,-1.099799394607544,-1.0552021265029907,-1.01274573802948,-0.9645809531211853,-0.9210767149925232,-0.8773653507232666,-0.8305175304412842,-0.7833957672119141,-0.736255407333374,-0.6858661770820618,-0.6393696069717407,-0.5896090269088745,-0.5394971370697021,-0.49030736088752747,-0.44310852885246277,-0.3928917348384857,-0.349505215883255,-0.3088764250278473,-0.26798731088638306,-0.21693606674671173,-0.174553781747818,-0.13124944269657135,-0.08164945989847183,-0.037835292518138885,0.03390536829829216,0.07576647400856018,0.12180027365684509,0.15825891494750977,0.20479558408260345,0.2551025450229645,0.3068092465400696,0.350569486618042,0.39297419786453247,0.44455960392951965,0.4983498454093933,0.537600040435791,0.5903550982475281,0.6299471259117126,0.6770015954971313,0.724431574344635,0.7607225179672241,0.8221824169158936,0.8647311329841614,0.9144102931022644,0.9625760912895203,1.0180730819702148,1.0596833229064941,1.0956385135650635,1.1466906070709229,1.2112749814987183,1.3366453647613525,1.7394993305206299,1.830153226852417,1.886989951133728,1.943181037902832],"files":["scales.webp"]},"quats":{"files":["quats.webp"]},