{"version":2,"count":525018,"means":{"mins":[-4.595473051837698,-3.7999235082074976,-1.1925758554875123],"maxs":[-2.5377776498251663,2.7243490938108144,3.1748590096418536],"files":["means_l.webp","means_u.webp"]},"scales":{"codebook":[-9.999120712280273,-9.95395278930664,-9.906083106994629,-9.86148452758789,-9.8182954788208,-9.775382041931152,-9.734513282775879,-9.695669174194336,-9.657757759094238,-9.620227813720703,-9.580615043640137,-9.538605690002441,-9.4949312210083,-9.450791358947754,-9.406059265136719,-9.36117172241211,-9.315903663635254,-9.27037525177002,-9.224430084228516,-9.17956256866455,-9.134299278259277,-9.088401794433594,-9.042367935180664,-8.996086120605469,-8.950550079345703,-8.904356956481934,-8.858846664428711,-8.813615798950195,-8.768027305603027,-8.722491264343262,-8.676698684692383,-8.629981994628906,-8.584430694580078,-8.53926944732666,-8.494189262390137,-8.44879150390625,-8.402813911437988,-8.35678768157959,-8.311223983764648,-8.265496253967285,-8.2196626663208,-8.17442512512207,-8.129231452941895,-8.083847999572754,-8.038326263427734,-7.992165565490723,-7.9450154304504395,-7.899412631988525,-7.8534650802612305,-7.809130668640137,-7.763578414916992,-7.718485355377197,-7.672701358795166,-7.627717018127441,-7.5822978019714355,-7.536362171173096,-7.490692138671875,-7.445667743682861,-7.399428367614746,-7.353551387786865,-7.308175086975098,-7.262272834777832,-7.216144561767578,-7.170150279998779,-7.124568462371826,-7.079575061798096,-7.034295558929443,-6.9876604080200195,-6.9415364265441895,-6.895587921142578,-6.8511857986450195,-6.8065338134765625,-6.761157989501953,-6.714966297149658,-6.669057369232178,-6.621891975402832,-6.575644016265869,-6.529971122741699,-6.484440326690674,-6.438850402832031,-6.392676830291748,-6.348001003265381,-6.302180290222168,-6.256573677062988,-6.211082458496094,-6.166006088256836,-6.12101936340332,-6.0751051902771,-6.029802322387695,-5.984444618225098,-5.938827037811279,-5.893420696258545,-5.847873210906982,-5.801800727844238,-5.755650997161865,-5.70993185043335,-5.6642656326293945,-5.618982315063477,-5.573379039764404,-5.528341293334961,-5.482349872589111,-5.436706066131592,-5.391114234924316,-5.344723224639893,-5.298543930053711,-5.2530412673950195,-5.208308696746826,-5.162750244140625,-5.116476058959961,-5.070698261260986,-5.02586030960083,-4.980534553527832,-4.9345831871032715,-4.888468265533447,-4.842714309692383,-4.796945095062256,-4.751240253448486,-4.706424236297607,-4.661009311676025,-4.615299224853516,-4.569342136383057,-4.524666786193848,-4.481046676635742,-4.4390082359313965,-4.399301528930664,-4.361584663391113,-4.323898792266846,-4.2852067947387695,-4.2443156242370605,-4.201685428619385,-4.157630443572998,-4.112639904022217,-4.066753387451172,-4.020845413208008,-3.975236415863037,-3.929719924926758,-3.884329080581665,-3.839212656021118,-3.7937798500061035,-3.747845411300659,-3.702310562133789,-3.657170534133911,-3.6119751930236816,-3.5658578872680664,-3.5196194648742676,-3.473147392272949,-3.4272685050964355,-3.3821585178375244,-3.337336778640747,-3.292314052581787,-3.246697425842285,-3.2012979984283447,-3.155715227127075,-3.109781503677368,-3.064333200454712,-3.0188465118408203,-2.9731974601745605,-2.927703619003296,-2.882211446762085,-2.836611270904541,-2.7910659313201904,-2.7452192306518555,-2.699437141418457,-2.653991222381592,-2.608278751373291,-2.5626072883605957,-2.5171051025390625,-2.4718127250671387,-2.42673921585083,-2.3810136318206787,-2.3351056575775146,-2.2900502681732178,-2.244344711303711,-2.1982760429382324,-2.1518712043762207,-2.1052160263061523,-2.058069944381714,-2.0124454498291016,-1.969385027885437,-1.9248878955841064,-1.8803114891052246,-1.8348641395568848,-1.7892296314239502,-1.7436903715133667,-1.6971238851547241,-1.6517083644866943,-1.6063270568847656,-1.560200810432434,-1.5137501955032349,-1.4688173532485962,-1.4223215579986572,-1.3766121864318848,-1.3316177129745483,-1.2867408990859985,-1.240983247756958,-1.1945136785507202,-1.1473368406295776,-1.101151704788208,-1.055516004562378,-1.009981393814087,-0.9654638171195984,-0.9208365082740784,-0.8750358819961548,-0.8299232721328735,-0.78416508436203,-0.7377490997314453,-0.6920871734619141,-0.6473682522773743,-0.6016698479652405,-0.5555470585823059,-0.5104723572731018,-0.46419888734817505,-0.41800457239151,-0.37012308835983276,-0.3273254930973053,-0.2831527888774872,-0.2385573387145996,-0.19344009459018707,-0.1471652388572693,-0.10036250948905945,-0.056489504873752594,-0.009992248378694057,0.0407668761909008,0.08397886902093887,0.1267939656972885,0.17254377901554108,0.21804696321487427,0.25934088230133057,0.3021712601184845,0.3471226692199707,0.39797577261924744,0.4465952217578888,0.488906592130661,0.5334081649780273,0.5825577974319458,0.629832923412323,0.671729564666748,0.7111874222755432,0.758956253528595,0.7969139814376831,0.8489820957183838,0.9012356400489807,0.9570292234420776,1.0011591911315918,1.0387359857559204,1.084823727607727,1.1287578344345093,1.1758686304092407,1.2154864072799683,1.2649080753326416,1.3483532667160034,1.4196525812149048,1.4409959316253662,1.5441044569015503,1.5911729335784912,1.6299986839294434],"files":["scales.webp"]},"quats":{"files":["quats.webp"]},