{"version":2,"count":525221,"means":{"mins":[-2.5376832693672187,-3.0919487267504056,-1.509702055428744],"maxs":[4.277705930939599,-1.4830045080835315,3.073730268560009],"files":["means_l.webp","means_u.webp"]},"scales":{"codebook":[-9.999116897583008,-9.955245018005371,-9.909296989440918,-9.863692283630371,-9.818656921386719,-9.773581504821777,-9.727533340454102,-9.682591438293457,-9.6376314163208,-9.592179298400879,-9.547425270080566,-9.502723693847656,-9.458069801330566,-9.41325855255127,-9.367438316345215,-9.322155952453613,-9.278658866882324,-9.236692428588867,-9.19765567779541,-9.159863471984863,-9.122823715209961,-9.084115982055664,-9.044454574584961,-9.002314567565918,-8.958662033081055,-8.913787841796875,-8.868643760681152,-8.824264526367188,-8.778398513793945,-8.732429504394531,-8.68689250946045,-8.641694068908691,-8.596707344055176,-8.552315711975098,-8.507672309875488,-8.462764739990234,-8.41640853881836,-8.37048625946045,-8.325211524963379,-8.279191017150879,-8.233640670776367,-8.189587593078613,-8.144574165344238,-8.099435806274414,-8.053794860839844,-8.007574081420898,-7.962036609649658,-7.916832447052002,-7.871605396270752,-7.82642936706543,-7.782294273376465,-7.739675998687744,-7.6986894607543945,-7.659814357757568,-7.621674537658691,-7.584670543670654,-7.5463547706604,-7.505932807922363,-7.463373184204102,-7.418837547302246,-7.3740410804748535,-7.3286919593811035,-7.283549785614014,-7.237099647521973,-7.1923346519470215,-7.147306442260742,-7.101348876953125,-7.055981636047363,-7.01042366027832,-6.965606689453125,-6.921078681945801,-6.875854015350342,-6.828963279724121,-6.783908843994141,-6.739057540893555,-6.694156646728516,-6.64828634262085,-6.603239059448242,-6.558253765106201,-6.513815879821777,-6.469504356384277,-6.425151824951172,-6.37870454788208,-6.332719802856445,-6.287365913391113,-6.241518020629883,-6.19589900970459,-6.150489807128906,-6.106157302856445,-6.060927867889404,-6.015143871307373,-5.969285011291504,-5.924258232116699,-5.879819393157959,-5.8344502449035645,-5.790063381195068,-5.7451372146606445,-5.700014591217041,-5.65453577041626,-5.608434200286865,-5.562644004821777,-5.516657829284668,-5.470064163208008,-5.425050258636475,-5.38060188293457,-5.3361124992370605,-5.291366100311279,-5.246155261993408,-5.200501441955566,-5.155220031738281,-5.109814167022705,-5.064105033874512,-5.018872261047363,-4.973605155944824,-4.928335666656494,-4.883331775665283,-4.837708950042725,-4.792019844055176,-4.746969699859619,-4.7018303871154785,-4.656520843505859,-4.61098051071167,-4.565464019775391,-4.520053863525391,-4.474344253540039,-4.429611682891846,-4.384810924530029,-4.3400373458862305,-4.295175075531006,-4.250128746032715,-4.204674243927002,-4.160151481628418,-4.1156415939331055,-4.072414398193359,-4.030878067016602,-3.991044759750366,-3.953320264816284,-3.9162120819091797,-3.878377676010132,-3.8381943702697754,-3.7961783409118652,-3.752352714538574,-3.7075583934783936,-3.6627044677734375,-3.6174755096435547,-3.5724599361419678,-3.527048110961914,-3.4818382263183594,-3.4369888305664062,-3.3916192054748535,-3.346580982208252,-3.3013687133789062,-3.256161689758301,-3.2106130123138428,-3.165372848510742,-3.1198785305023193,-3.0745527744293213,-3.029285430908203,-2.9844233989715576,-2.9393885135650635,-2.8938660621643066,-2.848698854446411,-2.8034415245056152,-2.758650064468384,-2.713812828063965,-2.6689231395721436,-2.6236841678619385,-2.578561305999756,-2.5334908962249756,-2.4885714054107666,-2.4432544708251953,-2.398369550704956,-2.3548429012298584,-2.311997175216675,-2.2717859745025635,-2.2336905002593994,-2.196302890777588,-2.158297300338745,-2.1181886196136475,-2.077561378479004,-2.038641929626465,-2.001983880996704,-1.9532989263534546,-1.9052503108978271,-1.857408046722412,-1.810872197151184,-1.763551115989685,-1.717379093170166,-1.672137975692749,-1.6270042657852173,-1.582197904586792,-1.5369200706481934,-1.4921575784683228,-1.4482182264328003,-1.4045125246047974,-1.3576719760894775,-1.3129184246063232,-1.2675714492797852,-1.221792221069336,-1.1776326894760132,-1.1326113939285278,-1.087714672088623,-1.043864130973816,-0.997747540473938,-0.9509385824203491,-0.9071099758148193,-0.8622674942016602,-0.8168681263923645,-0.769990086555481,-0.724074125289917,-0.6771952509880066,-0.6325038075447083,-0.5894563794136047,-0.5460165143013,-0.5027658343315125,-0.45459163188934326,-0.41061699390411377,-0.3682146966457367,-0.3245932459831238,-0.28224626183509827,-0.23601531982421875,-0.19286932051181793,-0.1438695788383484,-0.09464047849178314,-0.04769710823893547,-0.0031906452495604753,0.04267971217632294,0.0942700207233429,0.13797679543495178,0.17829912900924683,0.2236384153366089,0.2716882526874542,0.3218246400356293,0.3686710596084595,0.41470128297805786,0.4645693600177765,0.5028550028800964,0.5413395762443542,0.584271252155304,0.6357153058052063,0.6864563226699829,0.7260661125183105,0.771082878112793,0.8204184770584106,0.8585231304168701,0.8987856507301331,1.0064777135849,1.036482572555542,1.1867750883102417,1.2346117496490479,1.2847460508346558,1.329146146774292,1.3756635189056396,1.4008886814117432,1.437997579574585,1.5374705791473389],"files":["scales.webp"]},"quats":{"files":["quats.webp"]},