{"version":2,"count":527628,"means":{"mins":[-4.878433699561885,-3.892145350903432,-1.175289839368462],"maxs":[2.4995573885571085,5.10653133222958,3.1010220240737465],"files":["means_l.webp","means_u.webp"]},"scales":{"codebook":[-9.999646186828613,-9.99122142791748,-9.975762367248535,-9.950037956237793,-9.914779663085938,-9.873686790466309,-9.829444885253906,-9.783489227294922,-9.73471736907959,-9.684099197387695,-9.632492065429688,-9.579916000366211,-9.528392791748047,-9.476032257080078,-9.425471305847168,-9.373770713806152,-9.320162773132324,-9.267662048339844,-9.214066505432129,-9.160036087036133,-9.10715389251709,-9.055486679077148,-9.004698753356934,-8.951960563659668,-8.899060249328613,-8.846517562866211,-8.794464111328125,-8.742441177368164,-8.689666748046875,-8.637052536010742,-8.584166526794434,-8.533110618591309,-8.482023239135742,-8.428549766540527,-8.376847267150879,-8.325264930725098,-8.273420333862305,-8.221110343933105,-8.16675090789795,-8.113662719726562,-8.061735153198242,-8.009239196777344,-7.955824851989746,-7.902969837188721,-7.851654529571533,-7.800395488739014,-7.749743938446045,-7.696956157684326,-7.644021034240723,-7.590484142303467,-7.538180828094482,-7.485487937927246,-7.433119297027588,-7.382144451141357,-7.330804824829102,-7.280379295349121,-7.233071804046631,-7.188106060028076,-7.144428730010986,-7.101487636566162,-7.057336330413818,-7.0101447105407715,-6.959630489349365,-6.907470226287842,-6.856091022491455,-6.803743839263916,-6.752508640289307,-6.700320720672607,-6.647825717926025,-6.596122741699219,-6.545873641967773,-6.499040603637695,-6.45643424987793,-6.418844699859619,-6.384537696838379,-6.35007905960083,-6.3126726150512695,-6.270394802093506,-6.2237443923950195,-6.174192428588867,-6.122799873352051,-6.07144832611084,-6.019954681396484,-5.969609260559082,-5.921009063720703,-5.875472545623779,-5.833040714263916,-5.792388916015625,-5.753493785858154,-5.7160258293151855,-5.6798095703125,-5.6452813148498535,-5.612783432006836,-5.580820083618164,-5.548454284667969,-5.514970302581787,-5.480111122131348,-5.443970203399658,-5.407613754272461,-5.3707170486450195,-5.333948612213135,-5.296840667724609,-5.258472919464111,-5.218103408813477,-5.1756391525268555,-5.131750583648682,-5.088120460510254,-5.045361042022705,-5.003078460693359,-4.960086822509766,-4.914675712585449,-4.86648416519165,-4.815860271453857,-4.764257431030273,-4.712116718292236,-4.659965991973877,-4.607598781585693,-4.5555949211120605,-4.504590034484863,-4.455717086791992,-4.409353733062744,-4.365299224853516,-4.322370529174805,-4.279295921325684,-4.2339677810668945,-4.185784339904785,-4.136117935180664,-4.085167407989502,-4.0331525802612305,-3.9811947345733643,-3.9286906719207764,-3.8762402534484863,-3.824125289916992,-3.7720987796783447,-3.719898223876953,-3.6690688133239746,-3.6193935871124268,-3.571650266647339,-3.5267200469970703,-3.483626127243042,-3.4411211013793945,-3.3964807987213135,-3.349071979522705,-3.2991576194763184,-3.2476956844329834,-3.1955292224884033,-3.142986536026001,-3.0908901691436768,-3.039245367050171,-2.9886116981506348,-2.9360592365264893,-2.8831558227539062,-2.8308122158050537,-2.777939796447754,-2.7260255813598633,-2.6727352142333984,-2.619216203689575,-2.5662648677825928,-2.512511968612671,-2.4595072269439697,-2.4074199199676514,-2.3567018508911133,-2.305649518966675,-2.253598213195801,-2.200375556945801,-2.1459670066833496,-2.091524362564087,-2.041745662689209,-1.9961804151535034,-1.9406121969223022,-1.8868924379348755,-1.8329641819000244,-1.7799912691116333,-1.726882815361023,-1.6741909980773926,-1.6215242147445679,-1.5688303709030151,-1.5171387195587158,-1.463181495666504,-1.4109582901000977,-1.3575931787490845,-1.3067883253097534,-1.2561715841293335,-1.2046501636505127,-1.1528382301330566,-1.1001932621002197,-1.0474827289581299,-0.9961175918579102,-0.9438026547431946,-0.8896210193634033,-0.8385483622550964,-0.7864376902580261,-0.7352730631828308,-0.6828019618988037,-0.6295268535614014,-0.5782901644706726,-0.5263184309005737,-0.4720260798931122,-0.42130669951438904,-0.37127864360809326,-0.31913602352142334,-0.26658856868743896,-0.21351665258407593,-0.16090212762355804,-0.10609739273786545,-0.05342136695981026,-0.0009616214665584266,0.05198708549141884,0.10144831240177155,0.14915412664413452,0.1996065080165863,0.25093260407447815,0.3025967478752136,0.35502806305885315,0.4086170792579651,0.4626882076263428,0.5144747495651245,0.5653965473175049,0.6183499097824097,0.6728379726409912,0.7295945882797241,0.7848160862922668,0.8344535827636719,0.8849641680717468,0.9328899383544922,0.9855329990386963,1.0435082912445068,1.0890296697616577,1.142950177192688,1.1937066316604614,1.2492398023605347,1.3071327209472656,1.3591526746749878,1.4164130687713623,1.4638060331344604,1.5188881158828735,1.5720374584197998,1.625657320022583,1.672412395477295,1.7354189157485962,1.7675535678863525,1.817000150680542,1.8933764696121216,1.9420493841171265,2.0356013774871826,2.067908763885498,2.161452054977417,2.210146903991699,2.298264980316162,2.3567700386047363,2.4589555263519287,2.6121737957000732,2.645294189453125,2.713244915008545,3.1422390937805176,3.3509533405303955],"files":["scales.webp"]},"quats":{"files":["quats.webp"]},