{"version":2,"count":536718,"means":{"mins":[1.9224774130808018,-3.8921479969724744,-1.2864110286593275],"maxs":[4.2926683744371585,-3.075699770175464,3.125555135052506],"files":["means_l.webp","means_u.webp"]},"scales":{"codebook":[-9.998945236206055,-9.963940620422363,-9.916837692260742,-9.8681640625,-9.820112228393555,-9.772990226745605,-9.726313591003418,-9.680397987365723,-9.634836196899414,-9.589476585388184,-9.543633460998535,-9.496844291687012,-9.450672149658203,-9.404488563537598,-9.359774589538574,-9.31447982788086,-9.268365859985352,-9.222768783569336,-9.177743911743164,-9.133045196533203,-9.087247848510742,-9.040937423706055,-8.994353294372559,-8.948973655700684,-8.90346622467041,-8.857951164245605,-8.812478065490723,-8.766927719116211,-8.721467971801758,-8.67696762084961,-8.63107681274414,-8.58406925201416,-8.536979675292969,-8.490656852722168,-8.44510555267334,-8.40040397644043,-8.354769706726074,-8.309515953063965,-8.26424789428711,-8.219034194946289,-8.174018859863281,-8.128141403198242,-8.081525802612305,-8.035475730895996,-7.989591121673584,-7.944119930267334,-7.898172378540039,-7.850986480712891,-7.8046488761901855,-7.759145736694336,-7.71489143371582,-7.671305179595947,-7.625417709350586,-7.57799768447876,-7.531728744506836,-7.485811710357666,-7.439716815948486,-7.393672943115234,-7.347971439361572,-7.303276538848877,-7.257909774780273,-7.212222576141357,-7.16619348526001,-7.120185852050781,-7.074169158935547,-7.027847766876221,-6.981448650360107,-6.935896396636963,-6.890721797943115,-6.845302104949951,-6.800599098205566,-6.755124092102051,-6.7093281745910645,-6.663426876068115,-6.617699146270752,-6.571874141693115,-6.525990009307861,-6.481383800506592,-6.436147212982178,-6.390564918518066,-6.344665050506592,-6.298370838165283,-6.252285003662109,-6.206571578979492,-6.1607489585876465,-6.114308834075928,-6.068667888641357,-6.022836685180664,-5.97681188583374,-5.931673049926758,-5.88667631149292,-5.840953826904297,-5.795172691345215,-5.7493720054626465,-5.7031941413879395,-5.6576642990112305,-5.613207817077637,-5.568244457244873,-5.5228681564331055,-5.477436065673828,-5.431280612945557,-5.38491153717041,-5.339461803436279,-5.29490852355957,-5.252835750579834,-5.213811874389648,-5.177204608917236,-5.142925262451172,-5.110263347625732,-5.077342510223389,-5.042309284210205,-5.005221843719482,-4.96591854095459,-4.924766540527344,-4.882916450500488,-4.842027187347412,-4.8029069900512695,-4.765172004699707,-4.727479934692383,-4.689190864562988,-4.648696422576904,-4.6062235832214355,-4.563748359680176,-4.52347993850708,-4.48696756362915,-4.454460144042969,-4.4246296882629395,-4.394371509552002,-4.3618245124816895,-4.324941635131836,-4.283652305603027,-4.240229606628418,-4.19599723815918,-4.150889873504639,-4.10499906539917,-4.059261322021484,-4.013911247253418,-3.968637704849243,-3.922930955886841,-3.877143383026123,-3.831352472305298,-3.7857391834259033,-3.7403414249420166,-3.6945643424987793,-3.6489098072052,-3.6032814979553223,-3.5575146675109863,-3.5117290019989014,-3.4658963680267334,-3.4201912879943848,-3.37508487701416,-3.331094741821289,-3.288970708847046,-3.2487266063690186,-3.2105281352996826,-3.173301935195923,-3.134946584701538,-3.0947296619415283,-3.052306890487671,-3.0085415840148926,-2.9639501571655273,-2.918436288833618,-2.8731744289398193,-2.8282501697540283,-2.7842164039611816,-2.742229700088501,-2.7018282413482666,-2.6638736724853516,-2.626988410949707,-2.5889360904693604,-2.5485615730285645,-2.506258487701416,-2.4620885848999023,-2.4166414737701416,-2.371030569076538,-2.3259990215301514,-2.2797389030456543,-2.2330174446105957,-2.1854333877563477,-2.137390613555908,-2.091113328933716,-2.047913074493408,-2.007747173309326,-1.9626431465148926,-1.916730284690857,-1.8700923919677734,-1.8255401849746704,-1.7809594869613647,-1.734370231628418,-1.6910414695739746,-1.6478945016860962,-1.6062220335006714,-1.5671124458312988,-1.5298641920089722,-1.4903913736343384,-1.4510637521743774,-1.4097121953964233,-1.3668034076690674,-1.3231176137924194,-1.2770649194717407,-1.228817343711853,-1.1806466579437256,-1.1348623037338257,-1.0863837003707886,-1.041678786277771,-0.996856153011322,-0.9524207711219788,-0.9070895314216614,-0.8640159368515015,-0.81422358751297,-0.7707786560058594,-0.723945677280426,-0.6802909970283508,-0.6324148774147034,-0.5887694358825684,-0.5423477292060852,-0.495682954788208,-0.4493430256843567,-0.40085723996162415,-0.35916316509246826,-0.3177039921283722,-0.2778357267379761,-0.22604897618293762,-0.16979067027568817,-0.12632505595684052,-0.0836338922381401,-0.0390251949429512,0.0019334646640345454,0.05542495474219322,0.10133133083581924,0.14414730668067932,0.18903018534183502,0.2438632994890213,0.2934035360813141,0.33281150460243225,0.36877694725990295,0.41231903433799744,0.4589051306247711,0.5125725269317627,0.5568557977676392,0.5923069715499878,0.6317086815834045,0.6847385764122009,0.7476039528846741,0.7820928692817688,0.8346324563026428,0.8687787055969238,0.9165189266204834,0.9671390652656555,1.003221035003662,1.075653076171875,1.0982834100723267,1.2097748517990112,1.228713035583496,1.568693995475769,1.6500093936920166],"files":["scales.webp"]},"quats":{"files":["quats.webp"]},