{"version":2,"count":524375,"means":{"mins":[3.2855731355104183,-6.3989449368106985,-4.7686120026353525],"maxs":[6.344037461285058,5.487239090799622,-4.234730040803811],"files":["means_l.webp","means_u.webp"]},"scales":{"codebook":[-10,-9.922369956970215,-9.901350021362305,-7.755586624145508,-7.191838264465332,-7.122708797454834,-6.927938938140869,-6.738168716430664,-6.531826019287109,-6.461115837097168,-6.2582268714904785,-6.244404315948486,-6.137654781341553,-6.066393852233887,-5.915334224700928,-5.858325481414795,-5.784127235412598,-5.668155670166016,-5.635956764221191,-5.5684404373168945,-5.465657711029053,-5.384106636047363,-5.356265544891357,-5.304440498352051,-5.2315168380737305,-5.168620586395264,-5.09915828704834,-5.054301738739014,-5.0328593254089355,-4.971341609954834,-4.900102615356445,-4.837950706481934,-4.776516914367676,-4.738754749298096,-4.676646709442139,-4.616224765777588,-4.576746463775635,-4.544403553009033,-4.508139133453369,-4.469104290008545,-4.4087066650390625,-4.364550590515137,-4.313378810882568,-4.256617069244385,-4.1897501945495605,-4.1290106773376465,-4.080957412719727,-4.035818099975586,-3.992281913757324,-3.957087755203247,-3.9099905490875244,-3.855186700820923,-3.801572561264038,-3.7579991817474365,-3.7233164310455322,-3.686593532562256,-3.6366095542907715,-3.583275079727173,-3.528064489364624,-3.476367473602295,-3.4244091510772705,-3.3693184852600098,-3.307934284210205,-3.2515029907226562,-3.2007720470428467,-3.1465039253234863,-3.098248243331909,-3.062152147293091,-3.032701015472412,-3.0034475326538086,-2.9821929931640625,-2.9594287872314453,-2.9351930618286133,-2.9153592586517334,-2.8956587314605713,-2.8785176277160645,-2.8644492626190186,-2.849048614501953,-2.831285238265991,-2.8051037788391113,-2.773374319076538,-2.738323450088501,-2.6974234580993652,-2.6627514362335205,-2.628915786743164,-2.591364860534668,-2.555305242538452,-2.524585485458374,-2.5020835399627686,-2.4840991497039795,-2.468954086303711,-2.451920747756958,-2.4361352920532227,-2.420652389526367,-2.4036591053009033,-2.37896466255188,-2.3499863147735596,-2.320096731185913,-2.288543939590454,-2.2575058937072754,-2.2299396991729736,-2.199586868286133,-2.170926332473755,-2.145664930343628,-2.123964309692383,-2.1063501834869385,-2.0910420417785645,-2.0746378898620605,-2.0541093349456787,-2.028695821762085,-1.9963443279266357,-1.9643025398254395,-1.9360078573226929,-1.9093893766403198,-1.8838104009628296,-1.8571314811706543,-1.8266818523406982,-1.7940257787704468,-1.7585158348083496,-1.7220699787139893,-1.683686375617981,-1.6456571817398071,-1.6087223291397095,-1.5745453834533691,-1.5419789552688599,-1.5110290050506592,-1.479850172996521,-1.447382926940918,-1.4160475730895996,-1.3837965726852417,-1.352755069732666,-1.3230468034744263,-1.2905895709991455,-1.25534188747406,-1.2194877862930298,-1.1817865371704102,-1.145148515701294,-1.1122781038284302,-1.0825930833816528,-1.0565310716629028,-1.0344294309616089,-1.0163031816482544,-0.9983531832695007,-0.9792231917381287,-0.9557521343231201,-0.9303013682365417,-0.9059937000274658,-0.883010983467102,-0.8582051992416382,-0.8302426934242249,-0.8016749024391174,-0.774399995803833,-0.7484723329544067,-0.7230814099311829,-0.6943947672843933,-0.6612402200698853,-0.6237097382545471,-0.5832971930503845,-0.5412766337394714,-0.49896103143692017,-0.4576720893383026,-0.41769853234291077,-0.3789949417114258,-0.34211599826812744,-0.3067709803581238,-0.27196478843688965,-0.23722504079341888,-0.2035336047410965,-0.17195923626422882,-0.14326390624046326,-0.11802830547094345,-0.0955563634634018,-0.07506508380174637,-0.05559459701180458,-0.03556765243411064,-0.01304671261459589,0.012869543395936489,0.042797304689884186,0.07368296384811401,0.10188465565443039,0.1257140189409256,0.1448027491569519,0.15974991023540497,0.1725917011499405,0.1852196604013443,0.19863906502723694,0.21409665048122406,0.2326558530330658,0.2558481693267822,0.28538838028907776,0.3215899169445038,0.3645205795764923,0.41201522946357727,0.460814893245697,0.5081090927124023,0.5518313050270081,0.5909391641616821,0.6248831748962402,0.6551162004470825,0.6829544305801392,0.7098110914230347,0.7360882759094238,0.761790931224823,0.7878105640411377,0.8126607537269592,0.8366403579711914,0.8616991639137268,0.8883984684944153,0.9185491800308228,0.9521998763084412,0.9894395470619202,1.0308119058609009,1.07553231716156,1.1247977018356323,1.1772196292877197,1.2315188646316528,1.2854275703430176,1.341802716255188,1.3958076238632202,1.450256109237671,1.5045349597930908,1.5580825805664062,1.611444115638733,1.6659175157546997,1.7179871797561646,1.7724858522415161,1.8278754949569702,1.8824487924575806,1.9396451711654663,1.9935564994812012,2.052605628967285,2.111290693283081,2.166992425918579,2.215426445007324,2.277238130569458,2.33768367767334,2.3930556774139404,2.4410417079925537,2.4910569190979004,2.537148952484131,2.599048137664795,2.6549232006073,2.703991651535034,2.749351978302002,2.813291072845459,2.881229877471924,2.9387800693511963,3.002774715423584,3.04651141166687,3.0960211753845215,3.14638614654541,3.2059953212738037,3.35746169090271,3.494169235229492,3.8610944747924805,3.9773635864257812],"files":["scales.webp"]},"quats":{"files":["quats.webp"]},