{"version":2,"count":526580,"means":{"mins":[-7.571450139668198,-7.5988444962195,-6.925536798310804],"maxs":[7.589005555167607,-2.3873307804626704,7.593529766858175],"files":["means_l.webp","means_u.webp"]},"scales":{"codebook":[-9.998312950134277,-9.954010963439941,-9.892535209655762,-9.830826759338379,-9.770139694213867,-9.709484100341797,-9.650364875793457,-9.592522621154785,-9.534745216369629,-9.477001190185547,-9.420592308044434,-9.362038612365723,-9.304754257202148,-9.2460298538208,-9.187313079833984,-9.129438400268555,-9.071096420288086,-9.012174606323242,-8.955698013305664,-8.898362159729004,-8.841113090515137,-8.782483100891113,-8.723274230957031,-8.665460586547852,-8.6080322265625,-8.54961109161377,-8.492724418640137,-8.436104774475098,-8.377333641052246,-8.31865406036377,-8.260462760925293,-8.201988220214844,-8.143465995788574,-8.085138320922852,-8.026262283325195,-7.967627048492432,-7.9100260734558105,-7.852093696594238,-7.794270038604736,-7.735882759094238,-7.67818546295166,-7.620235443115234,-7.562869071960449,-7.504988193511963,-7.446632385253906,-7.3871026039123535,-7.327579975128174,-7.268007755279541,-7.210161209106445,-7.153709411621094,-7.096670150756836,-7.037724018096924,-6.979315757751465,-6.9210028648376465,-6.862335681915283,-6.803450107574463,-6.745160102844238,-6.688840866088867,-6.632047176361084,-6.575159072875977,-6.51732063293457,-6.458133220672607,-6.400758743286133,-6.342195510864258,-6.284420967102051,-6.226722240447998,-6.169123649597168,-6.111015319824219,-6.0523481369018555,-5.994516849517822,-5.936793804168701,-5.877906322479248,-5.819065093994141,-5.760108470916748,-5.701192378997803,-5.642146587371826,-5.583746433258057,-5.5258283615112305,-5.468222141265869,-5.410667419433594,-5.352988243103027,-5.295971870422363,-5.238250732421875,-5.180246829986572,-5.122403144836426,-5.063995838165283,-5.004755973815918,-4.94671106338501,-4.88948917388916,-4.8313093185424805,-4.771994590759277,-4.713159561157227,-4.654574871063232,-4.596911907196045,-4.539119243621826,-4.480654716491699,-4.422670841217041,-4.36461877822876,-4.306828022003174,-4.249276638031006,-4.191740036010742,-4.134010314941406,-4.076060771942139,-4.01738166809082,-3.959033250808716,-3.9015052318573,-3.8434667587280273,-3.785475254058838,-3.7277255058288574,-3.6703197956085205,-3.613938808441162,-3.5599498748779297,-3.5077736377716064,-3.4589550495147705,-3.4120686054229736,-3.3643689155578613,-3.3142590522766113,-3.261202335357666,-3.205698013305664,-3.1485044956207275,-3.0908849239349365,-3.0327422618865967,-2.974736452102661,-2.916665554046631,-2.858750343322754,-2.800710678100586,-2.7428057193756104,-2.6846747398376465,-2.626420259475708,-2.56874418258667,-2.511159896850586,-2.4534308910369873,-2.395552396774292,-2.33719539642334,-2.2779412269592285,-2.218949317932129,-2.1610400676727295,-2.1037371158599854,-2.0494418144226074,-2.000758409500122,-1.9385024309158325,-1.8774038553237915,-1.8172987699508667,-1.7579060792922974,-1.69918954372406,-1.6416349411010742,-1.583789587020874,-1.5259406566619873,-1.4681479930877686,-1.409938931465149,-1.3521310091018677,-1.2942050695419312,-1.235720157623291,-1.1770747900009155,-1.1197775602340698,-1.0621185302734375,-1.0037256479263306,-0.9452658295631409,-0.886411190032959,-0.8288679718971252,-0.7705626487731934,-0.7127984166145325,-0.655749499797821,-0.5983331203460693,-0.540993869304657,-0.4822288751602173,-0.4247323274612427,-0.36594054102897644,-0.3086967468261719,-0.2501569986343384,-0.19246727228164673,-0.13555383682250977,-0.07759246975183487,-0.016987217590212822,0.0405668243765831,0.10025771707296371,0.1593300998210907,0.21664310991764069,0.2726265490055084,0.32936298847198486,0.3875211477279663,0.4455149471759796,0.5032950043678284,0.5644599795341492,0.6221717596054077,0.6745604276657104,0.7344276309013367,0.7969933748245239,0.8587931394577026,0.9194395542144775,0.9788114428520203,1.0399056673049927,1.0995537042617798,1.154671549797058,1.2055699825286865,1.2615742683410645,1.3247952461242676,1.3849190473556519,1.446231484413147,1.5048409700393677,1.5635063648223877,1.6230372190475464,1.679886817932129,1.7328230142593384,1.7873492240905762,1.8445075750350952,1.9029396772384644,1.9599013328552246,2.018800735473633,2.0775084495544434,2.134971857070923,2.1932599544525146,2.2577595710754395,2.316286563873291,2.3718230724334717,2.428637742996216,2.4819393157958984,2.5344338417053223,2.596672296524048,2.6551921367645264,2.7127697467803955,2.7698938846588135,2.828450918197632,2.8879613876342773,2.9463443756103516,3.0008273124694824,3.0615975856781006,3.119591236114502,3.181104898452759,3.23921537399292,3.2996327877044678,3.355746030807495,3.407702922821045,3.4584338665008545,3.5176808834075928,3.5755157470703125,3.6286814212799072,3.690462589263916,3.7495996952056885,3.808551788330078,3.8635525703430176,3.9222609996795654,3.9787635803222656,4.040560245513916,4.103435516357422,4.158576011657715,4.210151195526123,4.279109954833984,4.337921619415283,4.384096145629883,4.420385360717773,4.502929210662842,4.553733825683594,4.652898788452148,4.713098526000977,4.805911064147949],"files":["scales.webp"]},"quats":{"files":["quats.webp"]},