{"version":2,"count":532774,"means":{"mins":[3.024596522711135,-4.7686970683292165,-0.9750004282725642],"maxs":[4.590774460428468,-3.892148697401343,3.356949915718829],"files":["means_l.webp","means_u.webp"]},"scales":{"codebook":[-9.998499870300293,-9.964215278625488,-9.915901184082031,-9.866878509521484,-9.819372177124023,-9.772238731384277,-9.726269721984863,-9.68118953704834,-9.633904457092285,-9.587058067321777,-9.540843963623047,-9.494424819946289,-9.447569847106934,-9.401555061340332,-9.355361938476562,-9.309622764587402,-9.264065742492676,-9.217926025390625,-9.171114921569824,-9.124886512756348,-9.079742431640625,-9.034382820129395,-8.987505912780762,-8.940398216247559,-8.893193244934082,-8.846761703491211,-8.800935745239258,-8.755800247192383,-8.710699081420898,-8.664878845214844,-8.619776725769043,-8.57419204711914,-8.527673721313477,-8.481618881225586,-8.43456745147705,-8.388022422790527,-8.342440605163574,-8.295884132385254,-8.250935554504395,-8.20551586151123,-8.15936279296875,-8.113015174865723,-8.066689491271973,-8.02077865600586,-7.9755096435546875,-7.929253101348877,-7.8821702003479,-7.835564613342285,-7.788295745849609,-7.742969512939453,-7.697851181030273,-7.652235507965088,-7.606269836425781,-7.560295581817627,-7.514204502105713,-7.468851089477539,-7.4224395751953125,-7.377224922180176,-7.330039024353027,-7.283158302307129,-7.236691474914551,-7.189934253692627,-7.143138408660889,-7.096662998199463,-7.049759387969971,-7.003992557525635,-6.958714485168457,-6.914190292358398,-6.868920803070068,-6.822642803192139,-6.7764739990234375,-6.73097038269043,-6.684239864349365,-6.638186931610107,-6.591506004333496,-6.545298099517822,-6.49834680557251,-6.452110767364502,-6.407514572143555,-6.361309051513672,-6.315145015716553,-6.268435001373291,-6.222096920013428,-6.1765007972717285,-6.131217002868652,-6.085277557373047,-6.039091110229492,-5.993151664733887,-5.947087287902832,-5.900414943695068,-5.854750633239746,-5.808322429656982,-5.761788845062256,-5.716091156005859,-5.66994047164917,-5.624117851257324,-5.579404830932617,-5.533309459686279,-5.487082004547119,-5.440651893615723,-5.39475679397583,-5.348300457000732,-5.3017706871032715,-5.256000995635986,-5.210490703582764,-5.164170742034912,-5.11769437789917,-5.071727275848389,-5.0265045166015625,-4.980764389038086,-4.934513092041016,-4.888213634490967,-4.841699123382568,-4.79532527923584,-4.748788833618164,-4.703141689300537,-4.657617092132568,-4.613460540771484,-4.571352481842041,-4.5315141677856445,-4.493495464324951,-4.456017971038818,-4.417553901672363,-4.3763556480407715,-4.333175182342529,-4.288585662841797,-4.243088245391846,-4.197349548339844,-4.151576042175293,-4.106162071228027,-4.060004234313965,-4.013751983642578,-3.9676685333251953,-3.921832799911499,-3.8760011196136475,-3.8296124935150146,-3.7836391925811768,-3.7376935482025146,-3.691880464553833,-3.645941734313965,-3.6000654697418213,-3.5544791221618652,-3.508435010910034,-3.4623045921325684,-3.4166643619537354,-3.3713979721069336,-3.326464891433716,-3.28303599357605,-3.2420668601989746,-3.2033493518829346,-3.1658685207366943,-3.1282193660736084,-3.0877199172973633,-3.0450801849365234,-3.000666856765747,-2.9549460411071777,-2.9097704887390137,-2.864143133163452,-2.818405866622925,-2.7723309993743896,-2.7268593311309814,-2.680983304977417,-2.635298013687134,-2.5891854763031006,-2.5435092449188232,-2.4972097873687744,-2.4503209590911865,-2.404541015625,-2.3578503131866455,-2.310961961746216,-2.2638933658599854,-2.2164764404296875,-2.1690728664398193,-2.122313976287842,-2.0788419246673584,-2.039076328277588,-2.002460479736328,-1.9527698755264282,-1.9028009176254272,-1.8527703285217285,-1.8053689002990723,-1.7600103616714478,-1.7145764827728271,-1.6690980195999146,-1.6224766969680786,-1.577630877494812,-1.5354245901107788,-1.4950283765792847,-1.4578880071640015,-1.4212663173675537,-1.382599949836731,-1.3425407409667969,-1.2975139617919922,-1.2515270709991455,-1.2080425024032593,-1.166172981262207,-1.1263453960418701,-1.0882333517074585,-1.0499649047851562,-1.0122610330581665,-0.9744394421577454,-0.9321869611740112,-0.8860647678375244,-0.8386105298995972,-0.7924531102180481,-0.7502363920211792,-0.703040599822998,-0.6549363136291504,-0.6091932058334351,-0.5647065043449402,-0.5199562907218933,-0.4726144075393677,-0.42717739939689636,-0.38002896308898926,-0.33227550983428955,-0.28702157735824585,-0.24240747094154358,-0.19635102152824402,-0.14138150215148926,-0.09360232204198837,-0.052951909601688385,-0.007151483092457056,0.03893762081861496,0.07698672264814377,0.1294926106929779,0.17971651256084442,0.22411656379699707,0.2690231502056122,0.3153548240661621,0.35799187421798706,0.40407365560531616,0.4559812843799591,0.5063133835792542,0.5540693402290344,0.598660409450531,0.6416136026382446,0.6832363605499268,0.7246245741844177,0.7732799649238586,0.8167840838432312,0.8674325346946716,0.9137374758720398,0.9538583159446716,0.9993619918823242,1.0482044219970703,1.0929111242294312,1.1430952548980713,1.1870825290679932,1.2221611738204956,1.2752758264541626,1.3199750185012817,1.3767567873001099,1.400453805923462,1.4585658311843872,1.500394582748413,1.7352416515350342],"files":["scales.webp"]},"quats":{"files":["quats.webp"]},