{"version":2,"count":546023,"means":{"mins":[-0.47104257201088723,-3.0122914360092796,-6.768754997153521],"maxs":[7.046434880572826,7.3077413747295905,0.9677451341746999],"files":["means_l.webp","means_u.webp"]},"scales":{"codebook":[-9.99842357635498,-9.958577156066895,-9.900657653808594,-9.842726707458496,-9.787744522094727,-9.733846664428711,-9.679774284362793,-9.626469612121582,-9.57247543334961,-9.518741607666016,-9.46590805053711,-9.41125202178955,-9.35692024230957,-9.303311347961426,-9.250251770019531,-9.197624206542969,-9.144274711608887,-9.091058731079102,-9.03856086730957,-8.986421585083008,-8.934253692626953,-8.881011962890625,-8.82694149017334,-8.7733793258667,-8.720549583435059,-8.667064666748047,-8.61328411102295,-8.56003475189209,-8.5059232711792,-8.4514741897583,-8.397578239440918,-8.344391822814941,-8.2908296585083,-8.238970756530762,-8.1869535446167,-8.132701873779297,-8.078566551208496,-8.024199485778809,-7.971447944641113,-7.917891979217529,-7.86473274230957,-7.8114118576049805,-7.758666038513184,-7.705026626586914,-7.650696277618408,-7.596928596496582,-7.543071269989014,-7.490046977996826,-7.4362311363220215,-7.383366584777832,-7.330711841583252,-7.277181148529053,-7.223385810852051,-7.169023036956787,-7.115568161010742,-7.06251335144043,-7.008867263793945,-6.9554443359375,-6.902893543243408,-6.850170612335205,-6.7969889640808105,-6.743531703948975,-6.6902689933776855,-6.636966228485107,-6.582658290863037,-6.528649806976318,-6.475085258483887,-6.421610355377197,-6.368305683135986,-6.314990997314453,-6.261646270751953,-6.208502292633057,-6.155683517456055,-6.102697849273682,-6.049261093139648,-5.995827674865723,-5.942298412322998,-5.888843059539795,-5.835679054260254,-5.783274173736572,-5.731482028961182,-5.68026876449585,-5.631328105926514,-5.585025787353516,-5.5406107902526855,-5.496267795562744,-5.451105117797852,-5.403687477111816,-5.35387659072876,-5.3018903732299805,-5.2495574951171875,-5.196566581726074,-5.1438822746276855,-5.091362953186035,-5.040370464324951,-4.9918718338012695,-4.945795059204102,-4.901495456695557,-4.8572821617126465,-4.811771392822266,-4.763720512390137,-4.713311195373535,-4.661764144897461,-4.608891010284424,-4.55739688873291,-4.507291316986084,-4.46036958694458,-4.418006420135498,-4.37980842590332,-4.344140529632568,-4.308484077453613,-4.268879413604736,-4.225334167480469,-4.177753448486328,-4.127274990081787,-4.075467109680176,-4.02284574508667,-3.969695568084717,-3.916111946105957,-3.8623123168945312,-3.809074878692627,-3.756629228591919,-3.706205368041992,-3.6583001613616943,-3.6146762371063232,-3.5759637355804443,-3.5406057834625244,-3.5057387351989746,-3.468181848526001,-3.425842046737671,-3.379249095916748,-3.3287205696105957,-3.276592493057251,-3.2234928607940674,-3.169963836669922,-3.1162099838256836,-3.0628812313079834,-3.009258508682251,-2.955859899520874,-2.9029033184051514,-2.849604368209839,-2.7965404987335205,-2.743511915206909,-2.690356492996216,-2.6367039680480957,-2.583205223083496,-2.529766321182251,-2.4760570526123047,-2.4228949546813965,-2.369748115539551,-2.3170316219329834,-2.262774705886841,-2.2080581188201904,-2.1532363891601562,-2.1001296043395996,-2.051788091659546,-2.0084190368652344,-1.9530096054077148,-1.8963606357574463,-1.8410253524780273,-1.7861499786376953,-1.7328851222991943,-1.6787561178207397,-1.6231789588928223,-1.568416953086853,-1.5134707689285278,-1.4601764678955078,-1.409127950668335,-1.355080246925354,-1.3019531965255737,-1.249501347541809,-1.1982345581054688,-1.1439235210418701,-1.0870118141174316,-1.034317135810852,-0.98405522108078,-0.9323416948318481,-0.8805639743804932,-0.8283721208572388,-0.7746614217758179,-0.7193607687950134,-0.6636227965354919,-0.6106789112091064,-0.5570885539054871,-0.5037040710449219,-0.449294775724411,-0.39473944902420044,-0.3409122824668884,-0.2826080024242401,-0.2355794608592987,-0.1764574497938156,-0.12693172693252563,-0.07734482735395432,-0.03372187539935112,0.016504032537341118,0.07161621004343033,0.13222533464431763,0.1899789720773697,0.24422568082809448,0.3018265664577484,0.3511975109577179,0.402913361787796,0.46367576718330383,0.5126188397407532,0.5822738409042358,0.6308901309967041,0.6892479658126831,0.7277442812919617,0.7831200957298279,0.8347401022911072,0.8881002068519592,0.9368815422058105,0.9890938997268677,1.0533745288848877,1.0984361171722412,1.150855541229248,1.215614914894104,1.2772237062454224,1.329451084136963,1.3845468759536743,1.4306926727294922,1.471742868423462,1.5271785259246826,1.5834598541259766,1.6376104354858398,1.691048502922058,1.745334506034851,1.7959997653961182,1.8514666557312012,1.9187157154083252,1.9704545736312866,2.0088255405426025,2.048586368560791,2.090273380279541,2.1582305431365967,2.2159698009490967,2.2756404876708984,2.331714391708374,2.3843190670013428,2.434001922607422,2.490720748901367,2.543808698654175,2.599649429321289,2.650616407394409,2.7097089290618896,2.76106595993042,2.8069286346435547,2.8481392860412598,2.890500068664551,2.959134817123413,3.030588150024414,3.107151985168457,3.211271047592163,3.3570337295532227,3.4793035984039307,3.6039135456085205],"files":["scales.webp"]},"quats":{"files":["quats.webp"]},