{"version":2,"count":607478,"means":{"mins":[-4.346509800449583,-3.9543531394778086,-1.0467121896910112],"maxs":[-3.765360734984265,-3.462849498938381,3.1194852567003846],"files":["means_l.webp","means_u.webp"]},"scales":{"codebook":[-9.999116897583008,-9.9545259475708,-9.909859657287598,-9.869607925415039,-9.827099800109863,-9.782804489135742,-9.738441467285156,-9.695974349975586,-9.651270866394043,-9.607881546020508,-9.56387996673584,-9.520424842834473,-9.476628303527832,-9.432836532592773,-9.389257431030273,-9.346768379211426,-9.302894592285156,-9.260014533996582,-9.217041015625,-9.172816276550293,-9.130146980285645,-9.08814811706543,-9.04399585723877,-9.000937461853027,-8.957192420959473,-8.914570808410645,-8.871800422668457,-8.828666687011719,-8.785370826721191,-8.742408752441406,-8.69966983795166,-8.656391143798828,-8.611200332641602,-8.56830883026123,-8.524209022521973,-8.480498313903809,-8.437514305114746,-8.395025253295898,-8.351016998291016,-8.307601928710938,-8.263737678527832,-8.220823287963867,-8.177288055419922,-8.134202003479004,-8.091020584106445,-8.048090934753418,-8.004733085632324,-7.960932731628418,-7.916440963745117,-7.872021198272705,-7.82853364944458,-7.786788463592529,-7.744158744812012,-7.700735092163086,-7.657843112945557,-7.614828586578369,-7.571813583374023,-7.528570175170898,-7.4852519035339355,-7.442773342132568,-7.401064872741699,-7.361279487609863,-7.323280334472656,-7.288171768188477,-7.251875400543213,-7.214285373687744,-7.174374580383301,-7.1331071853637695,-7.090446949005127,-7.04701566696167,-7.003475189208984,-6.960282325744629,-6.917608737945557,-6.874405384063721,-6.831165313720703,-6.787944316864014,-6.744923114776611,-6.7021613121032715,-6.659016132354736,-6.614940643310547,-6.571105003356934,-6.527282238006592,-6.48374605178833,-6.440609931945801,-6.396966457366943,-6.3533501625061035,-6.310166358947754,-6.266860008239746,-6.223166465759277,-6.180166244506836,-6.136927127838135,-6.0936479568481445,-6.050474643707275,-6.006772518157959,-5.963630199432373,-5.920167922973633,-5.8769659996032715,-5.83341646194458,-5.790067195892334,-5.746541500091553,-5.702879905700684,-5.659368515014648,-5.616520404815674,-5.573524475097656,-5.530220031738281,-5.486783981323242,-5.442907810211182,-5.399676322937012,-5.356494903564453,-5.312810897827148,-5.269491672515869,-5.226291656494141,-5.183676242828369,-5.140681743621826,-5.09731388092041,-5.05382776260376,-5.010290622711182,-4.966771125793457,-4.923613548278809,-4.880542278289795,-4.837022304534912,-4.793669700622559,-4.750168323516846,-4.706888198852539,-4.663375377655029,-4.6203932762146,-4.576923370361328,-4.5335612297058105,-4.48988676071167,-4.4466094970703125,-4.403292179107666,-4.359932899475098,-4.316458225250244,-4.2728495597839355,-4.229160785675049,-4.185658931732178,-4.142370223999023,-4.0990800857543945,-4.055883407592773,-4.012556076049805,-3.9693105220794678,-3.925718069076538,-3.8821372985839844,-3.838707208633423,-3.7953412532806396,-3.7521450519561768,-3.708608627319336,-3.665008783340454,-3.621727228164673,-3.577890634536743,-3.5344316959381104,-3.4913320541381836,-3.447838306427002,-3.405285120010376,-3.361910343170166,-3.3179855346679688,-3.2749273777008057,-3.23157000541687,-3.1883034706115723,-3.1448631286621094,-3.101309299468994,-3.0581302642822266,-3.015003204345703,-2.9718289375305176,-2.9280004501342773,-2.8843727111816406,-2.8413784503936768,-2.7980058193206787,-2.754361867904663,-2.7108352184295654,-2.6676456928253174,-2.6241395473480225,-2.5811760425567627,-2.537602186203003,-2.493964433670044,-2.4504830837249756,-2.4076080322265625,-2.3651254177093506,-2.3221399784088135,-2.277971029281616,-2.233915328979492,-2.1907505989074707,-2.14836049079895,-2.105180501937866,-2.060664176940918,-2.016735076904297,-1.9748663902282715,-1.932677149772644,-1.889132022857666,-1.8444795608520508,-1.8012378215789795,-1.758229374885559,-1.7150627374649048,-1.6712145805358887,-1.6286964416503906,-1.5870656967163086,-1.5448487997055054,-1.5006808042526245,-1.4572100639343262,-1.412868857383728,-1.3676464557647705,-1.3240760564804077,-1.2816096544265747,-1.2375704050064087,-1.1947662830352783,-1.1541404724121094,-1.1100672483444214,-1.065779447555542,-1.0232481956481934,-0.9811171293258667,-0.9375447034835815,-0.8931098580360413,-0.8468265533447266,-0.7999904751777649,-0.7548787593841553,-0.7134110927581787,-0.6735824346542358,-0.6319023370742798,-0.5869584083557129,-0.5421125292778015,-0.49593788385391235,-0.4493004381656647,-0.4056890904903412,-0.3648666739463806,-0.3245871365070343,-0.2836386561393738,-0.24008916318416595,-0.19271408021450043,-0.15097679197788239,-0.10576151311397552,-0.06442679464817047,-0.019208772107958794,0.02153225615620613,0.05793394520878792,0.10362037271261215,0.15311504900455475,0.19597305357456207,0.23607812821865082,0.2806549370288849,0.3258479833602905,0.36436277627944946,0.41114264726638794,0.45942047238349915,0.5009409189224243,0.5356665253639221,0.5857062339782715,0.6323288679122925,0.6669927835464478,0.7217682600021362,0.7499382495880127,0.7889093160629272,0.8475069999694824,0.8930784463882446,0.9342369437217712,0.9630653858184814,1.0649278163909912],"files":["scales.webp"]},"quats":{"files":["quats.webp"]},