{"version":2,"count":142459,"means":{"mins":[2.1378960526885207,-2.3317960862135916,-2.1270681255026793],"maxs":[3.5498869881454613,2.404170917241968,2.569010063135485],"files":["means_l.webp","means_u.webp"]},"scales":{"codebook":[-9.999129295349121,-9.971175193786621,-9.919549942016602,-9.874348640441895,-9.830924987792969,-9.779561042785645,-9.735757827758789,-9.700913429260254,-9.668212890625,-9.614232063293457,-9.57683277130127,-9.539628028869629,-9.502118110656738,-9.453791618347168,-9.411538124084473,-9.361098289489746,-9.318719863891602,-9.28051471710205,-9.234989166259766,-9.200908660888672,-9.15493106842041,-9.108458518981934,-9.07552433013916,-9.039100646972656,-8.993407249450684,-8.946454048156738,-8.905242919921875,-8.866748809814453,-8.821135520935059,-8.782912254333496,-8.738608360290527,-8.700875282287598,-8.653671264648438,-8.608846664428711,-8.568370819091797,-8.53079891204834,-8.491162300109863,-8.44131088256836,-8.395807266235352,-8.352448463439941,-8.311514854431152,-8.273505210876465,-8.235817909240723,-8.196990966796875,-8.155953407287598,-8.111968994140625,-8.068436622619629,-8.022643089294434,-7.97859525680542,-7.936671257019043,-7.895362377166748,-7.854692459106445,-7.8127121925354,-7.770172119140625,-7.729521751403809,-7.688055515289307,-7.644542694091797,-7.602719306945801,-7.561978340148926,-7.51790714263916,-7.474077224731445,-7.432449817657471,-7.3924665451049805,-7.351629734039307,-7.308313369750977,-7.2673258781433105,-7.225171089172363,-7.181614398956299,-7.138485431671143,-7.097054481506348,-7.054841041564941,-7.011960983276367,-6.972452163696289,-6.9314470291137695,-6.888367176055908,-6.84545373916626,-6.802970886230469,-6.760354042053223,-6.719138145446777,-6.677061557769775,-6.636781215667725,-6.5943684577941895,-6.551618576049805,-6.509238243103027,-6.466583728790283,-6.425298690795898,-6.384683609008789,-6.3428730964660645,-6.301163196563721,-6.258413314819336,-6.217563629150391,-6.176251411437988,-6.134625434875488,-6.091734409332275,-6.049177169799805,-6.006991863250732,-5.967199802398682,-5.929132461547852,-5.892213821411133,-5.857443332672119,-5.822652339935303,-5.787511825561523,-5.749964714050293,-5.710330009460449,-5.669463634490967,-5.628264427185059,-5.5861945152282715,-5.543923377990723,-5.5010504722595215,-5.4583330154418945,-5.416248321533203,-5.374911308288574,-5.33389139175415,-5.292795658111572,-5.250819206237793,-5.209425926208496,-5.1680426597595215,-5.1263346672058105,-5.083685874938965,-5.0416579246521,-4.999209403991699,-4.957183361053467,-4.9156575202941895,-4.872392177581787,-4.829775810241699,-4.788842678070068,-4.748364448547363,-4.709670066833496,-4.673604488372803,-4.6406707763671875,-4.611628532409668,-4.584164142608643,-4.555868148803711,-4.523651599884033,-4.488254070281982,-4.449115753173828,-4.4087066650390625,-4.3672614097595215,-4.32642936706543,-4.285152435302734,-4.242861747741699,-4.200743198394775,-4.159002304077148,-4.117232799530029,-4.075929164886475,-4.032466888427734,-3.99017071723938,-3.9494194984436035,-3.9111647605895996,-3.8761367797851562,-3.8441286087036133,-3.8154711723327637,-3.788799524307251,-3.763773202896118,-3.7391676902770996,-3.7138125896453857,-3.6881279945373535,-3.661501407623291,-3.632376194000244,-3.6001527309417725,-3.56438946723938,-3.5260462760925293,-3.4862308502197266,-3.4468307495117188,-3.4094460010528564,-3.374983072280884,-3.341310977935791,-3.3077638149261475,-3.2721664905548096,-3.234306573867798,-3.1971848011016846,-3.160820245742798,-3.1262929439544678,-3.0938034057617188,-3.060711145401001,-3.0276269912719727,-2.9945476055145264,-2.9612977504730225,-2.9267430305480957,-2.8899173736572266,-2.852221965789795,-2.81327486038208,-2.772148847579956,-2.7312402725219727,-2.6890883445739746,-2.6475830078125,-2.6054646968841553,-2.562925338745117,-2.5199568271636963,-2.477248430252075,-2.436332941055298,-2.394684314727783,-2.352609634399414,-2.311836004257202,-2.2702910900115967,-2.228299140930176,-2.186763048171997,-2.1463165283203125,-2.1016764640808105,-2.058967351913452,-2.016082286834717,-1.9743037223815918,-1.931989312171936,-1.8902164697647095,-1.8501560688018799,-1.807456135749817,-1.7659101486206055,-1.7238109111785889,-1.6815849542617798,-1.639407992362976,-1.5999305248260498,-1.5581034421920776,-1.514795184135437,-1.4733842611312866,-1.4294368028640747,-1.3844550848007202,-1.3419950008392334,-1.3014229536056519,-1.2639210224151611,-1.2260844707489014,-1.1842565536499023,-1.1407651901245117,-1.097097396850586,-1.0562289953231812,-1.0142695903778076,-0.9698941707611084,-0.9263768792152405,-0.8814969658851624,-0.8396936655044556,-0.7959778904914856,-0.7521668076515198,-0.7134276628494263,-0.6690991520881653,-0.6262111663818359,-0.5921805500984192,-0.5463937520980835,-0.5045278668403625,-0.45331960916519165,-0.4086718261241913,-0.36644119024276733,-0.33377039432525635,-0.29543691873550415,-0.2522445321083069,-0.20704229176044464,-0.18069988489151,-0.1408788561820984,-0.08927344530820847,-0.04843415319919586,-0.007001072634011507,0.043954744935035706,0.09358398616313934,0.1403386890888214,0.1716795265674591,0.20200330018997192,0.4596027433872223,0.7164831161499023],"files":["scales.webp"]},"quats":{"files":["quats.webp"]},