{"version":2,"count":246946,"means":{"mins":[-0.4709852232543077,-3.012302504493179,0.7956357522927922],"maxs":[7.560914200924568,7.5135496046887615,7.599615254495888],"files":["means_l.webp","means_u.webp"]},"scales":{"codebook":[-9.99869441986084,-9.945785522460938,-9.889045715332031,-9.830430030822754,-9.770330429077148,-9.711272239685059,-9.65323257446289,-9.594925880432129,-9.535073280334473,-9.477229118347168,-9.417646408081055,-9.35962200164795,-9.30087661743164,-9.243109703063965,-9.18496322631836,-9.127925872802734,-9.068442344665527,-9.010560035705566,-8.9530029296875,-8.892727851867676,-8.834199905395508,-8.777117729187012,-8.720719337463379,-8.663992881774902,-8.608057975769043,-8.550299644470215,-8.493831634521484,-8.434907913208008,-8.375272750854492,-8.316595077514648,-8.25717544555664,-8.198724746704102,-8.141636848449707,-8.084332466125488,-8.024840354919434,-7.967585563659668,-7.911296844482422,-7.853562355041504,-7.7965874671936035,-7.736895561218262,-7.678194999694824,-7.61960506439209,-7.562170505523682,-7.5051960945129395,-7.447723865509033,-7.390911102294922,-7.3329854011535645,-7.273967266082764,-7.214382648468018,-7.1539177894592285,-7.096312522888184,-7.039071083068848,-6.980567455291748,-6.923041343688965,-6.864412307739258,-6.806674480438232,-6.748993873596191,-6.691662788391113,-6.633419513702393,-6.576046466827393,-6.518221378326416,-6.459211826324463,-6.400546073913574,-6.34291410446167,-6.284474849700928,-6.226129531860352,-6.167691230773926,-6.1108245849609375,-6.053096294403076,-5.995635986328125,-5.937519550323486,-5.878504276275635,-5.821004390716553,-5.763091087341309,-5.70518684387207,-5.646873950958252,-5.588383197784424,-5.529154300689697,-5.471556663513184,-5.415002822875977,-5.359872817993164,-5.308447360992432,-5.260651588439941,-5.214064121246338,-5.1663641929626465,-5.115659236907959,-5.062629699707031,-5.007485866546631,-4.950206279754639,-4.892298221588135,-4.834111213684082,-4.775522708892822,-4.717888832092285,-4.659706115722656,-4.600587844848633,-4.54150390625,-4.484250068664551,-4.425959587097168,-4.367617130279541,-4.310502052307129,-4.254307270050049,-4.199458122253418,-4.1487298011779785,-4.100768566131592,-4.054113388061523,-4.007176876068115,-3.9590771198272705,-3.910092353820801,-3.862287998199463,-3.814884662628174,-3.7672181129455566,-3.7180285453796387,-3.666405200958252,-3.6124260425567627,-3.556938409805298,-3.502626419067383,-3.449537754058838,-3.398968458175659,-3.351571559906006,-3.305563449859619,-3.260655164718628,-3.2143774032592773,-3.168492078781128,-3.122994899749756,-3.0757877826690674,-3.0264079570770264,-2.9742302894592285,-2.9199163913726807,-2.8624184131622314,-2.8044135570526123,-2.746230125427246,-2.689650774002075,-2.6326777935028076,-2.574615478515625,-2.5163516998291016,-2.457665205001831,-2.399648427963257,-2.342388153076172,-2.2855024337768555,-2.2276182174682617,-2.169267416000366,-2.110661506652832,-2.0545637607574463,-2.002655267715454,-1.9420636892318726,-1.8824490308761597,-1.823491096496582,-1.7645692825317383,-1.705332636833191,-1.645087480545044,-1.5864849090576172,-1.528795599937439,-1.4695188999176025,-1.4110021591186523,-1.3537616729736328,-1.2963238954544067,-1.2399623394012451,-1.1828693151474,-1.1235814094543457,-1.062426209449768,-1.0020619630813599,-0.9458839297294617,-0.8916250467300415,-0.8323721885681152,-0.7727676033973694,-0.7179896235466003,-0.6585279703140259,-0.5991382002830505,-0.5392405390739441,-0.480228453874588,-0.42479977011680603,-0.3674737215042114,-0.3099249005317688,-0.24903210997581482,-0.19084300100803375,-0.13500475883483887,-0.08134149760007858,-0.020985504612326622,0.04264857620000839,0.10141359269618988,0.15562601387500763,0.20983527600765228,0.2657857835292816,0.32586175203323364,0.38795605301856995,0.4467068314552307,0.5072113871574402,0.5640726089477539,0.6268327832221985,0.6887163519859314,0.7435041069984436,0.7932958006858826,0.8412508964538574,0.8988829851150513,0.9690442085266113,1.036158561706543,1.0902537107467651,1.1497230529785156,1.1986808776855469,1.2580103874206543,1.3150179386138916,1.3743081092834473,1.4369186162948608,1.5034496784210205,1.5619544982910156,1.6123179197311401,1.6661949157714844,1.7251005172729492,1.7809511423110962,1.833907127380371,1.8918156623840332,1.955726981163025,2.0159261226654053,2.073122024536133,2.131162643432617,2.189678430557251,2.246140480041504,2.3081836700439453,2.3607828617095947,2.4196720123291016,2.480888843536377,2.53891921043396,2.5955893993377686,2.652810573577881,2.713209867477417,2.7719216346740723,2.8287429809570312,2.8861243724823,2.9421136379241943,2.996790885925293,3.05570912361145,3.110762596130371,3.1696791648864746,3.2267532348632812,3.283675193786621,3.3444225788116455,3.4091262817382812,3.46769380569458,3.524613618850708,3.580158233642578,3.636018753051758,3.68935489654541,3.7654781341552734,3.823209285736084,3.874202251434326,3.9209372997283936,3.9817631244659424,4.0457000732421875,4.114840984344482,4.140216827392578,4.225738048553467,4.274747848510742,4.327367782592773,4.42213773727417,4.511288642883301,4.798471450805664],"files":["scales.webp"]},"quats":{"files":["quats.webp"]},