{"version":2,"count":598298,"means":{"mins":[-4.611937094686987,-3.462847526297535,-0.9234584522822553],"maxs":[-3.529624052476992,3.003448550635242,3.251110073466534],"files":["means_l.webp","means_u.webp"]},"scales":{"codebook":[-9.998824119567871,-9.951595306396484,-9.903833389282227,-9.858380317687988,-9.8120756149292,-9.764148712158203,-9.717962265014648,-9.670402526855469,-9.625516891479492,-9.581714630126953,-9.535521507263184,-9.49034309387207,-9.443964004516602,-9.395652770996094,-9.347770690917969,-9.300675392150879,-9.253740310668945,-9.208290100097656,-9.163110733032227,-9.118865966796875,-9.071884155273438,-9.025826454162598,-8.980775833129883,-8.935800552368164,-8.892980575561523,-8.852211952209473,-8.81373405456543,-8.776657104492188,-8.737844467163086,-8.696409225463867,-8.652420997619629,-8.607290267944336,-8.561416625976562,-8.51439094543457,-8.46768856048584,-8.420690536499023,-8.375162124633789,-8.330099105834961,-8.283280372619629,-8.236642837524414,-8.190342903137207,-8.143704414367676,-8.097135543823242,-8.050924301147461,-8.004403114318848,-7.958065509796143,-7.911297798156738,-7.865581512451172,-7.819449424743652,-7.773316383361816,-7.727141857147217,-7.680394649505615,-7.6336774826049805,-7.5874481201171875,-7.541090488433838,-7.494739532470703,-7.448947429656982,-7.403064727783203,-7.356342315673828,-7.309982776641846,-7.262462615966797,-7.214901447296143,-7.168842792510986,-7.122945785522461,-7.076433181762695,-7.030125617980957,-6.984277725219727,-6.938776016235352,-6.892353057861328,-6.846295356750488,-6.799490928649902,-6.752453327178955,-6.70435094833374,-6.657231330871582,-6.611109256744385,-6.565552234649658,-6.5199995040893555,-6.473605632781982,-6.427762508392334,-6.380936622619629,-6.3343610763549805,-6.28783655166626,-6.24092435836792,-6.194398880004883,-6.1478986740112305,-6.101988792419434,-6.055782318115234,-6.0095391273498535,-5.963103294372559,-5.916841983795166,-5.870749473571777,-5.824528694152832,-5.77812385559082,-5.732339859008789,-5.685550689697266,-5.638513565063477,-5.591974258422852,-5.545432090759277,-5.4991559982299805,-5.452861309051514,-5.406639099121094,-5.360287666320801,-5.314245700836182,-5.267812252044678,-5.221680641174316,-5.175243377685547,-5.1291632652282715,-5.082732677459717,-5.036094665527344,-4.989654064178467,-4.943562984466553,-4.897032737731934,-4.850440979003906,-4.804531097412109,-4.758203506469727,-4.711909770965576,-4.665343761444092,-4.618675231933594,-4.572427272796631,-4.525554180145264,-4.478795528411865,-4.432202339172363,-4.38578987121582,-4.339615821838379,-4.293344497680664,-4.247354030609131,-4.201028823852539,-4.154078483581543,-4.107095241546631,-4.060819149017334,-4.0144453048706055,-3.96789813041687,-3.921997308731079,-3.875694990158081,-3.8295934200286865,-3.7835493087768555,-3.737107515335083,-3.690342664718628,-3.6437554359436035,-3.5971527099609375,-3.550877809524536,-3.5048556327819824,-3.45824933052063,-3.4118382930755615,-3.3653297424316406,-3.319194793701172,-3.2730939388275146,-3.2269606590270996,-3.180469512939453,-3.133903980255127,-3.087277889251709,-3.0405349731445312,-2.9943113327026367,-2.9485158920288086,-2.9022812843322754,-2.855740785598755,-2.809112548828125,-2.7630441188812256,-2.717003583908081,-2.671165943145752,-2.624854326248169,-2.5784621238708496,-2.532158851623535,-2.4854140281677246,-2.439547300338745,-2.3929011821746826,-2.3460047245025635,-2.2994933128356934,-2.253854751586914,-2.208066701889038,-2.161802291870117,-2.1154680252075195,-2.068662405014038,-2.0220065116882324,-1.9761704206466675,-1.929465413093567,-1.8828039169311523,-1.8361740112304688,-1.7899025678634644,-1.7429448366165161,-1.6969726085662842,-1.651564598083496,-1.6054292917251587,-1.5589383840560913,-1.5127220153808594,-1.4670631885528564,-1.420956015586853,-1.3738129138946533,-1.3268837928771973,-1.2799081802368164,-1.2328627109527588,-1.1864690780639648,-1.1404675245285034,-1.09504234790802,-1.0504881143569946,-1.0053417682647705,-0.9598901867866516,-0.9153112769126892,-0.8730287551879883,-0.833138644695282,-0.7937107086181641,-0.7549638748168945,-0.7157361507415771,-0.6747125387191772,-0.6295450925827026,-0.5841847062110901,-0.5380460619926453,-0.4901973009109497,-0.44389012455940247,-0.39779284596443176,-0.3515995144844055,-0.3058982491493225,-0.25783440470695496,-0.2148238867521286,-0.17026761174201965,-0.1245599165558815,-0.07695100456476212,-0.03135756775736809,0.014407615177333355,0.06184307485818863,0.11091511696577072,0.15532295405864716,0.2040284276008606,0.25131911039352417,0.2939489483833313,0.33684736490249634,0.38216903805732727,0.43675556778907776,0.4832441508769989,0.5267546772956848,0.577484667301178,0.6199368834495544,0.6661039590835571,0.7162538766860962,0.762977123260498,0.8167043924331665,0.8574585914611816,0.8946666121482849,0.9444332122802734,0.9957121014595032,1.0423787832260132,1.080641508102417,1.1111527681350708,1.1654921770095825,1.2162015438079834,1.275950312614441,1.3243587017059326,1.3625155687332153,1.418139100074768,1.5042858123779297,1.5498621463775635,1.6201837062835693,1.627921223640442,1.7073909044265747,1.7157210111618042,1.830219030380249],"files":["scales.webp"]},"quats":{"files":["quats.webp"]},