{"version":2,"count":544349,"means":{"mins":[-7.5847856691352815,-3.012312634862591,-6.628396705579353],"maxs":[-0.47104934497589035,7.5876708362151595,2.3046132168445537],"files":["means_l.webp","means_u.webp"]},"scales":{"codebook":[-9.998903274536133,-9.946343421936035,-9.890050888061523,-9.834653854370117,-9.780379295349121,-9.726346015930176,-9.671346664428711,-9.617873191833496,-9.563815116882324,-9.50901985168457,-9.455436706542969,-9.401240348815918,-9.345197677612305,-9.290396690368652,-9.235654830932617,-9.181496620178223,-9.128327369689941,-9.074531555175781,-9.019317626953125,-8.96375560760498,-8.908980369567871,-8.854473114013672,-8.800193786621094,-8.745795249938965,-8.690834999084473,-8.635486602783203,-8.580883979797363,-8.527722358703613,-8.472923278808594,-8.418121337890625,-8.362205505371094,-8.307711601257324,-8.253774642944336,-8.199868202209473,-8.144493103027344,-8.089456558227539,-8.034775733947754,-7.980203151702881,-7.926992893218994,-7.8756232261657715,-7.826351165771484,-7.778388500213623,-7.734133720397949,-7.690239429473877,-7.643646717071533,-7.593999862670898,-7.542029857635498,-7.488884449005127,-7.4348578453063965,-7.380908966064453,-7.3258795738220215,-7.269813537597656,-7.215155601501465,-7.1618971824646,-7.10905647277832,-7.054523468017578,-7.000525951385498,-6.944950103759766,-6.8895182609558105,-6.833878993988037,-6.779300689697266,-6.726058006286621,-6.671166896820068,-6.616463661193848,-6.561417579650879,-6.506803035736084,-6.451603889465332,-6.396958351135254,-6.342222213745117,-6.2885541915893555,-6.23459005355835,-6.179684638977051,-6.123673915863037,-6.06908655166626,-6.015016078948975,-5.9608235359191895,-5.906667232513428,-5.853234767913818,-5.799100875854492,-5.7454681396484375,-5.6909565925598145,-5.635531425476074,-5.5804266929626465,-5.525216579437256,-5.470783233642578,-5.4167160987854,-5.362267971038818,-5.3078789710998535,-5.253920555114746,-5.1988935470581055,-5.144435882568359,-5.089285373687744,-5.03411865234375,-4.978400230407715,-4.92272424697876,-4.868217468261719,-4.813307762145996,-4.758870601654053,-4.704657554626465,-4.649795055389404,-4.595169544219971,-4.540828227996826,-4.486751079559326,-4.432825088500977,-4.378645896911621,-4.324609279632568,-4.270439147949219,-4.2158308029174805,-4.16123104095459,-4.107242107391357,-4.05281925201416,-3.9983906745910645,-3.9441425800323486,-3.889726161956787,-3.8354125022888184,-3.781484365463257,-3.728623151779175,-3.6769134998321533,-3.627147912979126,-3.58009672164917,-3.5351600646972656,-3.490765333175659,-3.444326877593994,-3.395275354385376,-3.343627691268921,-3.290604829788208,-3.237043619155884,-3.1822969913482666,-3.1275627613067627,-3.0737483501434326,-3.0203874111175537,-2.9668991565704346,-2.9141945838928223,-2.8630168437957764,-2.8155875205993652,-2.7698466777801514,-2.7248876094818115,-2.6784660816192627,-2.630375385284424,-2.5796902179718018,-2.5267064571380615,-2.472527265548706,-2.4181740283966064,-2.3634426593780518,-2.3082120418548584,-2.252747058868408,-2.1976606845855713,-2.1436641216278076,-2.091046094894409,-2.0415046215057373,-1.9958962202072144,-1.9365373849868774,-1.8779875040054321,-1.820764422416687,-1.765258550643921,-1.7103004455566406,-1.6555992364883423,-1.6011608839035034,-1.5469169616699219,-1.4925847053527832,-1.4382648468017578,-1.3830757141113281,-1.3284733295440674,-1.2742736339569092,-1.2202332019805908,-1.164011836051941,-1.1088578701019287,-1.053782343864441,-0.9996681213378906,-0.9461343288421631,-0.892976701259613,-0.8395862579345703,-0.7839093804359436,-0.7300817966461182,-0.6736689209938049,-0.6189073920249939,-0.5647550225257874,-0.5096532106399536,-0.4516243040561676,-0.3974623680114746,-0.34310221672058105,-0.2908932566642761,-0.2384234368801117,-0.1833234429359436,-0.12763458490371704,-0.07341218739748001,-0.019861143082380295,0.03479459881782532,0.09097717702388763,0.14257578551769257,0.19565993547439575,0.24769669771194458,0.2986084222793579,0.3556682765483856,0.41010788083076477,0.4670456349849701,0.5239795446395874,0.5815591216087341,0.6399855017662048,0.6935977935791016,0.7465965747833252,0.7977110743522644,0.8539016842842102,0.9149866104125977,0.964916467666626,1.0160858631134033,1.073091983795166,1.1254856586456299,1.1773265600204468,1.2421730756759644,1.2974293231964111,1.3523035049438477,1.4099316596984863,1.4634253978729248,1.5158954858779907,1.571965217590332,1.6172224283218384,1.6742315292358398,1.7316632270812988,1.77909255027771,1.841861605644226,1.8929712772369385,1.951834797859192,1.997080683708191,2.0609424114227295,2.1146302223205566,2.1618049144744873,2.211578369140625,2.2799434661865234,2.327385187149048,2.386223077774048,2.4329755306243896,2.48929500579834,2.537607431411743,2.603250503540039,2.6602985858917236,2.718655824661255,2.7819371223449707,2.823625087738037,2.88187837600708,2.9240548610687256,2.957216262817383,3.0235116481781006,3.097824811935425,3.1538467407226562,3.223010540008545,3.266955852508545,3.323876142501831,3.3859715461730957,3.4223523139953613,3.4731345176696777,3.54228138923645,3.6007680892944336,3.6644041538238525,3.8698620796203613,3.911271572113037],"files":["scales.webp"]},"quats":{"files":["quats.webp"]},