{"version":2,"count":564520,"means":{"mins":[3.0245961520947855,-4.259229420610811,-0.9707420193961934],"maxs":[3.4209904846361456,-3.8921481526233763,3.0652541798820176],"files":["means_l.webp","means_u.webp"]},"scales":{"codebook":[-9.998669624328613,-9.968947410583496,-9.92473316192627,-9.878887176513672,-9.832906723022461,-9.789082527160645,-9.745787620544434,-9.703950881958008,-9.662721633911133,-9.620156288146973,-9.576133728027344,-9.533379554748535,-9.490617752075195,-9.448208808898926,-9.406230926513672,-9.363840103149414,-9.322221755981445,-9.280098915100098,-9.237783432006836,-9.194804191589355,-9.151714324951172,-9.1089506149292,-9.066595077514648,-9.02293872833252,-8.9800443649292,-8.938131332397461,-8.895822525024414,-8.853883743286133,-8.8121337890625,-8.768386840820312,-8.725028038024902,-8.682579040527344,-8.63970947265625,-8.598627090454102,-8.55724811553955,-8.515416145324707,-8.472743034362793,-8.430583953857422,-8.388543128967285,-8.345525741577148,-8.302695274353027,-8.260281562805176,-8.217402458190918,-8.175077438354492,-8.132094383239746,-8.089264869689941,-8.047782897949219,-8.005520820617676,-7.96370792388916,-7.921428203582764,-7.8779988288879395,-7.834601402282715,-7.7919816970825195,-7.748694896697998,-7.70637321472168,-7.664201259613037,-7.6217265129089355,-7.579194068908691,-7.537590980529785,-7.4947509765625,-7.452131748199463,-7.409486770629883,-7.366794586181641,-7.324777603149414,-7.282206058502197,-7.24026346206665,-7.197965621948242,-7.154623985290527,-7.112407207489014,-7.069985866546631,-7.028300762176514,-6.985882759094238,-6.943238735198975,-6.900813579559326,-6.858283042907715,-6.8160576820373535,-6.773187637329102,-6.729552268981934,-6.68625020980835,-6.6437153816223145,-6.6016716957092285,-6.55959415435791,-6.517718315124512,-6.475066661834717,-6.432525157928467,-6.390188694000244,-6.347724437713623,-6.305594444274902,-6.263020992279053,-6.220630168914795,-6.178442001342773,-6.135683536529541,-6.093420505523682,-6.051225185394287,-6.0083136558532715,-5.96597146987915,-5.923521041870117,-5.880877494812012,-5.838295936584473,-5.795721054077148,-5.753058910369873,-5.710530757904053,-5.667821407318115,-5.624917984008789,-5.5828704833984375,-5.540762901306152,-5.498654365539551,-5.4566850662231445,-5.414106845855713,-5.371965408325195,-5.330019474029541,-5.288886070251465,-5.250091075897217,-5.2130937576293945,-5.1782941818237305,-5.144806861877441,-5.110578536987305,-5.075982093811035,-5.042280197143555,-5.009449481964111,-4.977571487426758,-4.946456432342529,-4.915194988250732,-4.883040428161621,-4.848802089691162,-4.812260150909424,-4.773810386657715,-4.734194278717041,-4.694676876068115,-4.657731056213379,-4.623905181884766,-4.593924045562744,-4.566558837890625,-4.538794994354248,-4.508127689361572,-4.473668098449707,-4.4366455078125,-4.39896821975708,-4.36248254776001,-4.328670978546143,-4.298221111297607,-4.269700050354004,-4.241684436798096,-4.213473796844482,-4.184918403625488,-4.156142234802246,-4.1283278465271,-4.100975513458252,-4.072643280029297,-4.041356563568115,-4.006947994232178,-3.9693286418914795,-3.9295473098754883,-3.888935089111328,-3.848649501800537,-3.8103325366973877,-3.7743711471557617,-3.7403452396392822,-3.707847833633423,-3.6766693592071533,-3.645437717437744,-3.613426923751831,-3.578929901123047,-3.5416839122772217,-3.5029947757720947,-3.4627833366394043,-3.421186685562134,-3.379163980484009,-3.3367724418640137,-3.2939960956573486,-3.251034736633301,-3.2084012031555176,-3.1666672229766846,-3.1246652603149414,-3.0819337368011475,-3.0396721363067627,-2.997523546218872,-2.9551589488983154,-2.911933422088623,-2.8686704635620117,-2.8269715309143066,-2.784712553024292,-2.7429096698760986,-2.701265573501587,-2.657858371734619,-2.615236520767212,-2.5728108882904053,-2.531682014465332,-2.492187023162842,-2.453497886657715,-2.4189600944519043,-2.385545492172241,-2.3501217365264893,-2.312610626220703,-2.2732274532318115,-2.2319071292877197,-2.189511299133301,-2.145496129989624,-2.100430727005005,-2.05556058883667,-2.012296199798584,-1.9757509231567383,-1.9361146688461304,-1.8957618474960327,-1.8528693914413452,-1.8083878755569458,-1.7633171081542969,-1.7213592529296875,-1.6795395612716675,-1.6380491256713867,-1.5963953733444214,-1.5533835887908936,-1.509230613708496,-1.4650516510009766,-1.4224261045455933,-1.3797578811645508,-1.3394076824188232,-1.2969688177108765,-1.2544702291488647,-1.2120521068572998,-1.1689414978027344,-1.1256067752838135,-1.0825239419937134,-1.039109230041504,-0.9996587634086609,-0.9599723815917969,-0.9140230417251587,-0.8754153251647949,-0.827516496181488,-0.7929630875587463,-0.7497763633728027,-0.7021664977073669,-0.6660864949226379,-0.613243043422699,-0.5778948068618774,-0.5265977382659912,-0.48059630393981934,-0.4355759620666504,-0.41531145572662354,-0.3801079988479614,-0.32924583554267883,-0.2781258821487427,-0.24074414372444153,-0.19297471642494202,-0.1480155885219574,-0.06807258725166321,-0.04450463876128197,0.023744763806462288,0.054269224405288696,0.0911208838224411,0.16407856345176697,0.2122216820716858,0.26953017711639404,0.5077301859855652,0.5193964242935181,0.8263208866119385],"files":["scales.webp"]},"quats":{"files":["quats.webp"]},