{"version":2,"count":527625,"means":{"mins":[-4.073991318734517,-4.726688978605114,-1.0103533780585394],"maxs":[3.024595132899115,-3.8921482304488184,3.07414504195994],"files":["means_l.webp","means_u.webp"]},"scales":{"codebook":[-9.99941349029541,-9.980106353759766,-9.94892406463623,-9.909294128417969,-9.864522933959961,-9.816904067993164,-9.768682479858398,-9.7206449508667,-9.673711776733398,-9.627118110656738,-9.580519676208496,-9.533381462097168,-9.486663818359375,-9.439699172973633,-9.392602920532227,-9.345616340637207,-9.299185752868652,-9.252833366394043,-9.205086708068848,-9.157242774963379,-9.110518455505371,-9.063751220703125,-9.017162322998047,-8.970616340637207,-8.924287796020508,-8.877714157104492,-8.831192970275879,-8.784740447998047,-8.737883567810059,-8.690397262573242,-8.644082069396973,-8.597416877746582,-8.55115032196045,-8.503432273864746,-8.456110954284668,-8.410055160522461,-8.363507270812988,-8.317564010620117,-8.269996643066406,-8.223653793334961,-8.177290916442871,-8.13076114654541,-8.082781791687012,-8.034997940063477,-7.987728595733643,-7.9412617683410645,-7.895106792449951,-7.847836494445801,-7.8002848625183105,-7.753796100616455,-7.7080864906311035,-7.662848472595215,-7.619771480560303,-7.578385829925537,-7.539723873138428,-7.500521659851074,-7.461621284484863,-7.4203338623046875,-7.376073837280273,-7.332137107849121,-7.285981178283691,-7.238762378692627,-7.192119121551514,-7.145599842071533,-7.097141265869141,-7.048983573913574,-7.00336217880249,-6.957568645477295,-6.911392688751221,-6.864799499511719,-6.817530155181885,-6.770057201385498,-6.722472190856934,-6.6753926277160645,-6.629646301269531,-6.583423614501953,-6.538740158081055,-6.495378017425537,-6.455202102661133,-6.417342185974121,-6.380260944366455,-6.340874671936035,-6.299070835113525,-6.254695892333984,-6.208386421203613,-6.1606879234313965,-6.113755702972412,-6.066393852233887,-6.02003288269043,-5.973113536834717,-5.926826000213623,-5.880667686462402,-5.834419250488281,-5.787015438079834,-5.7392964363098145,-5.691914081573486,-5.645734786987305,-5.598885536193848,-5.552042007446289,-5.505302429199219,-5.457836627960205,-5.41082239151001,-5.364593029022217,-5.318179130554199,-5.271603107452393,-5.2246317863464355,-5.178006649017334,-5.131379127502441,-5.085019588470459,-5.038271903991699,-4.991677284240723,-4.945611953735352,-4.899472236633301,-4.852662086486816,-4.805705547332764,-4.758334159851074,-4.7109761238098145,-4.664339065551758,-4.617424488067627,-4.571421146392822,-4.527823448181152,-4.486476898193359,-4.447519779205322,-4.408836364746094,-4.369911193847656,-4.328840732574463,-4.285684108734131,-4.240723609924316,-4.194873332977295,-4.148642063140869,-4.102127552032471,-4.054988861083984,-4.00837516784668,-3.9617538452148438,-3.9152934551239014,-3.8686225414276123,-3.822054147720337,-3.7756357192993164,-3.7289419174194336,-3.682187080383301,-3.6355111598968506,-3.5887832641601562,-3.541844129562378,-3.495666027069092,-3.4502742290496826,-3.406731605529785,-3.3654496669769287,-3.326233386993408,-3.2879981994628906,-3.2496042251586914,-3.209174156188965,-3.165635824203491,-3.119948148727417,-3.0732576847076416,-3.0270464420318604,-2.9810712337493896,-2.934648036956787,-2.8879120349884033,-2.840888500213623,-2.793327808380127,-2.746387481689453,-2.699063777923584,-2.652418851852417,-2.606105089187622,-2.559476137161255,-2.5125691890716553,-2.465939521789551,-2.419933795928955,-2.374971866607666,-2.3323731422424316,-2.293368339538574,-2.2589688301086426,-2.2270748615264893,-2.1952474117279053,-2.1611521244049072,-2.122481107711792,-2.08150315284729,-2.042107105255127,-2.0059328079223633,-1.9583773612976074,-1.909814476966858,-1.861916184425354,-1.8141883611679077,-1.7666419744491577,-1.7187800407409668,-1.672716736793518,-1.6266642808914185,-1.5796345472335815,-1.5328055620193481,-1.4863117933273315,-1.4395979642868042,-1.3919727802276611,-1.3459584712982178,-1.3015387058258057,-1.2555913925170898,-1.2072422504425049,-1.1569478511810303,-1.1102521419525146,-1.0640816688537598,-1.0169084072113037,-0.9712575078010559,-0.9232596158981323,-0.8769133687019348,-0.8294994235038757,-0.7837997674942017,-0.7417846918106079,-0.6959502696990967,-0.6478363275527954,-0.5997084379196167,-0.5548883676528931,-0.5063818693161011,-0.45721349120140076,-0.4071381688117981,-0.3608253002166748,-0.32041919231414795,-0.27399882674217224,-0.22779648005962372,-0.18458782136440277,-0.1383526474237442,-0.08969917893409729,-0.04034034535288811,0.0069941445253789425,0.059812888503074646,0.1062980443239212,0.15365147590637207,0.19633501768112183,0.24168747663497925,0.2898266315460205,0.3426794409751892,0.38414570689201355,0.4279164969921112,0.4675886034965515,0.5201634764671326,0.5637125372886658,0.6241037845611572,0.6709665060043335,0.7193320393562317,0.7471147179603577,0.798322319984436,0.8441375494003296,0.9182426333427429,0.952479362487793,0.9944658279418945,1.042602300643921,1.0968570709228516,1.1309001445770264,1.1951676607131958,1.2335482835769653,1.2855530977249146,1.3061648607254028,1.3617630004882812,1.512457013130188,1.5529799461364746,1.589159607887268,1.8830020427703857,1.9342002868652344],"files":["scales.webp"]},"quats":{"files":["quats.webp"]},