{"version":2,"count":524289,"means":{"mins":[-6.874052934632001,-4.94494724097211,-4.6821231031988955],"maxs":[-6.141347995766985,5.460342323353379,-3.818654238202116],"files":["means_l.webp","means_u.webp"]},"scales":{"codebook":[-10,-9.922369956970215,-9.901350021362305,-7.755586624145508,-7.191838264465332,-7.122708797454834,-6.927938938140869,-6.738168716430664,-6.531826019287109,-6.461115837097168,-6.2582268714904785,-6.244404315948486,-6.137654781341553,-6.066393852233887,-5.915334224700928,-5.858587741851807,-5.784127235412598,-5.660095691680908,-5.568519115447998,-5.470125675201416,-5.455930233001709,-5.374299049377441,-5.304507255554199,-5.2315168380737305,-5.168471336364746,-5.09915828704834,-5.037083625793457,-4.982287883758545,-4.93489933013916,-4.882622718811035,-4.837710857391357,-4.776505470275879,-4.738754749298096,-4.684938907623291,-4.632261276245117,-4.576505661010742,-4.530139923095703,-4.480616092681885,-4.441740989685059,-4.408441066741943,-4.365105152130127,-4.314936637878418,-4.257246971130371,-4.202112197875977,-4.150035858154297,-4.092227458953857,-4.04847526550293,-4.037583351135254,-4.021421432495117,-3.9774255752563477,-3.9310081005096436,-3.8867883682250977,-3.8367326259613037,-3.7931907176971436,-3.7575435638427734,-3.7347571849823,-3.7110648155212402,-3.678046941757202,-3.646009683609009,-3.6296064853668213,-3.617750883102417,-3.5994412899017334,-3.569854259490967,-3.5455894470214844,-3.538318157196045,-3.5206751823425293,-3.500715970993042,-3.46162748336792,-3.4183850288391113,-3.3754427433013916,-3.3377647399902344,-3.298102617263794,-3.2613542079925537,-3.234781503677368,-3.198774576187134,-3.1562516689300537,-3.124164581298828,-3.1009681224823,-3.072829008102417,-3.036578893661499,-2.998533010482788,-2.9707748889923096,-2.9467880725860596,-2.9213168621063232,-2.888787269592285,-2.8571879863739014,-2.8337666988372803,-2.8161211013793945,-2.7975008487701416,-2.7830705642700195,-2.7669167518615723,-2.7459685802459717,-2.720508575439453,-2.6924712657928467,-2.6640121936798096,-2.63779354095459,-2.6110877990722656,-2.5883684158325195,-2.5696375370025635,-2.549492359161377,-2.5271310806274414,-2.5042202472686768,-2.479613780975342,-2.4503800868988037,-2.4217987060546875,-2.397104024887085,-2.3708903789520264,-2.342679738998413,-2.316878080368042,-2.2931265830993652,-2.2701830863952637,-2.248080015182495,-2.2242140769958496,-2.1961536407470703,-2.16548228263855,-2.132884979248047,-2.1014909744262695,-2.073122262954712,-2.047361135482788,-2.0237672328948975,-1.9987074136734009,-1.9754544496536255,-1.9515527486801147,-1.9275561571121216,-1.9003844261169434,-1.8725694417953491,-1.8458343744277954,-1.8190582990646362,-1.7929115295410156,-1.7653958797454834,-1.7390730381011963,-1.713760495185852,-1.6842505931854248,-1.6528815031051636,-1.6214592456817627,-1.5957671403884888,-1.5724008083343506,-1.5513360500335693,-1.5316345691680908,-1.5098127126693726,-1.4870855808258057,-1.460117220878601,-1.4292339086532593,-1.391575813293457,-1.3538490533828735,-1.3221436738967896,-1.292267918586731,-1.2656927108764648,-1.2441375255584717,-1.2242580652236938,-1.2050451040267944,-1.1815681457519531,-1.1521447896957397,-1.117411494255066,-1.0784164667129517,-1.0378055572509766,-0.9987273216247559,-0.9604529142379761,-0.9224963188171387,-0.8843223452568054,-0.8460279107093811,-0.8098770380020142,-0.7756668925285339,-0.744682252407074,-0.7168341279029846,-0.6891823410987854,-0.6601400375366211,-0.6289018988609314,-0.5954511165618896,-0.5605475306510925,-0.5268537998199463,-0.4958108961582184,-0.4681150019168854,-0.4433501064777374,-0.41938191652297974,-0.3953480124473572,-0.370585560798645,-0.34501445293426514,-0.317236989736557,-0.2854536175727844,-0.24945084750652313,-0.20987100899219513,-0.16762122511863708,-0.12515269219875336,-0.08378094434738159,-0.04287368059158325,-0.0035672809462994337,0.03395531699061394,0.06949921697378159,0.10390794277191162,0.13869725167751312,0.17372013628482819,0.21162155270576477,0.25180181860923767,0.2917569875717163,0.3306746780872345,0.3689190447330475,0.40624308586120605,0.44413870573043823,0.4835798442363739,0.5271874070167542,0.5737029314041138,0.623403012752533,0.6761938333511353,0.7284661531448364,0.7829143404960632,0.8360302448272705,0.8896176815032959,0.9429241418838501,0.9948047995567322,1.0475308895111084,1.099082112312317,1.1513192653656006,1.2046668529510498,1.2588551044464111,1.3142184019088745,1.3663004636764526,1.4203133583068848,1.4772181510925293,1.5288774967193604,1.5801184177398682,1.6293264627456665,1.6742165088653564,1.714255452156067,1.7551723718643188,1.7987871170043945,1.8477387428283691,1.9000742435455322,1.954164743423462,2.0073630809783936,2.05743670463562,2.1114320755004883,2.1654865741729736,2.222322463989258,2.2778258323669434,2.335205316543579,2.3784754276275635,2.4322736263275146,2.4991872310638428,2.547830581665039,2.609055757522583,2.65979266166687,2.694094181060791,2.758662700653076,2.7977187633514404,2.8608033657073975,2.9215896129608154,2.9629220962524414,3.029630184173584,3.0804338455200195,3.1176373958587646,3.218580722808838,3.317495584487915,3.3783421516418457,3.453936815261841,3.5514743328094482],"files":["scales.webp"]},"quats":{"files":["quats.webp"]},