{"version":2,"count":538496,"means":{"mins":[-2.537710106889393,-3.3734901553890118,-1.5424059491515207],"maxs":[4.2734616247002135,1.6256481672533516,3.1725794054205734],"files":["means_l.webp","means_u.webp"]},"scales":{"codebook":[-9.999076843261719,-9.956457138061523,-9.911256790161133,-9.866212844848633,-9.82178783416748,-9.780585289001465,-9.740965843200684,-9.702948570251465,-9.665841102600098,-9.627235412597656,-9.587292671203613,-9.545431137084961,-9.501720428466797,-9.457712173461914,-9.411443710327148,-9.36472225189209,-9.32021713256836,-9.27534008026123,-9.229741096496582,-9.183667182922363,-9.13861083984375,-9.09407901763916,-9.049036979675293,-9.003898620605469,-8.958555221557617,-8.913701057434082,-8.868332862854004,-8.822736740112305,-8.777381896972656,-8.733142852783203,-8.688690185546875,-8.643935203552246,-8.598382949829102,-8.553398132324219,-8.507899284362793,-8.461694717407227,-8.415775299072266,-8.370328903198242,-8.325547218322754,-8.280076026916504,-8.234880447387695,-8.189929008483887,-8.144255638122559,-8.098374366760254,-8.053092956542969,-8.008745193481445,-7.963888645172119,-7.91852331161499,-7.873442649841309,-7.828358173370361,-7.782204627990723,-7.736377239227295,-7.691085338592529,-7.64598274230957,-7.600931644439697,-7.5571184158325195,-7.511483669281006,-7.465916633605957,-7.420231819152832,-7.375691890716553,-7.329296588897705,-7.2834978103637695,-7.239116668701172,-7.193876266479492,-7.1480326652526855,-7.102222442626953,-7.056908130645752,-7.011734962463379,-6.96685266494751,-6.9208269119262695,-6.874926567077637,-6.829748630523682,-6.784551620483398,-6.73930549621582,-6.693282604217529,-6.648951530456543,-6.60391092300415,-6.558527946472168,-6.513225555419922,-6.46784782409668,-6.423242568969727,-6.378044128417969,-6.332207202911377,-6.286841869354248,-6.242143154144287,-6.196750164031982,-6.151293754577637,-6.106234073638916,-6.061604022979736,-6.016409873962402,-5.970718860626221,-5.924626350402832,-5.87860107421875,-5.833208084106445,-5.788139343261719,-5.743401050567627,-5.698302268981934,-5.653491020202637,-5.6086530685424805,-5.563476085662842,-5.518199920654297,-5.472236633300781,-5.4264397621154785,-5.380904197692871,-5.335359573364258,-5.289866924285889,-5.24513578414917,-5.200242042541504,-5.154492378234863,-5.10902214050293,-5.0639567375183105,-5.019158363342285,-4.97379732131958,-4.928194522857666,-4.88278865814209,-4.837400913238525,-4.792148590087891,-4.7467427253723145,-4.701277732849121,-4.656423091888428,-4.611446380615234,-4.566373825073242,-4.521074295043945,-4.475796222686768,-4.430126667022705,-4.3854804039001465,-4.340301036834717,-4.295307636260986,-4.250391006469727,-4.204623699188232,-4.15922737121582,-4.114184856414795,-4.069628715515137,-4.024731159210205,-3.9791007041931152,-3.9332873821258545,-3.8873050212860107,-3.8420915603637695,-3.796989679336548,-3.7519960403442383,-3.7068774700164795,-3.661760091781616,-3.6163179874420166,-3.571084976196289,-3.526191234588623,-3.4809746742248535,-3.4356725215911865,-3.390622138977051,-3.3455095291137695,-3.300288438796997,-3.255387544631958,-3.21008563041687,-3.1651268005371094,-3.1198103427886963,-3.074158191680908,-3.0283961296081543,-2.9833128452301025,-2.938495397567749,-2.893329620361328,-2.8476409912109375,-2.8020777702331543,-2.7567408084869385,-2.7116286754608154,-2.666614532470703,-2.621317148208618,-2.575782060623169,-2.530778646469116,-2.485858678817749,-2.441106081008911,-2.3960509300231934,-2.3505618572235107,-2.304777145385742,-2.2584891319274902,-2.211796998977661,-2.1659486293792725,-2.1210947036743164,-2.0778534412384033,-2.037775993347168,-2.001446008682251,-1.9512633085250854,-1.9022908210754395,-1.8539966344833374,-1.8080344200134277,-1.7631161212921143,-1.7183434963226318,-1.6729340553283691,-1.6274319887161255,-1.5816221237182617,-1.536213755607605,-1.4913133382797241,-1.446074366569519,-1.4015781879425049,-1.357100486755371,-1.3123257160186768,-1.2675503492355347,-1.2210659980773926,-1.17506742477417,-1.1289057731628418,-1.0843168497085571,-1.0391345024108887,-0.9927219748497009,-0.9480580687522888,-0.9040334224700928,-0.8594397902488708,-0.8139012455940247,-0.7679956555366516,-0.7222002148628235,-0.6770464181900024,-0.6318302750587463,-0.582557737827301,-0.5400026440620422,-0.4941543936729431,-0.4494670331478119,-0.40612173080444336,-0.3613731265068054,-0.31301990151405334,-0.2677352726459503,-0.22309565544128418,-0.17664141952991486,-0.13060159981250763,-0.08717013150453568,-0.041775379329919815,0.003045508870854974,0.05033804103732109,0.09632653743028641,0.14086204767227173,0.1836089938879013,0.22610844671726227,0.2686805725097656,0.3134368360042572,0.3564135432243347,0.39931344985961914,0.44966164231300354,0.49938008189201355,0.5469967126846313,0.5961579084396362,0.6413323283195496,0.6859847903251648,0.7245653867721558,0.7777606248855591,0.8275602459907532,0.8723414540290833,0.9103178977966309,0.9433335661888123,0.9852737188339233,1.0471220016479492,1.0923138856887817,1.1498655080795288,1.1830799579620361,1.2308059930801392,1.2784457206726074,1.319682002067566,1.379863977432251,1.413143277168274,1.4700573682785034,1.5444837808609009],"files":["scales.webp"]},"quats":{"files":["quats.webp"]},