{"version":2,"count":525355,"means":{"mins":[5.709510463814705,4.569816285166138,-4.802875980217355],"maxs":[6.612151942031115,6.632057986058606,-4.228177397648736],"files":["means_l.webp","means_u.webp"]},"scales":{"codebook":[-10,-9.912263870239258,-7.755586624145508,-7.191838264465332,-7.122708797454834,-6.927938938140869,-6.738168716430664,-6.531826019287109,-6.461115837097168,-6.2582268714904785,-6.244404315948486,-6.137654781341553,-6.066393852233887,-5.915334224700928,-5.858569145202637,-5.784127235412598,-5.668155670166016,-5.635956764221191,-5.577006816864014,-5.564246654510498,-5.470125675201416,-5.455930233001709,-5.371220588684082,-5.304327011108398,-5.2315168380737305,-5.169597148895264,-5.09915828704834,-5.045350074768066,-5.022546291351318,-4.968237400054932,-4.90946626663208,-4.86815071105957,-4.829181671142578,-4.765821933746338,-4.692986011505127,-4.662362098693848,-4.616087913513184,-4.561570167541504,-4.492462635040283,-4.458212375640869,-4.408230781555176,-4.364875316619873,-4.327634811401367,-4.301663875579834,-4.2577009201049805,-4.202663421630859,-4.150573253631592,-4.118342399597168,-4.092796325683594,-4.077983379364014,-4.034596920013428,-3.9899990558624268,-3.940743923187256,-3.886863946914673,-3.8401272296905518,-3.7966017723083496,-3.754464626312256,-3.6995084285736084,-3.652057647705078,-3.605003595352173,-3.555448532104492,-3.5082626342773438,-3.4740850925445557,-3.4406352043151855,-3.40118670463562,-3.3656327724456787,-3.3383328914642334,-3.2961196899414062,-3.249546527862549,-3.2144408226013184,-3.192863702774048,-3.1699275970458984,-3.1465206146240234,-3.1278200149536133,-3.1065151691436768,-3.0830118656158447,-3.06074857711792,-3.0330774784088135,-3.0020265579223633,-2.975168228149414,-2.9515490531921387,-2.933298110961914,-2.9151217937469482,-2.895897150039673,-2.8714072704315186,-2.8470757007598877,-2.829615831375122,-2.813373327255249,-2.7896487712860107,-2.763683319091797,-2.7411067485809326,-2.719465732574463,-2.692373275756836,-2.664060592651367,-2.6378254890441895,-2.6118948459625244,-2.594789743423462,-2.583021402359009,-2.570554733276367,-2.555230140686035,-2.5421230792999268,-2.5310583114624023,-2.5187206268310547,-2.502075672149658,-2.479830265045166,-2.4501638412475586,-2.4209814071655273,-2.3900318145751953,-2.354320526123047,-2.320692777633667,-2.297139883041382,-2.2783446311950684,-2.2612242698669434,-2.2427480220794678,-2.220564365386963,-2.192483901977539,-2.1641321182250977,-2.138331651687622,-2.111386299133301,-2.079942464828491,-2.0500876903533936,-2.01835560798645,-1.9841248989105225,-1.9524650573730469,-1.924460530281067,-1.9012835025787354,-1.8806602954864502,-1.8598992824554443,-1.8357837200164795,-1.8107714653015137,-1.7858928442001343,-1.762847900390625,-1.7389694452285767,-1.7138868570327759,-1.6870648860931396,-1.66016685962677,-1.634294867515564,-1.6119688749313354,-1.5928362607955933,-1.5747919082641602,-1.5567691326141357,-1.5362564325332642,-1.5120841264724731,-1.4862016439437866,-1.4569329023361206,-1.425620675086975,-1.3897701501846313,-1.3521479368209839,-1.3155256509780884,-1.2789413928985596,-1.243073582649231,-1.208703637123108,-1.1768110990524292,-1.147789716720581,-1.1182435750961304,-1.0875508785247803,-1.0578166246414185,-1.0294420719146729,-1.0040966272354126,-0.9790218472480774,-0.9506275653839111,-0.9190139174461365,-0.883608341217041,-0.8466017246246338,-0.808155357837677,-0.7681221961975098,-0.7275183796882629,-0.687163770198822,-0.6487264037132263,-0.61427903175354,-0.5843340754508972,-0.5582932233810425,-0.534042477607727,-0.5098986625671387,-0.48555633425712585,-0.4599379599094391,-0.43233180046081543,-0.40337005257606506,-0.3743118643760681,-0.3448096215724945,-0.31346815824508667,-0.28255772590637207,-0.2532837688922882,-0.22450469434261322,-0.19591450691223145,-0.16637146472930908,-0.13524723052978516,-0.10323765128850937,-0.07143767178058624,-0.03839738294482231,-0.0022332824300974607,0.03797954320907593,0.08215689659118652,0.12889043986797333,0.1776864379644394,0.22761300206184387,0.2773660123348236,0.326337605714798,0.3738780915737152,0.4196358025074005,0.4614516496658325,0.49770107865333557,0.5291685461997986,0.5557841062545776,0.5800231099128723,0.602495551109314,0.6250851154327393,0.6504364013671875,0.6795546412467957,0.7122873663902283,0.7492852210998535,0.7896663546562195,0.8326281905174255,0.8761085271835327,0.9203885793685913,0.9620035886764526,1.0023880004882812,1.0436280965805054,1.0869942903518677,1.1323955059051514,1.180137038230896,1.2289319038391113,1.2758219242095947,1.3182295560836792,1.3562462329864502,1.3907924890518188,1.4236056804656982,1.4596859216690063,1.5007762908935547,1.5438719987869263,1.5892027616500854,1.6362314224243164,1.6846987009048462,1.7373430728912354,1.7852855920791626,1.836750864982605,1.8858684301376343,1.9348835945129395,1.9867656230926514,2.035571336746216,2.081582546234131,2.134366750717163,2.18906569480896,2.234415292739868,2.281331777572632,2.338845729827881,2.397881507873535,2.448481798171997,2.499070882797241,2.541215181350708,2.6000618934631348,2.6376876831054688,2.693483352661133,2.7508182525634766,2.821646213531494,2.848695993423462],"files":["scales.webp"]},"quats":{"files":["quats.webp"]},