{"version":2,"count":159517,"means":{"mins":[3.358871133141515,1.6257174143210054,-1.6330643537491503],"maxs":[4.9532803277380015,4.649651225102595,3.08728024916525],"files":["means_l.webp","means_u.webp"]},"scales":{"codebook":[-9.999225616455078,-9.951759338378906,-9.903735160827637,-9.857380867004395,-9.809267044067383,-9.763500213623047,-9.718643188476562,-9.67166519165039,-9.623930931091309,-9.578716278076172,-9.533297538757324,-9.488336563110352,-9.442171096801758,-9.396188735961914,-9.350512504577637,-9.304088592529297,-9.259769439697266,-9.214861869812012,-9.167628288269043,-9.120908737182617,-9.07548999786377,-9.028502464294434,-8.97867202758789,-8.931512832641602,-8.887202262878418,-8.840523719787598,-8.792413711547852,-8.74506664276123,-8.698287963867188,-8.651815414428711,-8.607422828674316,-8.562700271606445,-8.517086029052734,-8.470409393310547,-8.425203323364258,-8.377643585205078,-8.329182624816895,-8.28266429901123,-8.236920356750488,-8.192052841186523,-8.145651817321777,-8.098373413085938,-8.053948402404785,-8.008423805236816,-7.963301658630371,-7.9182844161987305,-7.8696208000183105,-7.822371959686279,-7.776090145111084,-7.730387210845947,-7.681896209716797,-7.636571407318115,-7.591196537017822,-7.544033050537109,-7.496654033660889,-7.451170444488525,-7.405023574829102,-7.358614444732666,-7.314367771148682,-7.269025802612305,-7.219879627227783,-7.173552989959717,-7.1275248527526855,-7.081151485443115,-7.035315990447998,-6.990970611572266,-6.942741394042969,-6.894656658172607,-6.847405433654785,-6.801090717315674,-6.755224704742432,-6.709995269775391,-6.666209697723389,-6.618987083435059,-6.570305347442627,-6.523946762084961,-6.47812557220459,-6.43261194229126,-6.38474178314209,-6.337461948394775,-6.291220188140869,-6.244987964630127,-6.198807716369629,-6.153905391693115,-6.108454704284668,-6.061734199523926,-6.014186859130859,-5.96726131439209,-5.921481132507324,-5.876275062561035,-5.827884674072266,-5.7799787521362305,-5.735055923461914,-5.6906890869140625,-5.643249034881592,-5.596045970916748,-5.550603866577148,-5.505854606628418,-5.459652900695801,-5.411564826965332,-5.36417818069458,-5.320581436157227,-5.275264739990234,-5.228997707366943,-5.180215835571289,-5.133319854736328,-5.08573055267334,-5.039865016937256,-4.994451522827148,-4.948328971862793,-4.902454853057861,-4.856746196746826,-4.810307025909424,-4.763094425201416,-4.715718746185303,-4.668399333953857,-4.622229099273682,-4.575821399688721,-4.530961513519287,-4.484044551849365,-4.438694477081299,-4.393754482269287,-4.347753047943115,-4.300680160522461,-4.253719329833984,-4.206638813018799,-4.159483909606934,-4.114043235778809,-4.067222595214844,-4.020495891571045,-3.974860668182373,-3.928030490875244,-3.881319522857666,-3.834923505783081,-3.78889536857605,-3.742178201675415,-3.69586443901062,-3.6498255729675293,-3.6032073497772217,-3.557182788848877,-3.510411262512207,-3.4632444381713867,-3.41658353805542,-3.370922088623047,-3.325967788696289,-3.279972791671753,-3.2339212894439697,-3.1882057189941406,-3.1416265964508057,-3.09587025642395,-3.0499043464660645,-3.0025107860565186,-2.95538330078125,-2.909470319747925,-2.862985610961914,-2.8173468112945557,-2.770185708999634,-2.724165916442871,-2.6790051460266113,-2.6336395740509033,-2.5875589847564697,-2.540320873260498,-2.4934940338134766,-2.4466733932495117,-2.4001622200012207,-2.3537356853485107,-2.3076794147491455,-2.2621006965637207,-2.215358018875122,-2.1672887802124023,-2.120619535446167,-2.0750653743743896,-2.0323541164398193,-1.993476390838623,-1.9439194202423096,-1.8948392868041992,-1.8474518060684204,-1.7998582124710083,-1.7525763511657715,-1.7062139511108398,-1.6601945161819458,-1.6144248247146606,-1.5678552389144897,-1.5218878984451294,-1.4751678705215454,-1.4295902252197266,-1.3842092752456665,-1.3385006189346313,-1.2919260263442993,-1.2452263832092285,-1.1985539197921753,-1.151259183883667,-1.1050832271575928,-1.0582990646362305,-1.012495994567871,-0.9660944938659668,-0.9196425080299377,-0.8729137182235718,-0.8261719346046448,-0.7820435762405396,-0.7360568642616272,-0.6893929243087769,-0.6440474390983582,-0.5976484417915344,-0.5506957173347473,-0.504442572593689,-0.4582499563694,-0.41072988510131836,-0.36619725823402405,-0.32205358147621155,-0.2747332751750946,-0.22616733610630035,-0.1795779913663864,-0.1341228485107422,-0.08731415122747421,-0.04024502635002136,0.006984164472669363,0.05201162025332451,0.0985528826713562,0.14304004609584808,0.19240924715995789,0.24366985261440277,0.28754833340644836,0.3303562104701996,0.37920626997947693,0.4240351617336273,0.467048704624176,0.5177164673805237,0.5662797689437866,0.6144883036613464,0.65845787525177,0.7082406282424927,0.7527866959571838,0.7978062033653259,0.8425253033638,0.889369547367096,0.9343529343605042,0.97621750831604,1.0311534404754639,1.073934555053711,1.1224634647369385,1.165395975112915,1.2010159492492676,1.2568912506103516,1.2956643104553223,1.3392544984817505,1.384620189666748,1.4358693361282349,1.4842339754104614,1.5474308729171753,1.5929144620895386,1.6256321668624878,1.6775517463684082,1.731907606124878,1.7481719255447388,1.81637442111969],"files":["scales.webp"]},"quats":{"files":["quats.webp"]},