{"version":2,"count":531833,"means":{"mins":[-4.6622092859341615,-4.259231577161976,-1.4732805250269334],"maxs":[4.306713108015648,-2.8883393212757817,3.4405573093482453],"files":["means_l.webp","means_u.webp"]},"scales":{"codebook":[-9.999346733093262,-9.953378677368164,-9.907755851745605,-9.86376953125,-9.822855949401855,-9.782475471496582,-9.743288040161133,-9.705009460449219,-9.664273262023926,-9.621969223022461,-9.577692985534668,-9.531989097595215,-9.485901832580566,-9.439933776855469,-9.392594337463379,-9.3452730178833,-9.298901557922363,-9.253141403198242,-9.206755638122559,-9.160046577453613,-9.113092422485352,-9.0665864944458,-9.020153045654297,-8.973597526550293,-8.927282333374023,-8.881430625915527,-8.834233283996582,-8.786602973937988,-8.740009307861328,-8.69291877746582,-8.646092414855957,-8.600379943847656,-8.556856155395508,-8.516068458557129,-8.476631164550781,-8.438248634338379,-8.399605751037598,-8.359414100646973,-8.317954063415527,-8.274962425231934,-8.23107624053955,-8.18814468383789,-8.147659301757812,-8.109704971313477,-8.071950912475586,-8.031834602355957,-7.989445686340332,-7.945566177368164,-7.8998541831970215,-7.853228569030762,-7.8064141273498535,-7.759641647338867,-7.713505744934082,-7.666253566741943,-7.620718955993652,-7.574165344238281,-7.526984691619873,-7.479583740234375,-7.4337477684021,-7.386439323425293,-7.340580940246582,-7.294651508331299,-7.247987747192383,-7.200351238250732,-7.153682231903076,-7.107751369476318,-7.06115198135376,-7.014598369598389,-6.967175483703613,-6.920000076293945,-6.873747825622559,-6.828000545501709,-6.781902313232422,-6.73454475402832,-6.686720371246338,-6.6402058601379395,-6.593919277191162,-6.547983169555664,-6.501047134399414,-6.453030109405518,-6.406128883361816,-6.358903408050537,-6.311929225921631,-6.26625919342041,-6.220023155212402,-6.173685073852539,-6.125128746032715,-6.078012466430664,-6.030649662017822,-5.983488082885742,-5.9379658699035645,-5.8931379318237305,-5.8473076820373535,-5.799868583679199,-5.753125190734863,-5.706008434295654,-5.65896463394165,-5.61280632019043,-5.5663838386535645,-5.519628047943115,-5.474516868591309,-5.428755760192871,-5.38239860534668,-5.335113048553467,-5.287095546722412,-5.240090370178223,-5.193666934967041,-5.147571563720703,-5.100595474243164,-5.054642200469971,-5.007933616638184,-4.961465835571289,-4.914072036743164,-4.86757230758667,-4.820906639099121,-4.773273468017578,-4.726724147796631,-4.679291248321533,-4.632297515869141,-4.586189270019531,-4.539010047912598,-4.491235733032227,-4.444118022918701,-4.398147106170654,-4.351216793060303,-4.304333209991455,-4.257182598114014,-4.2101593017578125,-4.163562774658203,-4.117634296417236,-4.071453094482422,-4.025662899017334,-3.9798333644866943,-3.935734748840332,-3.894397497177124,-3.855513095855713,-3.81770920753479,-3.7804808616638184,-3.7433366775512695,-3.70623517036438,-3.668888568878174,-3.632115602493286,-3.593893051147461,-3.553424835205078,-3.5104568004608154,-3.465881586074829,-3.4196484088897705,-3.373180866241455,-3.327059030532837,-3.280747175216675,-3.2342512607574463,-3.1875038146972656,-3.1407763957977295,-3.0940327644348145,-3.04772686958313,-3.0013723373413086,-2.954632043838501,-2.9077389240264893,-2.860903024673462,-2.8142857551574707,-2.7672665119171143,-2.7208948135375977,-2.67448091506958,-2.6281256675720215,-2.581705331802368,-2.535212993621826,-2.4888298511505127,-2.4421308040618896,-2.3952057361602783,-2.348618507385254,-2.3019587993621826,-2.2552313804626465,-2.2077279090881348,-2.1603121757507324,-2.111743450164795,-2.0630977153778076,-2.0149712562561035,-1.9713972806930542,-1.9264503717422485,-1.880850076675415,-1.8353503942489624,-1.7893389463424683,-1.7432831525802612,-1.696990966796875,-1.6501574516296387,-1.604068398475647,-1.5575532913208008,-1.510064959526062,-1.4626387357711792,-1.4159001111984253,-1.3699662685394287,-1.3236234188079834,-1.2778083086013794,-1.230686068534851,-1.184300184249878,-1.1366612911224365,-1.0903773307800293,-1.0456606149673462,-1.000478982925415,-0.9580258131027222,-0.9180363416671753,-0.8792768120765686,-0.840572714805603,-0.8013435006141663,-0.7594846487045288,-0.7146552205085754,-0.6703811287879944,-0.6237815022468567,-0.5762572288513184,-0.5277189016342163,-0.4812379479408264,-0.4376053810119629,-0.39195191860198975,-0.34438231587409973,-0.29837363958358765,-0.24993151426315308,-0.20237047970294952,-0.15539836883544922,-0.1083945631980896,-0.06396767497062683,-0.01806495524942875,0.031685035675764084,0.07926558703184128,0.12443560361862183,0.1674964874982834,0.21864308416843414,0.2643885612487793,0.3150792121887207,0.3577348291873932,0.39459338784217834,0.44176724553108215,0.49070146679878235,0.5443814396858215,0.5962958335876465,0.6419215202331543,0.6784300208091736,0.7213917374610901,0.7689991593360901,0.8112162351608276,0.8606495261192322,0.9116835594177246,0.9543516635894775,1.0067120790481567,1.0553045272827148,1.100485920906067,1.164827823638916,1.195859432220459,1.2388373613357544,1.2942352294921875,1.3578202724456787,1.39512300491333,1.4544602632522583,1.5850385427474976,1.6192458868026733,1.6826114654541016,1.8994033336639404],"files":["scales.webp"]},"quats":{"files":["quats.webp"]},