{"version":2,"count":540982,"means":{"mins":[-3.3837354728288194,-4.516934471379651,-1.5429355909298104],"maxs":[4.167696907113699,3.5407577329042526,3.0900087431886787],"files":["means_l.webp","means_u.webp"]},"scales":{"codebook":[-9.999422073364258,-9.952005386352539,-9.90561580657959,-9.859125137329102,-9.812623023986816,-9.766328811645508,-9.7191743850708,-9.673080444335938,-9.626042366027832,-9.580157279968262,-9.534306526184082,-9.487634658813477,-9.440865516662598,-9.394806861877441,-9.348601341247559,-9.302752494812012,-9.256918907165527,-9.20995807647705,-9.163435935974121,-9.116199493408203,-9.069304466247559,-9.022780418395996,-8.977043151855469,-8.930523872375488,-8.883916854858398,-8.83754825592041,-8.790876388549805,-8.743846893310547,-8.697159767150879,-8.650303840637207,-8.603372573852539,-8.55654525756836,-8.510693550109863,-8.464969635009766,-8.417214393615723,-8.370122909545898,-8.323004722595215,-8.27623462677002,-8.23037052154541,-8.183955192565918,-8.137808799743652,-8.091543197631836,-8.043684005737305,-7.996641159057617,-7.95125150680542,-7.905797481536865,-7.860429763793945,-7.813488960266113,-7.76570987701416,-7.718940734863281,-7.672693729400635,-7.625922203063965,-7.579536437988281,-7.53228759765625,-7.485507011413574,-7.439576148986816,-7.393840789794922,-7.347391128540039,-7.301758289337158,-7.256276607513428,-7.209523677825928,-7.161709308624268,-7.115206718444824,-7.067904472351074,-7.0204315185546875,-6.972355842590332,-6.925006866455078,-6.878117561340332,-6.832157135009766,-6.785693168640137,-6.739654541015625,-6.6940083503723145,-6.647495746612549,-6.601135730743408,-6.554691791534424,-6.507864475250244,-6.461610317230225,-6.415267467498779,-6.36826753616333,-6.321366310119629,-6.2745184898376465,-6.227150917053223,-6.179424285888672,-6.133133888244629,-6.087306022644043,-6.039956092834473,-5.994222640991211,-5.949004650115967,-5.902677536010742,-5.8560099601745605,-5.809366703033447,-5.762988567352295,-5.715036392211914,-5.668194770812988,-5.622720718383789,-5.575817108154297,-5.529019355773926,-5.483029842376709,-5.437324047088623,-5.39111328125,-5.344613552093506,-5.298069000244141,-5.250733852386475,-5.203704357147217,-5.157051086425781,-5.110700607299805,-5.063567161560059,-5.016674995422363,-4.969059944152832,-4.922358512878418,-4.875449180603027,-4.829127311706543,-4.781925201416016,-4.7349534034729,-4.688251495361328,-4.641446590423584,-4.595611572265625,-4.549850940704346,-4.504950523376465,-4.461362838745117,-4.419666290283203,-4.380051136016846,-4.3416900634765625,-4.302934646606445,-4.263041973114014,-4.220282554626465,-4.175879955291748,-4.130226135253906,-4.084272861480713,-4.037966728210449,-3.9908506870269775,-3.944301128387451,-3.898216724395752,-3.851836919784546,-3.8055760860443115,-3.7591278553009033,-3.7126224040985107,-3.6657278537750244,-3.6201226711273193,-3.574026346206665,-3.527928590774536,-3.482558488845825,-3.438946008682251,-3.397730588912964,-3.35914945602417,-3.321256637573242,-3.282529592514038,-3.2417638301849365,-3.1986896991729736,-3.153759241104126,-3.108067274093628,-3.061408281326294,-3.0148632526397705,-2.9683568477630615,-2.922065496444702,-2.8756392002105713,-2.829209089279175,-2.7824840545654297,-2.7361397743225098,-2.689700126647949,-2.643205165863037,-2.5971951484680176,-2.5504300594329834,-2.503216028213501,-2.4568796157836914,-2.410461187362671,-2.3641726970672607,-2.317080497741699,-2.2699379920959473,-2.2228991985321045,-2.1762375831604004,-2.1293835639953613,-2.083481788635254,-2.0411312580108643,-2.002584457397461,-1.953416109085083,-1.904228925704956,-1.8555337190628052,-1.8069411516189575,-1.7592018842697144,-1.7121919393539429,-1.6658354997634888,-1.618277907371521,-1.5722157955169678,-1.5257691144943237,-1.4793332815170288,-1.4344807863235474,-1.3913068771362305,-1.348777413368225,-1.3081495761871338,-1.2690443992614746,-1.231315016746521,-1.191603183746338,-1.1510664224624634,-1.1071962118148804,-1.0627844333648682,-1.0159838199615479,-0.9701674580574036,-0.9234338998794556,-0.8765929937362671,-0.8295391201972961,-0.7825749516487122,-0.735733151435852,-0.6879168748855591,-0.6414559483528137,-0.5958266258239746,-0.5507558584213257,-0.5032746195793152,-0.45429012179374695,-0.40914854407310486,-0.3632594347000122,-0.3182440996170044,-0.27385464310646057,-0.2260606735944748,-0.17602743208408356,-0.12489838898181915,-0.08172270655632019,-0.038340624421834946,0.00565125048160553,0.05259234830737114,0.1019088476896286,0.14762423932552338,0.19516660273075104,0.2432180643081665,0.2870540916919708,0.3387128412723541,0.380298376083374,0.4314475357532501,0.4790109694004059,0.5257821679115295,0.5682708621025085,0.6174771189689636,0.6576263904571533,0.7054488658905029,0.7533694505691528,0.8070287704467773,0.8654205799102783,0.9054332971572876,0.9451431632041931,0.9847965240478516,1.035156488418579,1.0818963050842285,1.1215490102767944,1.181915044784546,1.2209137678146362,1.249325156211853,1.3065400123596191,1.351527452468872,1.4164725542068481,1.448318600654602,1.5555548667907715,1.5976639986038208,1.6470388174057007,1.689730167388916,1.8241864442825317,1.8745050430297852],"files":["scales.webp"]},"quats":{"files":["quats.webp"]},