{"version":2,"count":46842,"means":{"mins":[-0.4708383939600701,-3.0122809302163196,0.7956387112039796],"maxs":[7.560914200924568,7.5135496046887615,7.599615254495888],"files":["means_l.webp","means_u.webp"]},"scales":{"codebook":[-9.999011039733887,-9.944994926452637,-9.887018203735352,-9.831083297729492,-9.775215148925781,-9.71923828125,-9.665289878845215,-9.616287231445312,-9.567547798156738,-9.517904281616211,-9.464066505432129,-9.410379409790039,-9.356734275817871,-9.302369117736816,-9.243435859680176,-9.185708999633789,-9.129314422607422,-9.073808670043945,-9.02029800415039,-8.969745635986328,-8.920904159545898,-8.877479553222656,-8.828393936157227,-8.774476051330566,-8.72126293182373,-8.665563583374023,-8.610058784484863,-8.550949096679688,-8.486116409301758,-8.431856155395508,-8.374489784240723,-8.318254470825195,-8.260476112365723,-8.204572677612305,-8.146291732788086,-8.085143089294434,-8.024663925170898,-7.966318607330322,-7.911313533782959,-7.854440689086914,-7.793729782104492,-7.734452247619629,-7.673547744750977,-7.615321159362793,-7.559117317199707,-7.502810955047607,-7.446425914764404,-7.3929219245910645,-7.334007263183594,-7.276700973510742,-7.214785099029541,-7.154159069061279,-7.094175338745117,-7.040987968444824,-6.984264850616455,-6.9257636070251465,-6.864773750305176,-6.809042930603027,-6.757026672363281,-6.698554039001465,-6.635105609893799,-6.574075222015381,-6.51121711730957,-6.45296049118042,-6.394043922424316,-6.3363847732543945,-6.2772393226623535,-6.219594478607178,-6.16363000869751,-6.107273578643799,-6.053837776184082,-5.993879795074463,-5.9365129470825195,-5.878606796264648,-5.819802284240723,-5.760556697845459,-5.699338912963867,-5.64442253112793,-5.58901309967041,-5.528600692749023,-5.468340873718262,-5.413904666900635,-5.358054161071777,-5.299138069152832,-5.245390892028809,-5.193358898162842,-5.131067752838135,-5.069451808929443,-5.010234355926514,-4.948256492614746,-4.888329029083252,-4.827292442321777,-4.767422676086426,-4.712401390075684,-4.654588222503662,-4.599016189575195,-4.540167331695557,-4.483466148376465,-4.4295196533203125,-4.3706841468811035,-4.313868522644043,-4.252312660217285,-4.194399356842041,-4.133492946624756,-4.074975490570068,-4.0173821449279785,-3.9629592895507812,-3.9043288230895996,-3.846851348876953,-3.786015272140503,-3.727605104446411,-3.670433282852173,-3.611687660217285,-3.5534720420837402,-3.494729518890381,-3.4362118244171143,-3.379629135131836,-3.322040319442749,-3.2684006690979004,-3.2165775299072266,-3.1681606769561768,-3.1220171451568604,-3.074833393096924,-3.023284673690796,-2.970582962036133,-2.914677143096924,-2.858938455581665,-2.804325580596924,-2.7521142959594727,-2.701486110687256,-2.6541640758514404,-2.6061480045318604,-2.5577471256256104,-2.505824327468872,-2.452315330505371,-2.3959264755249023,-2.3392717838287354,-2.2815616130828857,-2.22505521774292,-2.1714985370635986,-2.120835542678833,-2.0751776695251465,-2.034528970718384,-1.9984045028686523,-1.9377334117889404,-1.879481554031372,-1.8215751647949219,-1.7644524574279785,-1.706558346748352,-1.6472617387771606,-1.589449405670166,-1.5340266227722168,-1.480270504951477,-1.4223350286483765,-1.3640636205673218,-1.3026639223098755,-1.243342399597168,-1.184959888458252,-1.1273627281188965,-1.0692260265350342,-1.0091098546981812,-0.9511624574661255,-0.8889394998550415,-0.8275471925735474,-0.7730700969696045,-0.7186301350593567,-0.6584681272506714,-0.6029291749000549,-0.5422996878623962,-0.48651424050331116,-0.4274498522281647,-0.3678882122039795,-0.31066402792930603,-0.25110453367233276,-0.19045159220695496,-0.1320360153913498,-0.07483740150928497,-0.016753997653722763,0.04297710210084915,0.0958094447851181,0.1626966893672943,0.21198099851608276,0.26635655760765076,0.31942394375801086,0.3818119168281555,0.4334644079208374,0.493565171957016,0.560930609703064,0.6220101714134216,0.6797260642051697,0.7409786581993103,0.7969142198562622,0.8531299829483032,0.9110844135284424,0.9747661352157593,1.0309793949127197,1.0822491645812988,1.1484928131103516,1.1996378898620605,1.2588504552841187,1.3157436847686768,1.3744966983795166,1.436928391456604,1.5027111768722534,1.5618129968643188,1.6126034259796143,1.6667500734329224,1.7249444723129272,1.7809511423110962,1.8339723348617554,1.8915809392929077,1.9559813737869263,2.0164072513580322,2.0736021995544434,2.131162643432617,2.189678430557251,2.246140480041504,2.3081836700439453,2.3608205318450928,2.419909954071045,2.4811148643493652,2.53891921043396,2.5955893993377686,2.652810573577881,2.713209867477417,2.7719216346740723,2.8287429809570312,2.8861243724823,2.9421136379241943,2.996790885925293,3.05570912361145,3.110762596130371,3.1696791648864746,3.2267532348632812,3.283675193786621,3.3444225788116455,3.4091262817382812,3.46769380569458,3.524613618850708,3.580158233642578,3.636018753051758,3.68935489654541,3.7654781341552734,3.823209285736084,3.874202251434326,3.9209372997283936,3.9817631244659424,4.0457000732421875,4.114840984344482,4.140216827392578,4.225738048553467,4.274747848510742,4.327367782592773,4.42213773727417,4.511288642883301,4.798471450805664],"files":["scales.webp"]},"quats":{"files":["quats.webp"]},