{"version":2,"count":528201,"means":{"mins":[-4.778162561316753,-4.742530831285395,-1.2621242191699147],"maxs":[-2.537727369971031,2.724274843692407,3.1748485653284018],"files":["means_l.webp","means_u.webp"]},"scales":{"codebook":[-9.999098777770996,-9.955133438110352,-9.908120155334473,-9.861985206604004,-9.815824508666992,-9.769556045532227,-9.72397232055664,-9.676535606384277,-9.62930679321289,-9.58327579498291,-9.537688255310059,-9.491929054260254,-9.445662498474121,-9.399898529052734,-9.354002952575684,-9.30674934387207,-9.260245323181152,-9.21362590789795,-9.166497230529785,-9.12011432647705,-9.073838233947754,-9.026901245117188,-8.980189323425293,-8.934992790222168,-8.8892822265625,-8.843215942382812,-8.797030448913574,-8.750447273254395,-8.702885627746582,-8.65725326538086,-8.612360954284668,-8.567361831665039,-8.52354907989502,-8.48142147064209,-8.441892623901367,-8.40476131439209,-8.367069244384766,-8.327112197875977,-8.284876823425293,-8.24124813079834,-8.195563316345215,-8.149470329284668,-8.10236930847168,-8.05545711517334,-8.00835132598877,-7.961787700653076,-7.915149688720703,-7.869180202484131,-7.823365211486816,-7.777211666107178,-7.732598304748535,-7.68651008605957,-7.639471054077148,-7.593033313751221,-7.545719146728516,-7.500012397766113,-7.455232620239258,-7.409352779388428,-7.361917018890381,-7.314764499664307,-7.2680559158325195,-7.222254276275635,-7.177277565002441,-7.132161617279053,-7.086389541625977,-7.039968490600586,-6.992096900939941,-6.944782733917236,-6.898402690887451,-6.851617813110352,-6.805722713470459,-6.759260177612305,-6.712679862976074,-6.667320251464844,-6.621374607086182,-6.574752330780029,-6.528189182281494,-6.481598854064941,-6.434569835662842,-6.389155387878418,-6.343515396118164,-6.297530174255371,-6.250476360321045,-6.203441619873047,-6.157796859741211,-6.111562252044678,-6.065570831298828,-6.019617080688477,-5.974179744720459,-5.928611755371094,-5.882180690765381,-5.835087776184082,-5.788570880889893,-5.741323471069336,-5.694982051849365,-5.648308753967285,-5.601718425750732,-5.555118560791016,-5.508421897888184,-5.462005138397217,-5.415565013885498,-5.369137763977051,-5.323591709136963,-5.277655124664307,-5.231888294219971,-5.18527889251709,-5.138899326324463,-5.092589855194092,-5.046288967132568,-4.999698638916016,-4.953853607177734,-4.906982898712158,-4.8600053787231445,-4.814564228057861,-4.768532752990723,-4.722099781036377,-4.675347805023193,-4.62930965423584,-4.583363056182861,-4.537604808807373,-4.491143703460693,-4.44452428817749,-4.39840841293335,-4.351850986480713,-4.3054728507995605,-4.259624004364014,-4.213212013244629,-4.1666579246521,-4.119784355163574,-4.073744297027588,-4.027626991271973,-3.9817159175872803,-3.9356093406677246,-3.889225959777832,-3.8431789875030518,-3.7967751026153564,-3.750797748565674,-3.704310655593872,-3.6579062938690186,-3.611689567565918,-3.5654585361480713,-3.5194249153137207,-3.473554849624634,-3.4273335933685303,-3.3814547061920166,-3.3352041244506836,-3.288963794708252,-3.2424657344818115,-3.1961419582366943,-3.1499826908111572,-3.1033101081848145,-3.0575625896453857,-3.012686014175415,-2.9692890644073486,-2.92799973487854,-2.889373302459717,-2.8516054153442383,-2.81339430809021,-2.77344012260437,-2.7311904430389404,-2.686885118484497,-2.6412363052368164,-2.5947659015655518,-2.548309087753296,-2.5019593238830566,-2.45540714263916,-2.409442186355591,-2.3635520935058594,-2.3172037601470947,-2.270707130432129,-2.223641872406006,-2.1771674156188965,-2.1313209533691406,-2.0863711833953857,-2.0441246032714844,-2.006073236465454,-1.9704716205596924,-1.9331514835357666,-1.8932825326919556,-1.8512531518936157,-1.8071978092193604,-1.7620676755905151,-1.715670108795166,-1.6698278188705444,-1.623448133468628,-1.5770756006240845,-1.5320736169815063,-1.486228346824646,-1.4399126768112183,-1.3929988145828247,-1.3461400270462036,-1.29934561252594,-1.2530107498168945,-1.2066527605056763,-1.1603862047195435,-1.114960789680481,-1.0696403980255127,-1.0236542224884033,-0.9786951541900635,-0.931805431842804,-0.884811520576477,-0.8369544744491577,-0.7900469899177551,-0.7438369989395142,-0.6986438035964966,-0.6516852974891663,-0.6067065000534058,-0.561072587966919,-0.515801727771759,-0.47062310576438904,-0.4242039918899536,-0.37707436084747314,-0.33014997839927673,-0.28290855884552,-0.2335825264453888,-0.18630792200565338,-0.14150163531303406,-0.09651131182909012,-0.05087336152791977,-0.004610735923051834,0.040175583213567734,0.08705086261034012,0.1318538635969162,0.17604005336761475,0.22277745604515076,0.26848718523979187,0.3168834447860718,0.3636212646961212,0.4115377962589264,0.45501795411109924,0.5023988485336304,0.5496415495872498,0.596316397190094,0.6364081501960754,0.6837460398674011,0.7388008832931519,0.7856351137161255,0.8316678404808044,0.8786870241165161,0.9221735596656799,0.9738686680793762,1.0169620513916016,1.0606340169906616,1.1082379817962646,1.1555579900741577,1.199682593345642,1.2483702898025513,1.2886022329330444,1.3389509916305542,1.3886582851409912,1.4315171241760254,1.4926855564117432,1.5232657194137573,1.5814615488052368,1.62449049949646,1.8028345108032227],"files":["scales.webp"]},"quats":{"files":["quats.webp"]},