{"version":2,"count":548727,"means":{"mins":[2.2174768596543974,-4.708863266105049,-0.9899222574720329],"maxs":[3.0245955035158425,-3.8921570246847494,3.0742586050122878],"files":["means_l.webp","means_u.webp"]},"scales":{"codebook":[-9.998604774475098,-9.965216636657715,-9.919049263000488,-9.871615409851074,-9.825918197631836,-9.780829429626465,-9.735847473144531,-9.690628051757812,-9.64607048034668,-9.602164268493652,-9.55880355834961,-9.514928817749023,-9.47177505493164,-9.42730712890625,-9.384011268615723,-9.340518951416016,-9.296005249023438,-9.251458168029785,-9.206172943115234,-9.161642074584961,-9.118148803710938,-9.074386596679688,-9.032269477844238,-8.991900444030762,-8.952974319458008,-8.915751457214355,-8.879674911499023,-8.842748641967773,-8.804112434387207,-8.763708114624023,-8.722556114196777,-8.681195259094238,-8.64089584350586,-8.602324485778809,-8.565927505493164,-8.53003978729248,-8.492588996887207,-8.454187393188477,-8.413506507873535,-8.37092399597168,-8.327152252197266,-8.282854080200195,-8.238061904907227,-8.19338607788086,-8.14920425415039,-8.104723930358887,-8.060015678405762,-8.016237258911133,-7.9721503257751465,-7.927976131439209,-7.883574962615967,-7.839609146118164,-7.795834541320801,-7.75107479095459,-7.706933498382568,-7.663013458251953,-7.618991851806641,-7.575712203979492,-7.532007694244385,-7.488048553466797,-7.444619655609131,-7.400293350219727,-7.355380535125732,-7.310599327087402,-7.266140460968018,-7.222134590148926,-7.178210735321045,-7.134692668914795,-7.090360164642334,-7.046523094177246,-7.002318382263184,-6.958233833312988,-6.914472579956055,-6.870341777801514,-6.826603889465332,-6.78287935256958,-6.738061904907227,-6.693840503692627,-6.649382591247559,-6.6048736572265625,-6.561468124389648,-6.517229080200195,-6.473055839538574,-6.429295539855957,-6.385470867156982,-6.341399192810059,-6.297327041625977,-6.2536749839782715,-6.2099151611328125,-6.1665449142456055,-6.123909950256348,-6.083469867706299,-6.045007705688477,-6.008787155151367,-5.972633361816406,-5.935912609100342,-5.896999359130859,-5.856042385101318,-5.8136491775512695,-5.770174980163574,-5.726356029510498,-5.6832733154296875,-5.641692638397217,-5.602410316467285,-5.5652241706848145,-5.528830051422119,-5.493033409118652,-5.456762790679932,-5.420608043670654,-5.386070251464844,-5.353365898132324,-5.323664665222168,-5.294431686401367,-5.263485908508301,-5.229227542877197,-5.191108703613281,-5.150372505187988,-5.107661724090576,-5.064504146575928,-5.020557880401611,-4.976431369781494,-4.932685375213623,-4.889064311981201,-4.84522819519043,-4.800928592681885,-4.756863117218018,-4.712854862213135,-4.669003963470459,-4.625072002410889,-4.581028461456299,-4.53690767288208,-4.492635726928711,-4.448483943939209,-4.40478515625,-4.360573768615723,-4.316046714782715,-4.272124767303467,-4.228443622589111,-4.184340953826904,-4.1405463218688965,-4.0963134765625,-4.052784442901611,-4.009340763092041,-3.967334032058716,-3.9268970489501953,-3.889051914215088,-3.852593183517456,-3.815762519836426,-3.778446912765503,-3.7390692234039307,-3.6977686882019043,-3.6568174362182617,-3.617365837097168,-3.5794925689697266,-3.543320417404175,-3.507406234741211,-3.4700815677642822,-3.4312822818756104,-3.389906883239746,-3.347011089324951,-3.3031649589538574,-3.259054660797119,-3.214916944503784,-3.171361207962036,-3.1274516582489014,-3.083651065826416,-3.03914475440979,-2.995267629623413,-2.9510738849639893,-2.9068613052368164,-2.862635850906372,-2.8191397190093994,-2.7750167846679688,-2.730116605758667,-2.6865551471710205,-2.6432130336761475,-2.5991597175598145,-2.5552988052368164,-2.5109212398529053,-2.4665610790252686,-2.4221107959747314,-2.378059148788452,-2.3342318534851074,-2.289250373840332,-2.2447593212127686,-2.2004494667053223,-2.156632900238037,-2.1119792461395264,-2.0713586807250977,-2.0340092182159424,-2.0002312660217285,-1.9477344751358032,-1.8979638814926147,-1.8506327867507935,-1.8055049180984497,-1.76093590259552,-1.7176786661148071,-1.675469994544983,-1.6311050653457642,-1.5861843824386597,-1.5422132015228271,-1.4989322423934937,-1.4539549350738525,-1.4096421003341675,-1.3665685653686523,-1.3224436044692993,-1.2797813415527344,-1.23622465133667,-1.1910032033920288,-1.1447941064834595,-1.097365379333496,-1.055552363395691,-1.0126994848251343,-0.9678335189819336,-0.9243980646133423,-0.8823770880699158,-0.8429200053215027,-0.7985568046569824,-0.7588412165641785,-0.7149667143821716,-0.6661161780357361,-0.6138495206832886,-0.5625535845756531,-0.5197117924690247,-0.4791145622730255,-0.4360784888267517,-0.3968085050582886,-0.36531323194503784,-0.32333195209503174,-0.26896148920059204,-0.21955908834934235,-0.17987771332263947,-0.13408413529396057,-0.07761882990598679,-0.036744922399520874,0.006570515222847462,0.048080191016197205,0.07969216257333755,0.10604026913642883,0.1676931083202362,0.20952773094177246,0.27338939905166626,0.3068414330482483,0.34220951795578003,0.412998765707016,0.49159619212150574,0.5366891622543335,0.569616973400116,0.6089752316474915,0.672078013420105,0.6886110305786133,0.7944937348365784,0.8828133344650269,0.9750574827194214,0.9987655878067017,1.236202359199524],"files":["scales.webp"]},"quats":{"files":["quats.webp"]},