{"version":2,"count":528940,"means":{"mins":[-3.7343156950536804,-4.516559408302148,-1.3597917915593083],"maxs":[4.151412054977356,3.4827539059402346,3.089427880484041],"files":["means_l.webp","means_u.webp"]},"scales":{"codebook":[-9.99916934967041,-9.957125663757324,-9.911120414733887,-9.864638328552246,-9.818862915039062,-9.772061347961426,-9.726177215576172,-9.679402351379395,-9.633077621459961,-9.587804794311523,-9.54153823852539,-9.497761726379395,-9.451597213745117,-9.405378341674805,-9.358428955078125,-9.312616348266602,-9.266133308410645,-9.220752716064453,-9.174695014953613,-9.129342079162598,-9.084163665771484,-9.037883758544922,-8.992074966430664,-8.945768356323242,-8.90011978149414,-8.854016304016113,-8.807443618774414,-8.76150131225586,-8.715363502502441,-8.669644355773926,-8.62425708770752,-8.577579498291016,-8.531354904174805,-8.486093521118164,-8.440279960632324,-8.39451789855957,-8.348808288574219,-8.302921295166016,-8.258235931396484,-8.212984085083008,-8.166329383850098,-8.118316650390625,-8.071390151977539,-8.025850296020508,-7.981303691864014,-7.934925556182861,-7.890200138092041,-7.8448662757873535,-7.798628807067871,-7.753026962280273,-7.7074456214904785,-7.661160945892334,-7.614480972290039,-7.568840980529785,-7.52266788482666,-7.47758150100708,-7.433080673217773,-7.386667728424072,-7.340110778808594,-7.293572425842285,-7.247540473937988,-7.201488971710205,-7.155398845672607,-7.109232425689697,-7.063335418701172,-7.017273902893066,-6.971850872039795,-6.926322937011719,-6.881153583526611,-6.835895538330078,-6.790108680725098,-6.74385404586792,-6.69784688949585,-6.651914596557617,-6.605797290802002,-6.55885124206543,-6.512679576873779,-6.466289520263672,-6.420109748840332,-6.374058723449707,-6.328174591064453,-6.2827534675598145,-6.236860752105713,-6.191011428833008,-6.1460137367248535,-6.1009840965271,-6.0564188957214355,-6.009734153747559,-5.963913440704346,-5.918210983276367,-5.871737480163574,-5.82576847076416,-5.780580043792725,-5.734107494354248,-5.6879987716674805,-5.6417365074157715,-5.595794200897217,-5.549531936645508,-5.5036420822143555,-5.457955837249756,-5.412606716156006,-5.366766452789307,-5.320873737335205,-5.275032997131348,-5.2290472984313965,-5.183694839477539,-5.1381988525390625,-5.092253684997559,-5.0463643074035645,-5.000699996948242,-4.955137729644775,-4.908870697021484,-4.8618388175964355,-4.815537929534912,-4.770323753356934,-4.72507905960083,-4.678858757019043,-4.632519721984863,-4.586391448974609,-4.540251731872559,-4.494279861450195,-4.4484734535217285,-4.403669834136963,-4.357962608337402,-4.311990261077881,-4.265719890594482,-4.220240116119385,-4.17405366897583,-4.127676486968994,-4.081920623779297,-4.036105155944824,-3.9899818897247314,-3.9439587593078613,-3.8984992504119873,-3.8524506092071533,-3.806647539138794,-3.761281728744507,-3.7155590057373047,-3.669597864151001,-3.6241872310638428,-3.5788817405700684,-3.5342135429382324,-3.490788698196411,-3.4488184452056885,-3.409440517425537,-3.371396541595459,-3.3334012031555176,-3.294053316116333,-3.252946615219116,-3.209920644760132,-3.165127992630005,-3.1199615001678467,-3.074522018432617,-3.0284581184387207,-2.982462167739868,-2.9364614486694336,-2.8904659748077393,-2.8444950580596924,-2.798790693283081,-2.752859115600586,-2.706834316253662,-2.6609296798706055,-2.6151106357574463,-2.56904673576355,-2.5231800079345703,-2.4775943756103516,-2.4323086738586426,-2.3865232467651367,-2.340701103210449,-2.294778347015381,-2.2486531734466553,-2.20094633102417,-2.15246844291687,-2.1031157970428467,-2.0548062324523926,-2.01076078414917,-1.9814282655715942,-1.9483819007873535,-1.9128633737564087,-1.8748114109039307,-1.8338358402252197,-1.789646029472351,-1.7449146509170532,-1.6996914148330688,-1.6540998220443726,-1.608261227607727,-1.562306523323059,-1.5169330835342407,-1.4731303453445435,-1.4314395189285278,-1.3900597095489502,-1.3505475521087646,-1.312788486480713,-1.2752106189727783,-1.2360467910766602,-1.194157600402832,-1.1512137651443481,-1.1066672801971436,-1.0602779388427734,-1.0121197700500488,-0.9655343890190125,-0.9185519218444824,-0.8726113438606262,-0.8269178867340088,-0.7814908027648926,-0.7381229400634766,-0.6926749348640442,-0.6445581316947937,-0.5971059203147888,-0.5514970421791077,-0.5083767771720886,-0.46438783407211304,-0.4205147624015808,-0.3746073246002197,-0.32743915915489197,-0.2786102592945099,-0.2319745123386383,-0.18892811238765717,-0.1421826183795929,-0.09741702675819397,-0.05010422319173813,-0.004377047996968031,0.04478177800774574,0.09213120490312576,0.1366683393716812,0.17788420617580414,0.22738808393478394,0.27677369117736816,0.31962165236473083,0.36309558153152466,0.41024336218833923,0.4565833508968353,0.4969581067562103,0.5430460572242737,0.594476044178009,0.6386692523956299,0.6871157884597778,0.7332669496536255,0.7706452012062073,0.8140785694122314,0.8638335466384888,0.9068956971168518,0.9497671127319336,1.0055078268051147,1.0563043355941772,1.1026864051818848,1.1391366720199585,1.1895835399627686,1.2336992025375366,1.2733057737350464,1.3440154790878296,1.3787232637405396,1.4186758995056152,1.4606621265411377,1.5597331523895264,1.6897337436676025],"files":["scales.webp"]},"quats":{"files":["quats.webp"]},