{"version":2,"count":541895,"means":{"mins":[-6.948282112759245,-3.012311415471706,0.1013211161415287],"maxs":[-0.4710588344925516,6.828470213709149,2.5030389340845023],"files":["means_l.webp","means_u.webp"]},"scales":{"codebook":[-9.998757362365723,-9.948894500732422,-9.897144317626953,-9.845446586608887,-9.794817924499512,-9.743005752563477,-9.691902160644531,-9.641190528869629,-9.590898513793945,-9.539446830749512,-9.487587928771973,-9.435403823852539,-9.384481430053711,-9.333508491516113,-9.281798362731934,-9.230263710021973,-9.17915153503418,-9.127930641174316,-9.076455116271973,-9.025066375732422,-8.97363567352295,-8.922199249267578,-8.870214462280273,-8.819522857666016,-8.769575119018555,-8.718413352966309,-8.667153358459473,-8.615517616271973,-8.564311981201172,-8.513263702392578,-8.462223052978516,-8.409653663635254,-8.358152389526367,-8.308306694030762,-8.258560180664062,-8.210556030273438,-8.166544914245605,-8.124403953552246,-8.082505226135254,-8.040241241455078,-7.995048522949219,-7.947018146514893,-7.895995140075684,-7.84311056137085,-7.790698051452637,-7.739346981048584,-7.688576698303223,-7.638205528259277,-7.587567329406738,-7.536339282989502,-7.4856038093566895,-7.4347734451293945,-7.383145809173584,-7.333765029907227,-7.285577774047852,-7.240813255310059,-7.198202133178711,-7.156810760498047,-7.113900184631348,-7.06874418258667,-7.021451950073242,-6.971768379211426,-6.920799255371094,-6.87037992477417,-6.818854331970215,-6.767117500305176,-6.715342044830322,-6.663613319396973,-6.61187744140625,-6.560327053070068,-6.508349418640137,-6.456676006317139,-6.406012058258057,-6.3553361892700195,-6.304051876068115,-6.252964019775391,-6.201726913452148,-6.15062141418457,-6.098963737487793,-6.0471320152282715,-5.995475769042969,-5.944730758666992,-5.893921852111816,-5.841780662536621,-5.790201187133789,-5.739102840423584,-5.6877875328063965,-5.63642692565918,-5.58605432510376,-5.53387451171875,-5.482291221618652,-5.430966854095459,-5.379246711730957,-5.32858419418335,-5.277621746063232,-5.226280689239502,-5.17508602142334,-5.1223649978637695,-5.069569110870361,-5.018274307250977,-4.966253757476807,-4.915729999542236,-4.864526271820068,-4.813754558563232,-4.764626979827881,-4.717456817626953,-4.6734490394592285,-4.631135940551758,-4.589137554168701,-4.545900344848633,-4.500251770019531,-4.45205545425415,-4.402498722076416,-4.351930618286133,-4.301205635070801,-4.250348091125488,-4.199270725250244,-4.148269176483154,-4.097407817840576,-4.04663610458374,-3.995774030685425,-3.944504499435425,-3.893266439437866,-3.8422536849975586,-3.791100025177002,-3.739800453186035,-3.688598871231079,-3.6373772621154785,-3.586169958114624,-3.534693479537964,-3.483419895172119,-3.432131052017212,-3.380736827850342,-3.3294150829315186,-3.278148651123047,-3.226717472076416,-3.1754724979400635,-3.1244542598724365,-3.073338747024536,-3.021888017654419,-2.970630168914795,-2.9193546772003174,-2.8682050704956055,-2.8172314167022705,-2.7655727863311768,-2.714332342147827,-2.6630477905273438,-2.6121134757995605,-2.5611155033111572,-2.5103561878204346,-2.4619293212890625,-2.417534589767456,-2.374746322631836,-2.3326101303100586,-2.2904677391052246,-2.2453887462615967,-2.1979453563690186,-2.148627996444702,-2.0978565216064453,-2.0484631061553955,-2.00128173828125,-1.9474247694015503,-1.8940197229385376,-1.8421683311462402,-1.7905172109603882,-1.7402050495147705,-1.6901041269302368,-1.6393460035324097,-1.5884824991226196,-1.5379111766815186,-1.4906787872314453,-1.4458050727844238,-1.4043669700622559,-1.3629859685897827,-1.322723388671875,-1.2818607091903687,-1.2415956258773804,-1.2010420560836792,-1.1591789722442627,-1.1139549016952515,-1.0670218467712402,-1.019089937210083,-0.9700146317481995,-0.920182466506958,-0.8669868111610413,-0.8138332366943359,-0.762721061706543,-0.7111164927482605,-0.6605050563812256,-0.6076639890670776,-0.5553576946258545,-0.5020039081573486,-0.4537700116634369,-0.4052659571170807,-0.35386836528778076,-0.3030361235141754,-0.2536025047302246,-0.20222964882850647,-0.1507626622915268,-0.10288302600383759,-0.05115000903606415,0.0030328035354614258,0.05246400460600853,0.10449804365634918,0.15861594676971436,0.21396706998348236,0.2646336853504181,0.3147776424884796,0.3636806905269623,0.41923654079437256,0.470952570438385,0.5262405872344971,0.5741330981254578,0.6199719905853271,0.6746032238006592,0.7269300222396851,0.777531623840332,0.8285049796104431,0.878960371017456,0.9310336709022522,0.9851664304733276,1.0294474363327026,1.0828132629394531,1.1325030326843262,1.1906148195266724,1.242722988128662,1.2893743515014648,1.340456485748291,1.3942211866378784,1.4443004131317139,1.5044060945510864,1.5572824478149414,1.6036700010299683,1.6631838083267212,1.715052843093872,1.7570981979370117,1.8216923475265503,1.8560371398925781,1.8914482593536377,1.9424338340759277,1.993890404701233,2.0641963481903076,2.1627373695373535,2.2309443950653076,2.2591652870178223,2.314638614654541,2.3610570430755615,2.460003614425659,2.5967869758605957,2.653808116912842,2.685192108154297,2.7267532348632812,2.7794606685638428,2.908754587173462,3.0434017181396484,3.0814085006713867],"files":["scales.webp"]},"quats":{"files":["quats.webp"]},