{"version":2,"count":525023,"means":{"mins":[-2.5377179469284727,-1.4829953634119868,-1.3510660881308534],"maxs":[3.9908777330933582,1.6256854186431402,3.180651916985524],"files":["means_l.webp","means_u.webp"]},"scales":{"codebook":[-9.999512672424316,-9.975741386413574,-9.94324016571045,-9.905841827392578,-9.8654203414917,-9.823549270629883,-9.77928352355957,-9.733949661254883,-9.689133644104004,-9.645349502563477,-9.601353645324707,-9.557273864746094,-9.514092445373535,-9.470372200012207,-9.426568984985352,-9.381956100463867,-9.336356163024902,-9.291910171508789,-9.246936798095703,-9.202649116516113,-9.15953540802002,-9.115631103515625,-9.072357177734375,-9.02753734588623,-8.984004020690918,-8.93944263458252,-8.894830703735352,-8.850507736206055,-8.805753707885742,-8.76116943359375,-8.71711540222168,-8.673542022705078,-8.628072738647461,-8.58340835571289,-8.539223670959473,-8.494741439819336,-8.449955940246582,-8.405852317810059,-8.363317489624023,-8.3189058303833,-8.274824142456055,-8.23106861114502,-8.187443733215332,-8.143860816955566,-8.09988784790039,-8.055959701538086,-8.01150894165039,-7.966745376586914,-7.921736240386963,-7.878086090087891,-7.8338704109191895,-7.789916038513184,-7.745827674865723,-7.701145648956299,-7.656775951385498,-7.6134467124938965,-7.568734645843506,-7.524377346038818,-7.480524063110352,-7.436879634857178,-7.392354488372803,-7.348801612854004,-7.303890228271484,-7.25888729095459,-7.214420795440674,-7.169260025024414,-7.124214172363281,-7.080301761627197,-7.037235736846924,-6.9937639236450195,-6.949624061584473,-6.905207633972168,-6.8612518310546875,-6.817300319671631,-6.773715496063232,-6.729976177215576,-6.685338497161865,-6.640158653259277,-6.595654010772705,-6.551756381988525,-6.507777214050293,-6.463934898376465,-6.421159267425537,-6.380980014801025,-6.3429789543151855,-6.306783676147461,-6.270731449127197,-6.233196258544922,-6.193864345550537,-6.152528285980225,-6.109791278839111,-6.066131114959717,-6.021557331085205,-5.976842403411865,-5.931713581085205,-5.8879923820495605,-5.8441290855407715,-5.800224781036377,-5.75590181350708,-5.711574554443359,-5.667381763458252,-5.623811721801758,-5.580275058746338,-5.537310600280762,-5.495666980743408,-5.45637321472168,-5.419491291046143,-5.384684085845947,-5.350958824157715,-5.318004131317139,-5.287251949310303,-5.258122444152832,-5.229569911956787,-5.200326919555664,-5.167745113372803,-5.13114070892334,-5.090715408325195,-5.048205852508545,-5.004769325256348,-4.960668087005615,-4.918120384216309,-4.876872539520264,-4.837231159210205,-4.799990653991699,-4.764294147491455,-4.727697849273682,-4.689448833465576,-4.64951229095459,-4.607532024383545,-4.564136505126953,-4.51984977722168,-4.4751410484313965,-4.430950164794922,-4.386617183685303,-4.342984676361084,-4.2990312576293945,-4.2548065185546875,-4.210914134979248,-4.166579723358154,-4.122374057769775,-4.078483581542969,-4.034437656402588,-3.990990161895752,-3.946974754333496,-3.9024264812469482,-3.858638286590576,-3.8163111209869385,-3.77590012550354,-3.737638473510742,-3.700669050216675,-3.6644399166107178,-3.6270203590393066,-3.587698221206665,-3.5465197563171387,-3.503804922103882,-3.4600799083709717,-3.416149139404297,-3.371863603591919,-3.326845407485962,-3.282329797744751,-3.2382235527038574,-3.1935341358184814,-3.1490960121154785,-3.1049656867980957,-3.0604259967803955,-3.0166163444519043,-2.974397659301758,-2.932263135910034,-2.890622854232788,-2.8515243530273438,-2.815279483795166,-2.7793798446655273,-2.743046998977661,-2.7041618824005127,-2.663343667984009,-2.6219091415405273,-2.5807156562805176,-2.5405259132385254,-2.503176212310791,-2.4673497676849365,-2.4327642917633057,-2.399432897567749,-2.3660268783569336,-2.3327927589416504,-2.297354221343994,-2.259855270385742,-2.218695640563965,-2.176161766052246,-2.1320719718933105,-2.088088274002075,-2.045267343521118,-2.0054423809051514,-1.9601329565048218,-1.9153928756713867,-1.8698503971099854,-1.82550048828125,-1.781188726425171,-1.734804391860962,-1.690623164176941,-1.6463390588760376,-1.60188627243042,-1.5581594705581665,-1.514772653579712,-1.4718714952468872,-1.426990032196045,-1.3837686777114868,-1.3397269248962402,-1.2954611778259277,-1.2507058382034302,-1.2082135677337646,-1.1652543544769287,-1.12192964553833,-1.07750403881073,-1.0356677770614624,-0.9906728863716125,-0.9412627220153809,-0.8958184123039246,-0.8522990942001343,-0.8116587400436401,-0.7685351371765137,-0.7266446948051453,-0.6816326379776001,-0.6324154138565063,-0.5824820399284363,-0.5410480499267578,-0.5002701282501221,-0.4577009975910187,-0.4119625389575958,-0.36989545822143555,-0.3280806243419647,-0.2876196801662445,-0.24614986777305603,-0.19503039121627808,-0.1469365656375885,-0.10339947789907455,-0.054209690541028976,-0.01114831306040287,0.03552709147334099,0.08099837601184845,0.12083448469638824,0.16038991510868073,0.20112960040569305,0.2406495362520218,0.31032872200012207,0.3302494287490845,0.3815234899520874,0.43054652214050293,0.4787437617778778,0.5072568655014038,0.5574254393577576,0.6059223413467407,0.6441589593887329,0.7119126319885254,0.8299665451049805,1.0871902704238892,1.2700796127319336],"files":["scales.webp"]},"quats":{"files":["quats.webp"]},