{"version":2,"count":542643,"means":{"mins":[-2.537706789931279,-2.7284003368725034,-1.525676814244534],"maxs":[4.2731862596430865,1.625614104944377,3.172616242846827],"files":["means_l.webp","means_u.webp"]},"scales":{"codebook":[-9.999136924743652,-9.967951774597168,-9.932985305786133,-9.896943092346191,-9.858272552490234,-9.817831993103027,-9.775591850280762,-9.731881141662598,-9.68757152557373,-9.642913818359375,-9.597542762756348,-9.552660942077637,-9.508281707763672,-9.46259593963623,-9.417470932006836,-9.373653411865234,-9.32891845703125,-9.284530639648438,-9.240077018737793,-9.195230484008789,-9.149393081665039,-9.103739738464355,-9.060308456420898,-9.015324592590332,-8.970001220703125,-8.925097465515137,-8.880022048950195,-8.834795951843262,-8.790101051330566,-8.746325492858887,-8.701481819152832,-8.657685279846191,-8.613576889038086,-8.567895889282227,-8.523157119750977,-8.477897644042969,-8.433361053466797,-8.388773918151855,-8.34410572052002,-8.298307418823242,-8.253870010375977,-8.209589004516602,-8.166492462158203,-8.12219524383545,-8.077330589294434,-8.031816482543945,-7.986223220825195,-7.941472053527832,-7.896327018737793,-7.852160453796387,-7.8070149421691895,-7.7620744705200195,-7.717771530151367,-7.6732096672058105,-7.628262042999268,-7.583486080169678,-7.5381011962890625,-7.492539882659912,-7.448297023773193,-7.404348850250244,-7.359609127044678,-7.3149261474609375,-7.269962787628174,-7.22459602355957,-7.179853439331055,-7.1353583335876465,-7.090600967407227,-7.045297145843506,-7.000253677368164,-6.955342769622803,-6.910386562347412,-6.865601539611816,-6.821255683898926,-6.776527404785156,-6.732207775115967,-6.687314510345459,-6.642368793487549,-6.597811222076416,-6.553398132324219,-6.508391857147217,-6.463574409484863,-6.4183173179626465,-6.3737640380859375,-6.329299449920654,-6.284534931182861,-6.240241527557373,-6.195525169372559,-6.1500468254089355,-6.104892730712891,-6.060222148895264,-6.015459060668945,-5.970757484436035,-5.925483703613281,-5.88102388381958,-5.836243629455566,-5.791537761688232,-5.747352600097656,-5.70459508895874,-5.663114547729492,-5.623936176300049,-5.587234973907471,-5.550509452819824,-5.51291561126709,-5.474038600921631,-5.4331278800964355,-5.389917373657227,-5.3454909324646,-5.300811767578125,-5.25617790222168,-5.211544990539551,-5.166693687438965,-5.121699810028076,-5.076714038848877,-5.032000541687012,-4.98793888092041,-4.94462251663208,-4.9032111167907715,-4.863853454589844,-4.827016830444336,-4.791353702545166,-4.754634857177734,-4.715503692626953,-4.673416614532471,-4.629781723022461,-4.585815906524658,-4.541116237640381,-4.496452331542969,-4.451949119567871,-4.407114505767822,-4.36257266998291,-4.317587852478027,-4.273064613342285,-4.229228496551514,-4.184611797332764,-4.1403727531433105,-4.096813201904297,-4.054930210113525,-4.01520299911499,-3.977721929550171,-3.9407401084899902,-3.9031879901885986,-3.8643734455108643,-3.8233213424682617,-3.7802672386169434,-3.736457109451294,-3.6919519901275635,-3.6473183631896973,-3.6022160053253174,-3.5572636127471924,-3.5122146606445312,-3.467463493347168,-3.422091245651245,-3.3764801025390625,-3.3312456607818604,-3.2869107723236084,-3.2426095008850098,-3.1980667114257812,-3.1538655757904053,-3.1098031997680664,-3.064736843109131,-3.0203616619110107,-2.9758458137512207,-2.9311609268188477,-2.8858492374420166,-2.841444492340088,-2.79654598236084,-2.7520790100097656,-2.7071592807769775,-2.6623520851135254,-2.617476224899292,-2.5732057094573975,-2.528400421142578,-2.483534574508667,-2.438188314437866,-2.3931915760040283,-2.3488306999206543,-2.304055690765381,-2.2597546577453613,-2.2159149646759033,-2.1712825298309326,-2.1266918182373047,-2.0827958583831787,-2.0397119522094727,-1.9992834329605103,-1.9516762495040894,-1.9050052165985107,-1.858734369277954,-1.8138223886489868,-1.7698073387145996,-1.7254300117492676,-1.680380940437317,-1.63559889793396,-1.5906500816345215,-1.5463509559631348,-1.5022270679473877,-1.4577876329421997,-1.4114818572998047,-1.3657466173171997,-1.3209614753723145,-1.2784075736999512,-1.234508752822876,-1.1876047849655151,-1.143388271331787,-1.1002784967422485,-1.0551832914352417,-1.0105267763137817,-0.9662026762962341,-0.9224972128868103,-0.8788689374923706,-0.8366560935974121,-0.7909777164459229,-0.7429062128067017,-0.6958951354026794,-0.6539140343666077,-0.6065195202827454,-0.5605374574661255,-0.5140042901039124,-0.46754711866378784,-0.42245912551879883,-0.3811199963092804,-0.3300073444843292,-0.28657472133636475,-0.24226818978786469,-0.20278699696063995,-0.1571664661169052,-0.11042366176843643,-0.0618811696767807,-0.01478235051035881,0.027858825400471687,0.07128889858722687,0.11392343044281006,0.15482407808303833,0.1892353743314743,0.24811191856861115,0.29648643732070923,0.33800646662712097,0.37840938568115234,0.43395736813545227,0.4655608832836151,0.5036526322364807,0.5487601161003113,0.5888771414756775,0.6330407857894897,0.7009173035621643,0.7393922209739685,0.766928493976593,0.8503039479255676,0.8648947477340698,0.9145042300224304,0.9597693681716919,1.0200719833374023,1.0623414516448975,1.120284080505371,1.1756055355072021,1.3376470804214478,1.4112125635147095],"files":["scales.webp"]},"quats":{"files":["quats.webp"]},