{"version":2,"count":630843,"means":{"mins":[-4.5687718655292855,-3.4632547044602187,-1.1306750243434398],"maxs":[1.9224568411411291,-1.576447756613462,3.223986947342767],"files":["means_l.webp","means_u.webp"]},"scales":{"codebook":[-9.999041557312012,-9.955721855163574,-9.9075927734375,-9.861013412475586,-9.813434600830078,-9.764688491821289,-9.717761039733887,-9.671568870544434,-9.626280784606934,-9.58127212524414,-9.534918785095215,-9.487696647644043,-9.44071102142334,-9.393258094787598,-9.347229957580566,-9.300970077514648,-9.254158973693848,-9.207290649414062,-9.16064453125,-9.115071296691895,-9.068778991699219,-9.022540092468262,-8.9760160446167,-8.929269790649414,-8.883225440979004,-8.835848808288574,-8.790185928344727,-8.7440824508667,-8.698139190673828,-8.651888847351074,-8.60587215423584,-8.558798789978027,-8.513516426086426,-8.466865539550781,-8.419195175170898,-8.372398376464844,-8.325851440429688,-8.278417587280273,-8.23118782043457,-8.185806274414062,-8.139493942260742,-8.09267520904541,-8.046243667602539,-7.999990940093994,-7.953718662261963,-7.907167434692383,-7.859924793243408,-7.81386661529541,-7.768121242523193,-7.722140312194824,-7.675366401672363,-7.629257678985596,-7.582151412963867,-7.534903526306152,-7.4882049560546875,-7.44104528427124,-7.395013332366943,-7.3491411209106445,-7.304172992706299,-7.2610883712768555,-7.219640731811523,-7.180729866027832,-7.14311408996582,-7.105006217956543,-7.063948631286621,-7.020382881164551,-6.9754438400268555,-6.929353713989258,-6.882900714874268,-6.836129665374756,-6.7889404296875,-6.742521286010742,-6.696539878845215,-6.650111675262451,-6.603692054748535,-6.557567596435547,-6.51127290725708,-6.464792251586914,-6.418449401855469,-6.371979236602783,-6.326162815093994,-6.280356407165527,-6.233877658843994,-6.1878180503845215,-6.141342639923096,-6.09476375579834,-6.048571586608887,-6.001911163330078,-5.955262184143066,-5.909176349639893,-5.863775253295898,-5.819525718688965,-5.777886390686035,-5.738469123840332,-5.700284004211426,-5.661540985107422,-5.621499061584473,-5.579316139221191,-5.5355730056762695,-5.489954948425293,-5.4435133934021,-5.396840572357178,-5.349935054779053,-5.3032450675964355,-5.257522106170654,-5.211545467376709,-5.164733409881592,-5.118998050689697,-5.074499607086182,-5.032003879547119,-4.9917778968811035,-4.953049182891846,-4.915306091308594,-4.876145839691162,-4.83480978012085,-4.791278839111328,-4.745917797088623,-4.699930191040039,-4.653999328613281,-4.607782363891602,-4.561544418334961,-4.514823913574219,-4.468723297119141,-4.421882629394531,-4.375611782073975,-4.329039096832275,-4.282517433166504,-4.235861778259277,-4.189231872558594,-4.143131256103516,-4.09665060043335,-4.0500311851501465,-4.003395080566406,-3.9572956562042236,-3.9115042686462402,-3.867171049118042,-3.8251473903656006,-3.7853448390960693,-3.747676134109497,-3.7092292308807373,-3.6693949699401855,-3.627546548843384,-3.583535671234131,-3.53810977935791,-3.492050886154175,-3.4454762935638428,-3.398969888687134,-3.3525187969207764,-3.305985689163208,-3.2600810527801514,-3.213406562805176,-3.1670210361480713,-3.120936393737793,-3.0748977661132812,-3.028376579284668,-2.981875419616699,-2.9348208904266357,-2.887849807739258,-2.841754913330078,-2.79673433303833,-2.754239082336426,-2.7140324115753174,-2.675912618637085,-2.6381819248199463,-2.5987870693206787,-2.557365655899048,-2.514817953109741,-2.4700419902801514,-2.4228367805480957,-2.3759584426879883,-2.3288261890411377,-2.2820024490356445,-2.236109495162964,-2.189199209213257,-2.139248847961426,-2.0912067890167236,-2.0469484329223633,-2.0067038536071777,-1.960097074508667,-1.912358283996582,-1.8652909994125366,-1.8189016580581665,-1.7714438438415527,-1.7245303392410278,-1.6784870624542236,-1.6323341131210327,-1.5863704681396484,-1.5400493144989014,-1.4929592609405518,-1.445992350578308,-1.4000844955444336,-1.3549225330352783,-1.3087117671966553,-1.2637505531311035,-1.2178410291671753,-1.171423077583313,-1.1253480911254883,-1.0778450965881348,-1.030992031097412,-0.9842604994773865,-0.9356306791305542,-0.8898299932479858,-0.8436568379402161,-0.7961488962173462,-0.7507639527320862,-0.7030982375144958,-0.6567879915237427,-0.6080224514007568,-0.5628137588500977,-0.5214289426803589,-0.47577282786369324,-0.4282382130622864,-0.381773978471756,-0.33208802342414856,-0.28433912992477417,-0.23524044454097748,-0.19462169706821442,-0.14803439378738403,-0.09982715547084808,-0.05545538291335106,-0.009754187427461147,0.03919312730431557,0.08925169706344604,0.13722167909145355,0.17611317336559296,0.21893998980522156,0.26751574873924255,0.3131992518901825,0.36211803555488586,0.4177643954753876,0.46228957176208496,0.5066061019897461,0.5541675090789795,0.6035664677619934,0.6488036513328552,0.692622721195221,0.739892303943634,0.7884297370910645,0.8405265212059021,0.8930338025093079,0.9187517166137695,0.9686214327812195,1.0166549682617188,1.0670796632766724,1.1153106689453125,1.1554408073425293,1.2090601921081543,1.2381095886230469,1.2701940536499023,1.3332395553588867,1.3842298984527588,1.4766504764556885,1.5684560537338257,1.6114503145217896,1.7249610424041748,1.8558549880981445],"files":["scales.webp"]},"quats":{"files":["quats.webp"]},