{"version":2,"count":535977,"means":{"mins":[-3.0287201949024847,-3.270987971069384,-2.087062387262739],"maxs":[0.6212208511161251,-1.4271024128244394,1.2320000833936837],"files":["means_l.webp","means_u.webp"]},"scales":{"codebook":[-9.998311996459961,-9.968759536743164,-9.921920776367188,-9.873920440673828,-9.828651428222656,-9.785795211791992,-9.742278099060059,-9.698089599609375,-9.65416145324707,-9.610841751098633,-9.567146301269531,-9.523964881896973,-9.479645729064941,-9.436476707458496,-9.393400192260742,-9.34884262084961,-9.30630874633789,-9.264753341674805,-9.220975875854492,-9.177766799926758,-9.133291244506836,-9.089210510253906,-9.045554161071777,-9.003399848937988,-8.960299491882324,-8.917119979858398,-8.873676300048828,-8.830118179321289,-8.787416458129883,-8.745689392089844,-8.703534126281738,-8.659563064575195,-8.61463737487793,-8.570067405700684,-8.527283668518066,-8.483236312866211,-8.440577507019043,-8.39816951751709,-8.354734420776367,-8.311532020568848,-8.268691062927246,-8.22563362121582,-8.182438850402832,-8.139236450195312,-8.095829963684082,-8.051536560058594,-8.009366035461426,-7.965221881866455,-7.920650959014893,-7.8783278465271,-7.835085868835449,-7.791720867156982,-7.748880863189697,-7.707732677459717,-7.668339729309082,-7.630841255187988,-7.59466552734375,-7.558766841888428,-7.521976470947266,-7.483177185058594,-7.442811965942383,-7.4007062911987305,-7.357687950134277,-7.313924312591553,-7.271652698516846,-7.228356838226318,-7.185786247253418,-7.144039630889893,-7.103991985321045,-7.065329074859619,-7.028266906738281,-6.992580890655518,-6.956846237182617,-6.919723987579346,-6.880164623260498,-6.837845325469971,-6.794551849365234,-6.752188682556152,-6.709519863128662,-6.666643142700195,-6.623656749725342,-6.580052375793457,-6.535876274108887,-6.491666316986084,-6.448177814483643,-6.404872894287109,-6.361546993255615,-6.317656993865967,-6.274186611175537,-6.231462478637695,-6.188784599304199,-6.146090507507324,-6.103312969207764,-6.060214519500732,-6.01727294921875,-5.973815441131592,-5.929672718048096,-5.885817050933838,-5.842311382293701,-5.799118995666504,-5.755281925201416,-5.712445259094238,-5.669327735900879,-5.626594066619873,-5.5846099853515625,-5.544147491455078,-5.50541353225708,-5.46828031539917,-5.432997226715088,-5.397360801696777,-5.360262393951416,-5.320933818817139,-5.2800068855285645,-5.237663745880127,-5.194456100463867,-5.1516265869140625,-5.108736991882324,-5.06554651260376,-5.022075176239014,-4.9785566329956055,-4.935145378112793,-4.891781806945801,-4.8485798835754395,-4.805472373962402,-4.762057781219482,-4.718614101409912,-4.675759792327881,-4.632303714752197,-4.588813304901123,-4.545676231384277,-4.502499580383301,-4.459007740020752,-4.415205001831055,-4.3719682693481445,-4.329463005065918,-4.2870941162109375,-4.24392032623291,-4.200541019439697,-4.1569929122924805,-4.113866806030273,-4.070518493652344,-4.02733850479126,-3.9838407039642334,-3.940645694732666,-3.8970611095428467,-3.8539228439331055,-3.810620069503784,-3.7672572135925293,-3.72394061088562,-3.6809704303741455,-3.6380467414855957,-3.595127582550049,-3.551633358001709,-3.5081558227539062,-3.4646754264831543,-3.4208786487579346,-3.378037929534912,-3.334646463394165,-3.291224718093872,-3.247636318206787,-3.204402208328247,-3.161045789718628,-3.118197202682495,-3.075444221496582,-3.0329549312591553,-2.989647626876831,-2.9465160369873047,-2.905095100402832,-2.8646340370178223,-2.8267667293548584,-2.790771245956421,-2.755295515060425,-2.7198920249938965,-2.6820993423461914,-2.6419601440429688,-2.600106954574585,-2.556790590286255,-2.5140316486358643,-2.471097230911255,-2.427164316177368,-2.3833866119384766,-2.339846611022949,-2.2968502044677734,-2.2527711391448975,-2.2096760272979736,-2.1674396991729736,-2.125608444213867,-2.082944869995117,-2.03971266746521,-1.994954228401184,-1.951993703842163,-1.9082236289978027,-1.8645951747894287,-1.8199448585510254,-1.7763924598693848,-1.7335313558578491,-1.6906914710998535,-1.646414041519165,-1.6024543046951294,-1.558107852935791,-1.514150857925415,-1.4723305702209473,-1.429164171218872,-1.3882219791412354,-1.345117211341858,-1.3018193244934082,-1.2587690353393555,-1.2154031991958618,-1.168110728263855,-1.122800588607788,-1.081989049911499,-1.041692852973938,-1.0001951456069946,-0.9571457505226135,-0.9138814806938171,-0.8724467754364014,-0.8298918008804321,-0.7859753966331482,-0.7436637878417969,-0.7025651335716248,-0.6606228351593018,-0.6154993772506714,-0.5729328393936157,-0.5283726453781128,-0.4885067939758301,-0.4441731870174408,-0.3935016393661499,-0.3449619710445404,-0.3009692430496216,-0.259506493806839,-0.21323925256729126,-0.16603507101535797,-0.1273779422044754,-0.0918554738163948,-0.05321826413273811,-0.00015221098146867007,0.04712802916765213,0.08826721459627151,0.1356135457754135,0.15930414199829102,0.21455851197242737,0.2600775957107544,0.31181296706199646,0.3396344482898712,0.39347800612449646,0.42862915992736816,0.4797949194908142,0.5192979574203491,0.5479661226272583,0.5844968557357788,0.6485283374786377,0.6980792284011841,0.7771976590156555,0.8139597773551941,0.9132116436958313,1.0386366844177246],"files":["scales.webp"]},"quats":{"files":["quats.webp"]},