{"version":2,"count":291159,"means":{"mins":[-7.5847856691352815,-7.5988444962195,-6.925536798310804],"maxs":[7.589005555167607,7.5876708362151595,7.599615254495888],"files":["means_l.webp","means_u.webp"]},"scales":{"codebook":[-9.998736381530762,-9.956825256347656,-9.897727966308594,-9.836512565612793,-9.774645805358887,-9.714215278625488,-9.653233528137207,-9.59424877166748,-9.536986351013184,-9.477954864501953,-9.419445991516113,-9.361976623535156,-9.304817199707031,-9.247601509094238,-9.189422607421875,-9.130979537963867,-9.072925567626953,-9.013477325439453,-8.953984260559082,-8.89537525177002,-8.836095809936523,-8.77780532836914,-8.722009658813477,-8.66621208190918,-8.607953071594238,-8.547869682312012,-8.488262176513672,-8.42981243133545,-8.373311996459961,-8.317007064819336,-8.258516311645508,-8.201537132263184,-8.144012451171875,-8.085864067077637,-8.02660083770752,-7.969613552093506,-7.911337852478027,-7.853105545043945,-7.795783519744873,-7.7374420166015625,-7.67927360534668,-7.6199049949646,-7.562148094177246,-7.504499435424805,-7.445263862609863,-7.387601852416992,-7.330964088439941,-7.272090911865234,-7.21276330947876,-7.155447006225586,-7.096658706665039,-7.038710594177246,-6.977906703948975,-6.917893886566162,-6.860950469970703,-6.80502986907959,-6.747720241546631,-6.689327716827393,-6.632585525512695,-6.575781345367432,-6.516826152801514,-6.457417011260986,-6.3996429443359375,-6.342807292938232,-6.286479473114014,-6.228445529937744,-6.168949604034424,-6.108926773071289,-6.050134181976318,-5.993175506591797,-5.93546199798584,-5.877440452575684,-5.821219444274902,-5.763569355010986,-5.703864574432373,-5.644496440887451,-5.585263729095459,-5.52606201171875,-5.466037273406982,-5.410004138946533,-5.352809429168701,-5.29459810256958,-5.23667049407959,-5.177225112915039,-5.1198320388793945,-5.0620269775390625,-5.004106044769287,-4.946628570556641,-4.889798641204834,-4.831915855407715,-4.773837566375732,-4.717343807220459,-4.659485816955566,-4.600056171417236,-4.5420613288879395,-4.4818115234375,-4.4231767654418945,-4.3646240234375,-4.30618953704834,-4.248234748840332,-4.1904473304748535,-4.133241176605225,-4.07493257522583,-4.017589092254639,-3.9601476192474365,-3.9021289348602295,-3.844040870666504,-3.7858805656433105,-3.7277419567108154,-3.669668674468994,-3.61153244972229,-3.553828001022339,-3.495131492614746,-3.436793804168701,-3.380465030670166,-3.326076030731201,-3.274529218673706,-3.225890636444092,-3.178881883621216,-3.1308035850524902,-3.0801894664764404,-3.027071952819824,-2.9714977741241455,-2.9138119220733643,-2.856234312057495,-2.7982330322265625,-2.7411677837371826,-2.683213472366333,-2.625049591064453,-2.5668718814849854,-2.5092079639434814,-2.4518227577209473,-2.393780469894409,-2.335466146469116,-2.277092695236206,-2.218006134033203,-2.1592187881469727,-2.101722002029419,-2.0492186546325684,-2.0045855045318604,-1.9422343969345093,-1.879171371459961,-1.818339467048645,-1.7582371234893799,-1.698729395866394,-1.6404272317886353,-1.5822067260742188,-1.5241968631744385,-1.466355800628662,-1.4072308540344238,-1.3488737344741821,-1.2909647226333618,-1.2339751720428467,-1.1754188537597656,-1.1176120042800903,-1.0594031810760498,-1.0016001462936401,-0.9440200924873352,-0.8864368796348572,-0.8279741406440735,-0.7700685858726501,-0.711374819278717,-0.6525605320930481,-0.5944061875343323,-0.5370118618011475,-0.4803306460380554,-0.4224851131439209,-0.36397889256477356,-0.30762943625450134,-0.24990278482437134,-0.1904461532831192,-0.13326063752174377,-0.07501183450222015,-0.016647737473249435,0.03970110043883324,0.09979907423257828,0.15915384888648987,0.21703989803791046,0.2742263674736023,0.3317878246307373,0.39058688282966614,0.44534939527511597,0.4998711943626404,0.5606874227523804,0.6206262707710266,0.6765573620796204,0.7367216348648071,0.7975370287895203,0.8567181825637817,0.9158329963684082,0.9734150767326355,1.0334631204605103,1.0919017791748047,1.14705491065979,1.2038702964782715,1.26063072681427,1.3214046955108643,1.3775895833969116,1.4384766817092896,1.5011051893234253,1.5623407363891602,1.6198660135269165,1.676810383796692,1.7338567972183228,1.7905489206314087,1.8459745645523071,1.9031482934951782,1.9602457284927368,2.020928382873535,2.0780444145202637,2.136737585067749,2.1957943439483643,2.2545766830444336,2.312295913696289,2.368342399597168,2.425306558609009,2.4820668697357178,2.537431478500366,2.598576784133911,2.658571481704712,2.7169225215911865,2.7734179496765137,2.830862522125244,2.8886349201202393,2.945775032043457,2.9995996952056885,3.0576436519622803,3.1129486560821533,3.1744611263275146,3.232835292816162,3.2920632362365723,3.3490099906921387,3.4073760509490967,3.4625563621520996,3.521564483642578,3.5791656970977783,3.6336395740509033,3.6925742626190186,3.751929521560669,3.812818765640259,3.865269899368286,3.9196643829345703,3.9778997898101807,4.0408406257629395,4.103883743286133,4.158864974975586,4.210711479187012,4.267092227935791,4.322843551635742,4.3766021728515625,4.4156951904296875,4.505901336669922,4.547693252563477,4.634157657623291,4.697977066040039,4.80095100402832],"files":["scales.webp"]},"quats":{"files":["quats.webp"]},