{"version":2,"count":157543,"means":{"mins":[-0.47103877615329914,-3.0122929368278353,0.7956362902772955],"maxs":[7.560914200924568,7.5135496046887615,7.599615254495888],"files":["means_l.webp","means_u.webp"]},"scales":{"codebook":[-9.998841285705566,-9.943785667419434,-9.884176254272461,-9.825203895568848,-9.767210960388184,-9.710795402526855,-9.654316902160645,-9.595300674438477,-9.535743713378906,-9.477147102355957,-9.420202255249023,-9.363056182861328,-9.3062105178833,-9.246493339538574,-9.188375473022461,-9.129344940185547,-9.068968772888184,-9.009071350097656,-8.952320098876953,-8.89423942565918,-8.83648681640625,-8.777545928955078,-8.721940994262695,-8.665741920471191,-8.606313705444336,-8.547711372375488,-8.488707542419434,-8.431285858154297,-8.372737884521484,-8.315438270568848,-8.259875297546387,-8.202776908874512,-8.144476890563965,-8.084224700927734,-8.023624420166016,-7.964341163635254,-7.9072675704956055,-7.849828243255615,-7.793240547180176,-7.734577655792236,-7.676717281341553,-7.618546485900879,-7.560461044311523,-7.502086639404297,-7.4448418617248535,-7.387697219848633,-7.331506729125977,-7.274794101715088,-7.2152910232543945,-7.157434940338135,-7.0984673500061035,-7.040064811706543,-6.982173919677734,-6.923579216003418,-6.866145133972168,-6.808213710784912,-6.748327255249023,-6.6907219886779785,-6.633571624755859,-6.576894283294678,-6.518762111663818,-6.460729598999023,-6.403463363647461,-6.346142292022705,-6.287789344787598,-6.227611064910889,-6.1678547859191895,-6.107857704162598,-6.050243377685547,-5.993913173675537,-5.935908794403076,-5.877426624298096,-5.818866729736328,-5.760933876037598,-5.703439235687256,-5.646666526794434,-5.589283466339111,-5.530523300170898,-5.471587657928467,-5.414486885070801,-5.356452465057373,-5.297760486602783,-5.240589141845703,-5.183337688446045,-5.125669002532959,-5.071013450622559,-5.018955707550049,-4.970551490783691,-4.922769069671631,-4.874298572540283,-4.824875831604004,-4.771219253540039,-4.715793132781982,-4.659947872161865,-4.6007843017578125,-4.542530536651611,-4.485106468200684,-4.425661563873291,-4.36634635925293,-4.307991981506348,-4.250777721405029,-4.193243503570557,-4.134619235992432,-4.076665878295898,-4.0196757316589355,-3.962333917617798,-3.9027931690216064,-3.844615936279297,-3.7863314151763916,-3.7282254695892334,-3.6706655025482178,-3.6135168075561523,-3.5586023330688477,-3.5068650245666504,-3.4575648307800293,-3.410207986831665,-3.3634917736053467,-3.315392017364502,-3.2663567066192627,-3.217679262161255,-3.1700499057769775,-3.126877546310425,-3.086545705795288,-3.047485113143921,-3.0064566135406494,-2.9620766639709473,-2.9132773876190186,-2.860126256942749,-2.8036153316497803,-2.745744228363037,-2.687394142150879,-2.6300406455993652,-2.5729570388793945,-2.5148403644561768,-2.4561874866485596,-2.3976995944976807,-2.339233875274658,-2.281787633895874,-2.223853588104248,-2.1667208671569824,-2.1086432933807373,-2.052773952484131,-2.0035035610198975,-1.941697359085083,-1.881915807723999,-1.822768211364746,-1.7664884328842163,-1.70864737033844,-1.6499204635620117,-1.5926481485366821,-1.5364094972610474,-1.4843838214874268,-1.4339654445648193,-1.3847631216049194,-1.3351047039031982,-1.2840474843978882,-1.2336024045944214,-1.1813887357711792,-1.1256744861602783,-1.0664076805114746,-1.007341742515564,-0.9474145770072937,-0.8910161852836609,-0.832461953163147,-0.773505687713623,-0.7179797291755676,-0.6603866815567017,-0.6036263108253479,-0.5429688096046448,-0.4844886362552643,-0.4271482229232788,-0.3663898706436157,-0.3084312081336975,-0.24821121990680695,-0.1903049796819687,-0.13094206154346466,-0.07038173079490662,-0.012457367964088917,0.03995385020971298,0.09316534548997879,0.15151244401931763,0.20527169108390808,0.26856592297554016,0.32792189717292786,0.3846379816532135,0.43998971581459045,0.49063438177108765,0.5470638275146484,0.6199033260345459,0.6901814937591553,0.7453337907791138,0.7956345677375793,0.8564925789833069,0.9209950566291809,0.9811469316482544,1.0304508209228516,1.0840915441513062,1.1474839448928833,1.19803786277771,1.258730173110962,1.3143879175186157,1.3746134042739868,1.4389022588729858,1.503552794456482,1.5619614124298096,1.6129502058029175,1.6654882431030273,1.7226438522338867,1.7787367105484009,1.8335093259811401,1.891570806503296,1.9559813737869263,2.016648292541504,2.0745577812194824,2.1353650093078613,2.195103406906128,2.247662305831909,2.3081836700439453,2.3608205318450928,2.419909954071045,2.4811148643493652,2.53891921043396,2.5955893993377686,2.652810573577881,2.713209867477417,2.7719216346740723,2.8287429809570312,2.8861243724823,2.9421136379241943,2.996790885925293,3.05570912361145,3.110762596130371,3.1696791648864746,3.2267532348632812,3.283675193786621,3.3444225788116455,3.4091262817382812,3.46769380569458,3.524613618850708,3.580158233642578,3.636018753051758,3.68935489654541,3.7654781341552734,3.823209285736084,3.874202251434326,3.9209372997283936,3.9817631244659424,4.0457000732421875,4.114840984344482,4.140216827392578,4.225738048553467,4.274747848510742,4.327367782592773,4.42213773727417,4.511288642883301,4.798471450805664],"files":["scales.webp"]},"quats":{"files":["quats.webp"]},